strategy,symbol,signal_date,execution_date,state,base_amount,extra_amount,crash_fund_amount,final_amount,reason_codes,planned_normal,planned_crash,total_planned,unallocated_cash
dca_l2_v2,BYDDY,2021-06-07,2021-06-08,normal,22.5,0.0,0.0,22.5,[],,,,
dca_l2_v2,MSFT,2021-06-07,2021-06-08,normal,16.5,0.0,0.0,16.5,[],,,,
dca_l2_v2,NVDA,2021-06-07,2021-06-08,normal,13.5,0.0,0.0,13.5,[],,,,
dca_l2_v2,AAPL,2021-06-07,2021-06-08,normal,11.25,0.0,0.0,11.25,[],,,,
dca_l2_v2,ASML,2021-06-07,2021-06-08,normal,7.5,0.0,0.0,7.5,[],,,,
dca_l2_v2,KO,2021-06-07,2021-06-08,normal,3.75,0.0,0.0,3.75,[],,,,
dca_l2_v2_portfolio,PORTFOLIO,2021-06-07,2021-06-08,,,,,,,75.0,0.0,75.0,325.0
dca_l2_v2,BYDDY,2021-06-14,2021-06-15,normal,22.5,0.0,0.0,22.5,[],,,,
dca_l2_v2,MSFT,2021-06-14,2021-06-15,normal,16.5,0.0,0.0,16.5,[],,,,
dca_l2_v2,NVDA,2021-06-14,2021-06-15,normal,13.5,0.0,0.0,13.5,[],,,,
dca_l2_v2,AAPL,2021-06-14,2021-06-15,normal,11.25,0.0,0.0,11.25,[],,,,
dca_l2_v2,ASML,2021-06-14,2021-06-15,normal,7.5,0.0,0.0,7.5,[],,,,
dca_l2_v2,KO,2021-06-14,2021-06-15,normal,3.75,0.0,0.0,3.75,[],,,,
dca_l2_v2_portfolio,PORTFOLIO,2021-06-14,2021-06-15,,,,,,,75.0,0.0,75.0,250.0
dca_l2_v2,BYDDY,2021-06-21,2021-06-22,normal,22.5,0.0,0.0,22.5,['PORTFOLIO_CASH_CAP_APPLIED'],,,,
dca_l2_v2,MSFT,2021-06-21,2021-06-22,normal,16.5,0.0,0.0,16.5,['PORTFOLIO_CASH_CAP_APPLIED'],,,,
dca_l2_v2,NVDA,2021-06-21,2021-06-22,normal,13.5,0.0,0.0,13.5,['PORTFOLIO_CASH_CAP_APPLIED'],,,,
dca_l2_v2,AAPL,2021-06-21,2021-06-22,normal,11.25,0.0,0.0,11.25,['PORTFOLIO_CASH_CAP_APPLIED'],,,,
dca_l2_v2,ASML,2021-06-21,2021-06-22,normal,7.5,0.0,0.0,7.5,['PORTFOLIO_CASH_CAP_APPLIED'],,,,
dca_l2_v2,KO,2021-06-21,2021-06-22,normal,3.75,0.0,0.0,3.75,['PORTFOLIO_CASH_CAP_APPLIED'],,,,
dca_l2_v2_portfolio,PORTFOLIO,2021-06-21,2021-06-22,,,,,,,74.96,0.0,74.96,175.04
dca_l2_v2,BYDDY,2021-06-28,2021-06-29,normal,22.5,0.0,0.0,22.5,['PORTFOLIO_CASH_CAP_APPLIED'],,,,
dca_l2_v2,MSFT,2021-06-28,2021-06-29,normal,16.5,0.0,0.0,16.5,['PORTFOLIO_CASH_CAP_APPLIED'],,,,
dca_l2_v2,NVDA,2021-06-28,2021-06-29,normal,13.5,0.0,0.0,13.5,['PORTFOLIO_CASH_CAP_APPLIED'],,,,
dca_l2_v2,AAPL,2021-06-28,2021-06-29,normal,11.25,0.0,0.0,11.25,['PORTFOLIO_CASH_CAP_APPLIED'],,,,
dca_l2_v2,ASML,2021-06-28,2021-06-29,normal,7.5,0.0,0.0,7.5,['PORTFOLIO_CASH_CAP_APPLIED'],,,,
dca_l2_v2,KO,2021-06-28,2021-06-29,normal,3.75,0.0,0.0,3.75,['PORTFOLIO_CASH_CAP_APPLIED'],,,,
dca_l2_v2_portfolio,PORTFOLIO,2021-06-28,2021-06-29,,,,,,,52.44,0.0,52.44,122.6
dca_l2_v2,BYDDY,2021-07-02,2021-07-06,small_drawdown,22.5,1.19,0.0,23.69,['EXTRA_DIP_BUY'],,,,
dca_l2_v2,MSFT,2021-07-02,2021-07-06,normal,16.5,0.0,0.0,16.5,[],,,,
dca_l2_v2,NVDA,2021-07-02,2021-07-06,normal,13.5,0.0,0.0,13.5,[],,,,
dca_l2_v2,AAPL,2021-07-02,2021-07-06,normal,11.25,0.0,0.0,11.25,[],,,,
dca_l2_v2,ASML,2021-07-02,2021-07-06,normal,7.5,0.0,0.0,7.5,[],,,,
dca_l2_v2,KO,2021-07-02,2021-07-06,normal,3.75,0.0,0.0,3.75,[],,,,
dca_l2_v2_portfolio,PORTFOLIO,2021-07-02,2021-07-06,,,,,,,76.19,0.0,76.19,323.81
dca_l2_v2,BYDDY,2021-07-12,2021-07-13,normal,22.5,0.0,0.0,22.5,[],,,,
dca_l2_v2,MSFT,2021-07-12,2021-07-13,normal,16.5,0.0,0.0,16.5,[],,,,
dca_l2_v2,NVDA,2021-07-12,2021-07-13,normal,13.5,0.0,0.0,13.5,[],,,,
dca_l2_v2,AAPL,2021-07-12,2021-07-13,normal,11.25,0.0,0.0,11.25,[],,,,
dca_l2_v2,ASML,2021-07-12,2021-07-13,normal,7.5,0.0,0.0,7.5,[],,,,
dca_l2_v2,KO,2021-07-12,2021-07-13,normal,3.75,0.0,0.0,3.75,[],,,,
dca_l2_v2_portfolio,PORTFOLIO,2021-07-12,2021-07-13,,,,,,,75.0,0.0,75.0,248.81
dca_l2_v2,BYDDY,2021-07-19,2021-07-20,medium_drawdown,22.5,3.8,0.0,26.3,['EXTRA_DIP_BUY'],,,,
dca_l2_v2,MSFT,2021-07-19,2021-07-20,normal,16.5,0.0,0.0,16.5,[],,,,
dca_l2_v2,NVDA,2021-07-19,2021-07-20,small_drawdown,13.5,1.44,0.0,14.94,['EXTRA_DIP_BUY'],,,,
dca_l2_v2,AAPL,2021-07-19,2021-07-20,normal,11.25,0.0,0.0,11.25,[],,,,
dca_l2_v2,ASML,2021-07-19,2021-07-20,normal,7.5,0.0,0.0,7.5,[],,,,
dca_l2_v2,KO,2021-07-19,2021-07-20,normal,3.75,0.0,0.0,3.75,[],,,,
dca_l2_v2_portfolio,PORTFOLIO,2021-07-19,2021-07-20,,,,,,,80.24,0.0,80.24,168.57
dca_l2_v2,BYDDY,2021-07-26,2021-07-27,small_drawdown,22.5,2.43,0.0,24.93,"['EXTRA_DIP_BUY', 'NORMAL_POOL_BASE_BUDGET_APPLIED', 'NORMAL_POOL_EXTRA_BUDGET_APPLIED']",,,,
dca_l2_v2,MSFT,2021-07-26,2021-07-27,normal,16.5,0.0,0.0,16.5,"['NORMAL_POOL_BASE_BUDGET_APPLIED', 'NORMAL_POOL_EXTRA_BUDGET_APPLIED']",,,,
dca_l2_v2,NVDA,2021-07-26,2021-07-27,small_drawdown,13.5,0.6,0.0,14.1,"['EXTRA_DIP_BUY', 'NORMAL_POOL_BASE_BUDGET_APPLIED', 'NORMAL_POOL_EXTRA_BUDGET_APPLIED']",,,,
dca_l2_v2,AAPL,2021-07-26,2021-07-27,normal,11.25,0.0,0.0,11.25,"['NORMAL_POOL_BASE_BUDGET_APPLIED', 'NORMAL_POOL_EXTRA_BUDGET_APPLIED']",,,,
dca_l2_v2,ASML,2021-07-26,2021-07-27,normal,7.5,0.0,0.0,7.5,"['NORMAL_POOL_BASE_BUDGET_APPLIED', 'NORMAL_POOL_EXTRA_BUDGET_APPLIED']",,,,
dca_l2_v2,KO,2021-07-26,2021-07-27,normal,3.75,0.0,0.0,3.75,"['NORMAL_POOL_BASE_BUDGET_APPLIED', 'NORMAL_POOL_EXTRA_BUDGET_APPLIED']",,,,
dca_l2_v2_portfolio,PORTFOLIO,2021-07-26,2021-07-27,,,,,,,68.58,0.0,68.58,99.99
dca_l2_v2,BYDDY,2021-08-02,2021-08-03,normal,18.0,0.0,0.0,18.0,[],,,,
dca_l2_v2,MSFT,2021-08-02,2021-08-03,normal,13.2,0.0,0.0,13.2,[],,,,
dca_l2_v2,NVDA,2021-08-02,2021-08-03,normal,10.8,0.0,0.0,10.8,[],,,,
dca_l2_v2,AAPL,2021-08-02,2021-08-03,normal,9.0,0.0,0.0,9.0,[],,,,
dca_l2_v2,ASML,2021-08-02,2021-08-03,normal,6.0,0.0,0.0,6.0,[],,,,
dca_l2_v2,KO,2021-08-02,2021-08-03,normal,3.0,0.0,0.0,3.0,[],,,,
dca_l2_v2_portfolio,PORTFOLIO,2021-08-02,2021-08-03,,,,,,,60.0,0.0,60.0,340.0
dca_l2_v2,BYDDY,2021-08-09,2021-08-10,normal,18.0,0.0,0.0,18.0,[],,,,
dca_l2_v2,MSFT,2021-08-09,2021-08-10,normal,13.2,0.0,0.0,13.2,[],,,,
dca_l2_v2,NVDA,2021-08-09,2021-08-10,normal,10.8,0.0,0.0,10.8,[],,,,
dca_l2_v2,AAPL,2021-08-09,2021-08-10,normal,9.0,0.0,0.0,9.0,[],,,,
dca_l2_v2,ASML,2021-08-09,2021-08-10,normal,6.0,0.0,0.0,6.0,[],,,,
dca_l2_v2,KO,2021-08-09,2021-08-10,normal,3.0,0.0,0.0,3.0,[],,,,
dca_l2_v2_portfolio,PORTFOLIO,2021-08-09,2021-08-10,,,,,,,60.0,0.0,60.0,280.0
dca_l2_v2,BYDDY,2021-08-16,2021-08-17,medium_drawdown,18.0,2.28,0.0,20.28,['EXTRA_DIP_BUY'],,,,
dca_l2_v2,MSFT,2021-08-16,2021-08-17,normal,13.2,0.0,0.0,13.2,[],,,,
dca_l2_v2,NVDA,2021-08-16,2021-08-17,normal,10.8,0.0,0.0,10.8,[],,,,
dca_l2_v2,AAPL,2021-08-16,2021-08-17,normal,9.0,0.0,0.0,9.0,[],,,,
dca_l2_v2,ASML,2021-08-16,2021-08-17,normal,6.0,0.0,0.0,6.0,[],,,,
dca_l2_v2,KO,2021-08-16,2021-08-17,normal,3.0,0.0,0.0,3.0,[],,,,
dca_l2_v2_portfolio,PORTFOLIO,2021-08-16,2021-08-17,,,,,,,62.28,0.0,62.28,217.72
dca_l2_v2,BYDDY,2021-08-23,2021-08-24,normal,18.0,0.0,0.0,18.0,[],,,,
dca_l2_v2,MSFT,2021-08-23,2021-08-24,normal,13.2,0.0,0.0,13.2,[],,,,
dca_l2_v2,NVDA,2021-08-23,2021-08-24,normal,10.8,0.0,0.0,10.8,[],,,,
dca_l2_v2,AAPL,2021-08-23,2021-08-24,normal,9.0,0.0,0.0,9.0,[],,,,
dca_l2_v2,ASML,2021-08-23,2021-08-24,normal,6.0,0.0,0.0,6.0,[],,,,
dca_l2_v2,KO,2021-08-23,2021-08-24,normal,3.0,0.0,0.0,3.0,[],,,,
dca_l2_v2_portfolio,PORTFOLIO,2021-08-23,2021-08-24,,,,,,,60.0,0.0,60.0,157.72
dca_l2_v2,BYDDY,2021-08-30,2021-08-31,small_drawdown,18.0,0.59,0.0,18.59,"['EXTRA_DIP_BUY', 'NORMAL_POOL_BASE_BUDGET_APPLIED', 'NORMAL_POOL_EXTRA_BUDGET_APPLIED']",,,,
dca_l2_v2,MSFT,2021-08-30,2021-08-31,normal,13.2,0.0,0.0,13.2,"['NORMAL_POOL_BASE_BUDGET_APPLIED', 'NORMAL_POOL_EXTRA_BUDGET_APPLIED']",,,,
dca_l2_v2,NVDA,2021-08-30,2021-08-31,normal,10.8,0.0,0.0,10.8,"['NORMAL_POOL_BASE_BUDGET_APPLIED', 'NORMAL_POOL_EXTRA_BUDGET_APPLIED']",,,,
dca_l2_v2,AAPL,2021-08-30,2021-08-31,normal,9.0,0.0,0.0,9.0,"['NORMAL_POOL_BASE_BUDGET_APPLIED', 'NORMAL_POOL_EXTRA_BUDGET_APPLIED']",,,,
dca_l2_v2,ASML,2021-08-30,2021-08-31,normal,6.0,0.0,0.0,6.0,"['NORMAL_POOL_BASE_BUDGET_APPLIED', 'NORMAL_POOL_EXTRA_BUDGET_APPLIED']",,,,
dca_l2_v2,KO,2021-08-30,2021-08-31,normal,3.0,0.0,0.0,3.0,"['NORMAL_POOL_BASE_BUDGET_APPLIED', 'NORMAL_POOL_EXTRA_BUDGET_APPLIED']",,,,
dca_l2_v2_portfolio,PORTFOLIO,2021-08-30,2021-08-31,,,,,,,57.73,0.0,57.73,99.99
dca_l2_v2,BYDDY,2021-09-03,2021-09-07,small_drawdown,22.5,2.0,0.0,24.5,['EXTRA_DIP_BUY'],,,,
dca_l2_v2,MSFT,2021-09-03,2021-09-07,normal,16.5,0.0,0.0,16.5,[],,,,
dca_l2_v2,NVDA,2021-09-03,2021-09-07,normal,13.5,0.0,0.0,13.5,[],,,,
dca_l2_v2,AAPL,2021-09-03,2021-09-07,normal,11.25,0.0,0.0,11.25,[],,,,
dca_l2_v2,ASML,2021-09-03,2021-09-07,normal,7.5,0.0,0.0,7.5,[],,,,
dca_l2_v2,KO,2021-09-03,2021-09-07,normal,3.75,0.0,0.0,3.75,[],,,,
dca_l2_v2_portfolio,PORTFOLIO,2021-09-03,2021-09-07,,,,,,,77.0,0.0,77.0,323.0
dca_l2_v2,BYDDY,2021-09-13,2021-09-14,small_drawdown,22.5,1.61,0.0,24.11,['EXTRA_DIP_BUY'],,,,
dca_l2_v2,MSFT,2021-09-13,2021-09-14,normal,16.5,0.0,0.0,16.5,[],,,,
dca_l2_v2,NVDA,2021-09-13,2021-09-14,normal,13.5,0.0,0.0,13.5,[],,,,
dca_l2_v2,AAPL,2021-09-13,2021-09-14,normal,11.25,0.0,0.0,11.25,[],,,,
dca_l2_v2,ASML,2021-09-13,2021-09-14,normal,7.5,0.0,0.0,7.5,[],,,,
dca_l2_v2,KO,2021-09-13,2021-09-14,normal,3.75,0.0,0.0,3.75,[],,,,
dca_l2_v2_portfolio,PORTFOLIO,2021-09-13,2021-09-14,,,,,,,76.61,0.0,76.61,246.39
dca_l2_v2,BYDDY,2021-09-20,2021-09-21,panic_bear_extreme_volatility,11.25,0.0,0.0,11.25,['DEFENSIVE_BASE_50'],,,,
dca_l2_v2,MSFT,2021-09-20,2021-09-21,panic_bear_extreme_volatility,8.25,0.0,0.0,8.25,['DEFENSIVE_BASE_50'],,,,
dca_l2_v2,NVDA,2021-09-20,2021-09-21,panic_bear_extreme_volatility,6.75,0.0,0.0,6.75,['DEFENSIVE_BASE_50'],,,,
dca_l2_v2,AAPL,2021-09-20,2021-09-21,panic_bear_extreme_volatility,5.63,0.0,0.0,5.63,['DEFENSIVE_BASE_50'],,,,
dca_l2_v2,ASML,2021-09-20,2021-09-21,panic_bear_extreme_volatility,3.75,0.0,0.0,3.75,['DEFENSIVE_BASE_50'],,,,
dca_l2_v2,KO,2021-09-20,2021-09-21,panic_bear_extreme_volatility,1.88,0.0,0.0,1.88,['DEFENSIVE_BASE_50'],,,,
dca_l2_v2_portfolio,PORTFOLIO,2021-09-20,2021-09-21,,,,,,,37.51,0.0,37.51,208.88
dca_l2_v2,BYDDY,2021-09-27,2021-09-28,panic_bear_extreme_volatility,11.25,0.0,0.0,11.25,['RECOVERY_LATCH_ACTIVE'],,,,
dca_l2_v2,MSFT,2021-09-27,2021-09-28,panic_bear_extreme_volatility,8.25,0.0,0.0,8.25,['RECOVERY_LATCH_ACTIVE'],,,,
dca_l2_v2,NVDA,2021-09-27,2021-09-28,panic_bear_extreme_volatility,6.75,0.0,0.0,6.75,['RECOVERY_LATCH_ACTIVE'],,,,
dca_l2_v2,AAPL,2021-09-27,2021-09-28,panic_bear_extreme_volatility,5.63,0.0,0.0,5.63,['RECOVERY_LATCH_ACTIVE'],,,,
dca_l2_v2,ASML,2021-09-27,2021-09-28,panic_bear_extreme_volatility,3.75,0.0,0.0,3.75,['RECOVERY_LATCH_ACTIVE'],,,,
dca_l2_v2,KO,2021-09-27,2021-09-28,panic_bear_extreme_volatility,1.88,0.0,0.0,1.88,['RECOVERY_LATCH_ACTIVE'],,,,
dca_l2_v2_portfolio,PORTFOLIO,2021-09-27,2021-09-28,,,,,,,37.51,0.0,37.51,171.37
dca_l2_v2,BYDDY,2021-10-04,2021-10-05,panic_bear_extreme_volatility,11.25,0.0,0.0,11.25,['DEFENSIVE_BASE_50'],,,,
dca_l2_v2,MSFT,2021-10-04,2021-10-05,panic_bear_extreme_volatility,8.25,0.0,0.0,8.25,['DEFENSIVE_BASE_50'],,,,
dca_l2_v2,NVDA,2021-10-04,2021-10-05,panic_bear_extreme_volatility,6.75,0.0,0.0,6.75,['DEFENSIVE_BASE_50'],,,,
dca_l2_v2,AAPL,2021-10-04,2021-10-05,panic_bear_extreme_volatility,5.63,0.0,0.0,5.63,['DEFENSIVE_BASE_50'],,,,
dca_l2_v2,ASML,2021-10-04,2021-10-05,panic_bear_extreme_volatility,3.75,0.0,0.0,3.75,['DEFENSIVE_BASE_50'],,,,
dca_l2_v2,KO,2021-10-04,2021-10-05,panic_bear_extreme_volatility,1.88,0.0,0.0,1.88,['DEFENSIVE_BASE_50'],,,,
dca_l2_v2_portfolio,PORTFOLIO,2021-10-04,2021-10-05,,,,,,,37.51,0.0,37.51,362.49
dca_l2_v2,BYDDY,2021-10-11,2021-10-12,panic_bear_extreme_volatility,11.25,0.0,0.0,11.25,['DEFENSIVE_BASE_50'],,,,
dca_l2_v2,MSFT,2021-10-11,2021-10-12,panic_bear_extreme_volatility,8.25,0.0,0.0,8.25,['DEFENSIVE_BASE_50'],,,,
dca_l2_v2,NVDA,2021-10-11,2021-10-12,panic_bear_extreme_volatility,6.75,0.0,0.0,6.75,['DEFENSIVE_BASE_50'],,,,
dca_l2_v2,AAPL,2021-10-11,2021-10-12,panic_bear_extreme_volatility,5.63,0.0,0.0,5.63,['DEFENSIVE_BASE_50'],,,,
dca_l2_v2,ASML,2021-10-11,2021-10-12,panic_bear_extreme_volatility,3.75,0.0,0.0,3.75,['DEFENSIVE_BASE_50'],,,,
dca_l2_v2,KO,2021-10-11,2021-10-12,panic_bear_extreme_volatility,1.88,0.0,0.0,1.88,['DEFENSIVE_BASE_50'],,,,
dca_l2_v2_portfolio,PORTFOLIO,2021-10-11,2021-10-12,,,,,,,37.51,0.0,37.51,324.98
dca_l2_v2,BYDDY,2021-10-18,2021-10-19,panic_bear_extreme_volatility,11.25,0.0,0.0,11.25,['RECOVERY_LATCH_ACTIVE'],,,,
dca_l2_v2,MSFT,2021-10-18,2021-10-19,panic_bear_extreme_volatility,8.25,0.0,0.0,8.25,['RECOVERY_LATCH_ACTIVE'],,,,
dca_l2_v2,NVDA,2021-10-18,2021-10-19,panic_bear_extreme_volatility,6.75,0.0,0.0,6.75,['RECOVERY_LATCH_ACTIVE'],,,,
dca_l2_v2,AAPL,2021-10-18,2021-10-19,panic_bear_extreme_volatility,5.63,0.0,0.0,5.63,['RECOVERY_LATCH_ACTIVE'],,,,
dca_l2_v2,ASML,2021-10-18,2021-10-19,panic_bear_extreme_volatility,3.75,0.0,0.0,3.75,['RECOVERY_LATCH_ACTIVE'],,,,
dca_l2_v2,KO,2021-10-18,2021-10-19,panic_bear_extreme_volatility,1.88,0.0,0.0,1.88,['RECOVERY_LATCH_ACTIVE'],,,,
dca_l2_v2_portfolio,PORTFOLIO,2021-10-18,2021-10-19,,,,,,,37.51,0.0,37.51,287.47
dca_l2_v2,BYDDY,2021-10-25,2021-10-26,normal,22.5,0.0,0.0,22.5,[],,,,
dca_l2_v2,MSFT,2021-10-25,2021-10-26,normal,16.5,0.0,0.0,16.5,[],,,,
dca_l2_v2,NVDA,2021-10-25,2021-10-26,normal,13.5,0.0,0.0,13.5,[],,,,
dca_l2_v2,AAPL,2021-10-25,2021-10-26,small_drawdown,11.25,0.04,0.0,11.29,['EXTRA_DIP_BUY'],,,,
dca_l2_v2,ASML,2021-10-25,2021-10-26,medium_drawdown,7.5,1.06,0.0,8.56,['EXTRA_DIP_BUY'],,,,
dca_l2_v2,KO,2021-10-25,2021-10-26,normal,3.75,0.0,0.0,3.75,[],,,,
dca_l2_v2_portfolio,PORTFOLIO,2021-10-25,2021-10-26,,,,,,,76.1,0.0,76.1,211.37
dca_l2_v2,BYDDY,2021-11-01,2021-11-02,small_drawdown,18.0,0.68,0.0,18.68,['EXTRA_DIP_BUY'],,,,
dca_l2_v2,MSFT,2021-11-01,2021-11-02,normal,13.2,0.0,0.0,13.2,[],,,,
dca_l2_v2,NVDA,2021-11-01,2021-11-02,normal,10.8,0.0,0.0,10.8,[],,,,
dca_l2_v2,AAPL,2021-11-01,2021-11-02,normal,9.0,0.0,0.0,9.0,[],,,,
dca_l2_v2,ASML,2021-11-01,2021-11-02,small_drawdown,6.0,0.63,0.0,6.63,['EXTRA_DIP_BUY'],,,,
dca_l2_v2,KO,2021-11-01,2021-11-02,normal,3.0,0.0,0.0,3.0,[],,,,
dca_l2_v2_portfolio,PORTFOLIO,2021-11-01,2021-11-02,,,,,,,61.31,0.0,61.31,338.69
dca_l2_v2,BYDDY,2021-11-08,2021-11-09,normal,18.0,0.0,0.0,18.0,[],,,,
dca_l2_v2,MSFT,2021-11-08,2021-11-09,normal,13.2,0.0,0.0,13.2,[],,,,
dca_l2_v2,NVDA,2021-11-08,2021-11-09,normal,10.8,0.0,0.0,10.8,[],,,,
dca_l2_v2,AAPL,2021-11-08,2021-11-09,normal,9.0,0.0,0.0,9.0,[],,,,
dca_l2_v2,ASML,2021-11-08,2021-11-09,normal,6.0,0.0,0.0,6.0,[],,,,
dca_l2_v2,KO,2021-11-08,2021-11-09,normal,3.0,0.0,0.0,3.0,[],,,,
dca_l2_v2_portfolio,PORTFOLIO,2021-11-08,2021-11-09,,,,,,,60.0,0.0,60.0,278.69
dca_l2_v2,BYDDY,2021-11-15,2021-11-16,small_drawdown,18.0,0.64,0.0,18.64,['EXTRA_DIP_BUY'],,,,
dca_l2_v2,MSFT,2021-11-15,2021-11-16,normal,13.2,0.0,0.0,13.2,[],,,,
dca_l2_v2,NVDA,2021-11-15,2021-11-16,normal,10.8,0.0,0.0,10.8,[],,,,
dca_l2_v2,AAPL,2021-11-15,2021-11-16,normal,9.0,0.0,0.0,9.0,[],,,,
dca_l2_v2,ASML,2021-11-15,2021-11-16,normal,6.0,0.0,0.0,6.0,[],,,,
dca_l2_v2,KO,2021-11-15,2021-11-16,normal,3.0,0.0,0.0,3.0,[],,,,
dca_l2_v2_portfolio,PORTFOLIO,2021-11-15,2021-11-16,,,,,,,60.64,0.0,60.64,218.05
dca_l2_v2,BYDDY,2021-11-22,2021-11-23,normal,18.0,0.0,0.0,18.0,[],,,,
dca_l2_v2,MSFT,2021-11-22,2021-11-23,normal,13.2,0.0,0.0,13.2,[],,,,
dca_l2_v2,NVDA,2021-11-22,2021-11-23,normal,10.8,0.0,0.0,10.8,[],,,,
dca_l2_v2,AAPL,2021-11-22,2021-11-23,normal,9.0,0.0,0.0,9.0,[],,,,
dca_l2_v2,ASML,2021-11-22,2021-11-23,small_drawdown,6.0,0.29,0.0,6.29,['EXTRA_DIP_BUY'],,,,
dca_l2_v2,KO,2021-11-22,2021-11-23,normal,3.0,0.0,0.0,3.0,[],,,,
dca_l2_v2_portfolio,PORTFOLIO,2021-11-22,2021-11-23,,,,,,,60.29,0.0,60.29,157.76
dca_l2_v2,BYDDY,2021-11-29,2021-11-30,normal,18.0,0.0,0.0,18.0,"['NORMAL_POOL_BASE_BUDGET_APPLIED', 'NORMAL_POOL_EXTRA_BUDGET_APPLIED']",,,,
dca_l2_v2,MSFT,2021-11-29,2021-11-30,normal,13.2,0.0,0.0,13.2,"['NORMAL_POOL_BASE_BUDGET_APPLIED', 'NORMAL_POOL_EXTRA_BUDGET_APPLIED']",,,,
dca_l2_v2,NVDA,2021-11-29,2021-11-30,normal,10.8,0.0,0.0,10.8,"['NORMAL_POOL_BASE_BUDGET_APPLIED', 'NORMAL_POOL_EXTRA_BUDGET_APPLIED']",,,,
dca_l2_v2,AAPL,2021-11-29,2021-11-30,normal,9.0,0.0,0.0,9.0,"['NORMAL_POOL_BASE_BUDGET_APPLIED', 'NORMAL_POOL_EXTRA_BUDGET_APPLIED']",,,,
dca_l2_v2,ASML,2021-11-29,2021-11-30,small_drawdown,6.0,0.44,0.0,6.44,"['EXTRA_DIP_BUY', 'NORMAL_POOL_BASE_BUDGET_APPLIED', 'NORMAL_POOL_EXTRA_BUDGET_APPLIED']",,,,
dca_l2_v2,KO,2021-11-29,2021-11-30,normal,3.0,0.0,0.0,3.0,"['NORMAL_POOL_BASE_BUDGET_APPLIED', 'NORMAL_POOL_EXTRA_BUDGET_APPLIED']",,,,
dca_l2_v2_portfolio,PORTFOLIO,2021-11-29,2021-11-30,,,,,,,57.77,0.0,57.77,99.99
dca_l2_v2,BYDDY,2021-12-06,2021-12-07,small_drawdown,22.5,2.27,0.0,24.77,['EXTRA_DIP_BUY'],,,,
dca_l2_v2,MSFT,2021-12-06,2021-12-07,normal,16.5,0.0,0.0,16.5,[],,,,
dca_l2_v2,NVDA,2021-12-06,2021-12-07,small_drawdown,13.5,1.69,0.0,15.19,['EXTRA_DIP_BUY'],,,,
dca_l2_v2,AAPL,2021-12-06,2021-12-07,normal,11.25,0.0,0.0,11.25,[],,,,
dca_l2_v2,ASML,2021-12-06,2021-12-07,medium_drawdown,7.5,1.31,0.0,8.81,['EXTRA_DIP_BUY'],,,,
dca_l2_v2,KO,2021-12-06,2021-12-07,normal,3.75,0.0,0.0,3.75,[],,,,
dca_l2_v2_portfolio,PORTFOLIO,2021-12-06,2021-12-07,,,,,,,80.27,0.0,80.27,319.73
dca_l2_v2,BYDDY,2021-12-13,2021-12-14,medium_drawdown,22.5,2.93,0.0,25.43,['EXTRA_DIP_BUY'],,,,
dca_l2_v2,MSFT,2021-12-13,2021-12-14,normal,16.5,0.0,0.0,16.5,[],,,,
dca_l2_v2,NVDA,2021-12-13,2021-12-14,medium_drawdown,13.5,2.63,0.0,16.13,['EXTRA_DIP_BUY'],,,,
dca_l2_v2,AAPL,2021-12-13,2021-12-14,normal,11.25,0.0,0.0,11.25,[],,,,
dca_l2_v2,ASML,2021-12-13,2021-12-14,medium_drawdown,7.5,1.22,0.0,8.72,['EXTRA_DIP_BUY'],,,,
dca_l2_v2,KO,2021-12-13,2021-12-14,normal,3.75,0.0,0.0,3.75,[],,,,
dca_l2_v2_portfolio,PORTFOLIO,2021-12-13,2021-12-14,,,,,,,81.78,0.0,81.78,237.95
dca_l2_v2,BYDDY,2021-12-20,2021-12-21,panic_bear_extreme_volatility,11.25,0.0,0.0,11.25,['DEFENSIVE_BASE_50'],,,,
dca_l2_v2,MSFT,2021-12-20,2021-12-21,panic_bear_extreme_volatility,8.25,0.0,0.0,8.25,['DEFENSIVE_BASE_50'],,,,
dca_l2_v2,NVDA,2021-12-20,2021-12-21,panic_bear_extreme_volatility,6.75,0.0,0.0,6.75,['DEFENSIVE_BASE_50'],,,,
dca_l2_v2,AAPL,2021-12-20,2021-12-21,panic_bear_extreme_volatility,5.63,0.0,0.0,5.63,['DEFENSIVE_BASE_50'],,,,
dca_l2_v2,ASML,2021-12-20,2021-12-21,panic_bear_extreme_volatility,3.75,0.0,0.0,3.75,['DEFENSIVE_BASE_50'],,,,
dca_l2_v2,KO,2021-12-20,2021-12-21,panic_bear_extreme_volatility,1.88,0.0,0.0,1.88,['DEFENSIVE_BASE_50'],,,,
dca_l2_v2_portfolio,PORTFOLIO,2021-12-20,2021-12-21,,,,,,,37.51,0.0,37.51,200.44
dca_l2_v2,BYDDY,2021-12-27,2021-12-28,panic_bear_extreme_volatility,11.25,0.0,0.0,11.25,['RECOVERY_LATCH_ACTIVE'],,,,
dca_l2_v2,MSFT,2021-12-27,2021-12-28,panic_bear_extreme_volatility,8.25,0.0,0.0,8.25,['RECOVERY_LATCH_ACTIVE'],,,,
dca_l2_v2,NVDA,2021-12-27,2021-12-28,panic_bear_extreme_volatility,6.75,0.0,0.0,6.75,['RECOVERY_LATCH_ACTIVE'],,,,
dca_l2_v2,AAPL,2021-12-27,2021-12-28,panic_bear_extreme_volatility,5.63,0.0,0.0,5.63,['RECOVERY_LATCH_ACTIVE'],,,,
dca_l2_v2,ASML,2021-12-27,2021-12-28,panic_bear_extreme_volatility,3.75,0.0,0.0,3.75,['RECOVERY_LATCH_ACTIVE'],,,,
dca_l2_v2,KO,2021-12-27,2021-12-28,panic_bear_extreme_volatility,1.88,0.0,0.0,1.88,['RECOVERY_LATCH_ACTIVE'],,,,
dca_l2_v2_portfolio,PORTFOLIO,2021-12-27,2021-12-28,,,,,,,37.51,0.0,37.51,162.93
dca_l2_v2,BYDDY,2022-01-03,2022-01-04,medium_drawdown,22.5,3.97,0.0,26.47,['EXTRA_DIP_BUY'],,,,
dca_l2_v2,MSFT,2022-01-03,2022-01-04,normal,16.5,0.0,0.0,16.5,[],,,,
dca_l2_v2,NVDA,2022-01-03,2022-01-04,small_drawdown,13.5,1.6,0.0,15.1,['EXTRA_DIP_BUY'],,,,
dca_l2_v2,AAPL,2022-01-03,2022-01-04,normal,11.25,0.0,0.0,11.25,[],,,,
dca_l2_v2,ASML,2022-01-03,2022-01-04,small_drawdown,7.5,0.8,0.0,8.3,['EXTRA_DIP_BUY'],,,,
dca_l2_v2,KO,2022-01-03,2022-01-04,normal,3.75,0.0,0.0,3.75,[],,,,
dca_l2_v2_portfolio,PORTFOLIO,2022-01-03,2022-01-04,,,,,,,81.37,0.0,81.37,318.63
dca_l2_v2,BYDDY,2022-01-10,2022-01-11,panic_bear_extreme_volatility,11.25,0.0,0.0,11.25,['DEFENSIVE_BASE_50'],,,,
dca_l2_v2,MSFT,2022-01-10,2022-01-11,panic_bear_extreme_volatility,8.25,0.0,0.0,8.25,['DEFENSIVE_BASE_50'],,,,
dca_l2_v2,NVDA,2022-01-10,2022-01-11,panic_bear_extreme_volatility,6.75,0.0,0.0,6.75,['DEFENSIVE_BASE_50'],,,,
dca_l2_v2,AAPL,2022-01-10,2022-01-11,panic_bear_extreme_volatility,5.63,0.0,0.0,5.63,['DEFENSIVE_BASE_50'],,,,
dca_l2_v2,ASML,2022-01-10,2022-01-11,panic_bear_extreme_volatility,3.75,0.0,0.0,3.75,['DEFENSIVE_BASE_50'],,,,
dca_l2_v2,KO,2022-01-10,2022-01-11,panic_bear_extreme_volatility,1.88,0.0,0.0,1.88,['DEFENSIVE_BASE_50'],,,,
dca_l2_v2_portfolio,PORTFOLIO,2022-01-10,2022-01-11,,,,,,,37.51,0.0,37.51,281.12
dca_l2_v2,BYDDY,2022-01-14,2022-01-18,panic_bear_extreme_volatility,11.25,0.0,0.0,11.25,['DEFENSIVE_BASE_50'],,,,
dca_l2_v2,MSFT,2022-01-14,2022-01-18,panic_bear_extreme_volatility,8.25,0.0,0.0,8.25,['DEFENSIVE_BASE_50'],,,,
dca_l2_v2,NVDA,2022-01-14,2022-01-18,panic_bear_extreme_volatility,6.75,0.0,0.0,6.75,['DEFENSIVE_BASE_50'],,,,
dca_l2_v2,AAPL,2022-01-14,2022-01-18,panic_bear_extreme_volatility,5.63,0.0,0.0,5.63,['DEFENSIVE_BASE_50'],,,,
dca_l2_v2,ASML,2022-01-14,2022-01-18,panic_bear_extreme_volatility,3.75,0.0,0.0,3.75,['DEFENSIVE_BASE_50'],,,,
dca_l2_v2,KO,2022-01-14,2022-01-18,panic_bear_extreme_volatility,1.88,0.0,0.0,1.88,['DEFENSIVE_BASE_50'],,,,
dca_l2_v2_portfolio,PORTFOLIO,2022-01-14,2022-01-18,,,,,,,37.51,0.0,37.51,243.61
dca_l2_v2,BYDDY,2022-01-24,2022-01-25,panic_bear_extreme_volatility,11.25,0.0,0.0,11.25,['DEFENSIVE_BASE_50'],,,,
dca_l2_v2,MSFT,2022-01-24,2022-01-25,panic_bear_extreme_volatility,8.25,0.0,0.0,8.25,['DEFENSIVE_BASE_50'],,,,
dca_l2_v2,NVDA,2022-01-24,2022-01-25,panic_bear_extreme_volatility,6.75,0.0,0.0,6.75,['DEFENSIVE_BASE_50'],,,,
dca_l2_v2,AAPL,2022-01-24,2022-01-25,panic_bear_extreme_volatility,5.63,0.0,0.0,5.63,['DEFENSIVE_BASE_50'],,,,
dca_l2_v2,ASML,2022-01-24,2022-01-25,panic_bear_extreme_volatility,3.75,0.0,0.0,3.75,['DEFENSIVE_BASE_50'],,,,
dca_l2_v2,KO,2022-01-24,2022-01-25,panic_bear_extreme_volatility,1.88,0.0,0.0,1.88,['DEFENSIVE_BASE_50'],,,,
dca_l2_v2_portfolio,PORTFOLIO,2022-01-24,2022-01-25,,,,,,,37.51,0.0,37.51,206.1
dca_l2_v2,BYDDY,2022-01-31,2022-02-01,panic_bear_extreme_volatility,11.25,0.0,0.0,11.25,['DEFENSIVE_BASE_50'],,,,
dca_l2_v2,MSFT,2022-01-31,2022-02-01,panic_bear_extreme_volatility,8.25,0.0,0.0,8.25,['DEFENSIVE_BASE_50'],,,,
dca_l2_v2,NVDA,2022-01-31,2022-02-01,panic_bear_extreme_volatility,6.75,0.0,0.0,6.75,['DEFENSIVE_BASE_50'],,,,
dca_l2_v2,AAPL,2022-01-31,2022-02-01,panic_bear_extreme_volatility,5.63,0.0,0.0,5.63,['DEFENSIVE_BASE_50'],,,,
dca_l2_v2,ASML,2022-01-31,2022-02-01,panic_bear_extreme_volatility,3.75,0.0,0.0,3.75,['DEFENSIVE_BASE_50'],,,,
dca_l2_v2,KO,2022-01-31,2022-02-01,panic_bear_extreme_volatility,1.88,0.0,0.0,1.88,['DEFENSIVE_BASE_50'],,,,
dca_l2_v2_portfolio,PORTFOLIO,2022-01-31,2022-02-01,,,,,,,37.51,0.0,37.51,362.49
dca_l2_v2,BYDDY,2022-02-07,2022-02-08,panic_bear_extreme_volatility,11.25,0.0,0.0,11.25,['DEFENSIVE_BASE_50'],,,,
dca_l2_v2,MSFT,2022-02-07,2022-02-08,panic_bear_extreme_volatility,8.25,0.0,0.0,8.25,['DEFENSIVE_BASE_50'],,,,
dca_l2_v2,NVDA,2022-02-07,2022-02-08,panic_bear_extreme_volatility,6.75,0.0,0.0,6.75,['DEFENSIVE_BASE_50'],,,,
dca_l2_v2,AAPL,2022-02-07,2022-02-08,panic_bear_extreme_volatility,5.63,0.0,0.0,5.63,['DEFENSIVE_BASE_50'],,,,
dca_l2_v2,ASML,2022-02-07,2022-02-08,panic_bear_extreme_volatility,3.75,0.0,0.0,3.75,['DEFENSIVE_BASE_50'],,,,
dca_l2_v2,KO,2022-02-07,2022-02-08,panic_bear_extreme_volatility,1.88,0.0,0.0,1.88,['DEFENSIVE_BASE_50'],,,,
dca_l2_v2_portfolio,PORTFOLIO,2022-02-07,2022-02-08,,,,,,,37.51,0.0,37.51,324.98
dca_l2_v2,BYDDY,2022-02-14,2022-02-15,panic_bear_extreme_volatility,11.25,0.0,0.0,11.25,['DEFENSIVE_BASE_50'],,,,
dca_l2_v2,MSFT,2022-02-14,2022-02-15,panic_bear_extreme_volatility,8.25,0.0,0.0,8.25,['DEFENSIVE_BASE_50'],,,,
dca_l2_v2,NVDA,2022-02-14,2022-02-15,panic_bear_extreme_volatility,6.75,0.0,0.0,6.75,['DEFENSIVE_BASE_50'],,,,
dca_l2_v2,AAPL,2022-02-14,2022-02-15,panic_bear_extreme_volatility,5.63,0.0,0.0,5.63,['DEFENSIVE_BASE_50'],,,,
dca_l2_v2,ASML,2022-02-14,2022-02-15,panic_bear_extreme_volatility,3.75,0.0,0.0,3.75,['DEFENSIVE_BASE_50'],,,,
dca_l2_v2,KO,2022-02-14,2022-02-15,panic_bear_extreme_volatility,1.88,0.0,0.0,1.88,['DEFENSIVE_BASE_50'],,,,
dca_l2_v2_portfolio,PORTFOLIO,2022-02-14,2022-02-15,,,,,,,37.51,0.0,37.51,287.47
dca_l2_v2,BYDDY,2022-02-18,2022-02-22,panic_bear_extreme_volatility,11.25,0.0,0.0,11.25,['DEFENSIVE_BASE_50'],,,,
dca_l2_v2,MSFT,2022-02-18,2022-02-22,panic_bear_extreme_volatility,8.25,0.0,0.0,8.25,['DEFENSIVE_BASE_50'],,,,
dca_l2_v2,NVDA,2022-02-18,2022-02-22,panic_bear_extreme_volatility,6.75,0.0,0.0,6.75,['DEFENSIVE_BASE_50'],,,,
dca_l2_v2,AAPL,2022-02-18,2022-02-22,panic_bear_extreme_volatility,5.63,0.0,0.0,5.63,['DEFENSIVE_BASE_50'],,,,
dca_l2_v2,ASML,2022-02-18,2022-02-22,panic_bear_extreme_volatility,3.75,0.0,0.0,3.75,['DEFENSIVE_BASE_50'],,,,
dca_l2_v2,KO,2022-02-18,2022-02-22,panic_bear_extreme_volatility,1.88,0.0,0.0,1.88,['DEFENSIVE_BASE_50'],,,,
dca_l2_v2_portfolio,PORTFOLIO,2022-02-18,2022-02-22,,,,,,,37.51,0.0,37.51,249.96
dca_l2_v2,BYDDY,2022-02-28,2022-03-01,panic_bear_extreme_volatility,9.0,0.0,0.0,9.0,['DEFENSIVE_BASE_50'],,,,
dca_l2_v2,MSFT,2022-02-28,2022-03-01,panic_bear_extreme_volatility,6.6,0.0,0.0,6.6,['DEFENSIVE_BASE_50'],,,,
dca_l2_v2,NVDA,2022-02-28,2022-03-01,panic_bear_extreme_volatility,5.4,0.0,0.0,5.4,['DEFENSIVE_BASE_50'],,,,
dca_l2_v2,AAPL,2022-02-28,2022-03-01,panic_bear_extreme_volatility,4.5,0.0,0.0,4.5,['DEFENSIVE_BASE_50'],,,,
dca_l2_v2,ASML,2022-02-28,2022-03-01,panic_bear_extreme_volatility,3.0,0.0,0.0,3.0,['DEFENSIVE_BASE_50'],,,,
dca_l2_v2,KO,2022-02-28,2022-03-01,panic_bear_extreme_volatility,1.5,0.0,0.0,1.5,['DEFENSIVE_BASE_50'],,,,
dca_l2_v2_portfolio,PORTFOLIO,2022-02-28,2022-03-01,,,,,,,30.0,0.0,30.0,370.0
dca_l2_v2,BYDDY,2022-03-07,2022-03-08,panic_bear_extreme_volatility,9.0,0.0,0.0,9.0,['DEFENSIVE_BASE_50'],,,,
dca_l2_v2,MSFT,2022-03-07,2022-03-08,panic_bear_extreme_volatility,6.6,0.0,0.0,6.6,['DEFENSIVE_BASE_50'],,,,
dca_l2_v2,NVDA,2022-03-07,2022-03-08,panic_bear_extreme_volatility,5.4,0.0,0.0,5.4,['DEFENSIVE_BASE_50'],,,,
dca_l2_v2,AAPL,2022-03-07,2022-03-08,panic_bear_extreme_volatility,4.5,0.0,0.0,4.5,['DEFENSIVE_BASE_50'],,,,
dca_l2_v2,ASML,2022-03-07,2022-03-08,panic_bear_extreme_volatility,3.0,0.0,0.0,3.0,['DEFENSIVE_BASE_50'],,,,
dca_l2_v2,KO,2022-03-07,2022-03-08,panic_bear_extreme_volatility,1.5,0.0,0.0,1.5,['DEFENSIVE_BASE_50'],,,,
dca_l2_v2_portfolio,PORTFOLIO,2022-03-07,2022-03-08,,,,,,,30.0,0.0,30.0,340.0
dca_l2_v2,BYDDY,2022-03-14,2022-03-15,panic_bear_extreme_volatility,9.0,0.0,0.0,9.0,['DEFENSIVE_BASE_50'],,,,
dca_l2_v2,MSFT,2022-03-14,2022-03-15,panic_bear_extreme_volatility,6.6,0.0,0.0,6.6,['DEFENSIVE_BASE_50'],,,,
dca_l2_v2,NVDA,2022-03-14,2022-03-15,panic_bear_extreme_volatility,5.4,0.0,0.0,5.4,['DEFENSIVE_BASE_50'],,,,
dca_l2_v2,AAPL,2022-03-14,2022-03-15,panic_bear_extreme_volatility,4.5,0.0,0.0,4.5,['DEFENSIVE_BASE_50'],,,,
dca_l2_v2,ASML,2022-03-14,2022-03-15,panic_bear_extreme_volatility,3.0,0.0,0.0,3.0,['DEFENSIVE_BASE_50'],,,,
dca_l2_v2,KO,2022-03-14,2022-03-15,panic_bear_extreme_volatility,1.5,0.0,0.0,1.5,['DEFENSIVE_BASE_50'],,,,
dca_l2_v2_portfolio,PORTFOLIO,2022-03-14,2022-03-15,,,,,,,30.0,0.0,30.0,310.0
dca_l2_v2,BYDDY,2022-03-21,2022-03-22,panic_bear_extreme_volatility,9.0,0.0,0.0,9.0,['DEFENSIVE_BASE_50'],,,,
dca_l2_v2,MSFT,2022-03-21,2022-03-22,panic_bear_extreme_volatility,6.6,0.0,0.0,6.6,['DEFENSIVE_BASE_50'],,,,
dca_l2_v2,NVDA,2022-03-21,2022-03-22,panic_bear_extreme_volatility,5.4,0.0,0.0,5.4,['DEFENSIVE_BASE_50'],,,,
dca_l2_v2,AAPL,2022-03-21,2022-03-22,panic_bear_extreme_volatility,4.5,0.0,0.0,4.5,['DEFENSIVE_BASE_50'],,,,
dca_l2_v2,ASML,2022-03-21,2022-03-22,panic_bear_extreme_volatility,3.0,0.0,0.0,3.0,['DEFENSIVE_BASE_50'],,,,
dca_l2_v2,KO,2022-03-21,2022-03-22,panic_bear_extreme_volatility,1.5,0.0,0.0,1.5,['DEFENSIVE_BASE_50'],,,,
dca_l2_v2_portfolio,PORTFOLIO,2022-03-21,2022-03-22,,,,,,,30.0,0.0,30.0,280.0
dca_l2_v2,BYDDY,2022-03-28,2022-03-29,panic_bear_extreme_volatility,9.0,0.0,0.0,9.0,['RECOVERY_LATCH_ACTIVE'],,,,
dca_l2_v2,MSFT,2022-03-28,2022-03-29,panic_bear_extreme_volatility,6.6,0.0,0.0,6.6,['RECOVERY_LATCH_ACTIVE'],,,,
dca_l2_v2,NVDA,2022-03-28,2022-03-29,panic_bear_extreme_volatility,5.4,0.0,0.0,5.4,['RECOVERY_LATCH_ACTIVE'],,,,
dca_l2_v2,AAPL,2022-03-28,2022-03-29,panic_bear_extreme_volatility,4.5,0.0,0.0,4.5,['RECOVERY_LATCH_ACTIVE'],,,,
dca_l2_v2,ASML,2022-03-28,2022-03-29,panic_bear_extreme_volatility,3.0,0.0,0.0,3.0,['RECOVERY_LATCH_ACTIVE'],,,,
dca_l2_v2,KO,2022-03-28,2022-03-29,panic_bear_extreme_volatility,1.5,0.0,0.0,1.5,['RECOVERY_LATCH_ACTIVE'],,,,
dca_l2_v2_portfolio,PORTFOLIO,2022-03-28,2022-03-29,,,,,,,30.0,0.0,30.0,250.0
dca_l2_v2,BYDDY,2022-04-04,2022-04-05,small_drawdown,22.5,0.63,0.0,23.13,['EXTRA_DIP_BUY'],,,,
dca_l2_v2,MSFT,2022-04-04,2022-04-05,normal,16.5,0.0,0.0,16.5,[],,,,
dca_l2_v2,NVDA,2022-04-04,2022-04-05,normal,13.5,0.0,0.0,13.5,[],,,,
dca_l2_v2,AAPL,2022-04-04,2022-04-05,normal,11.25,0.0,0.0,11.25,[],,,,
dca_l2_v2,ASML,2022-04-04,2022-04-05,normal,7.5,0.0,0.0,7.5,[],,,,
dca_l2_v2,KO,2022-04-04,2022-04-05,normal,3.75,0.0,0.0,3.75,[],,,,
dca_l2_v2_portfolio,PORTFOLIO,2022-04-04,2022-04-05,,,,,,,75.63,0.0,75.63,324.37
dca_l2_v2,BYDDY,2022-04-11,2022-04-12,panic_bear_extreme_volatility,11.25,0.0,0.0,11.25,['DEFENSIVE_BASE_50'],,,,
dca_l2_v2,MSFT,2022-04-11,2022-04-12,panic_bear_extreme_volatility,8.25,0.0,0.0,8.25,['DEFENSIVE_BASE_50'],,,,
dca_l2_v2,NVDA,2022-04-11,2022-04-12,panic_bear_extreme_volatility,6.75,0.0,0.0,6.75,['DEFENSIVE_BASE_50'],,,,
dca_l2_v2,AAPL,2022-04-11,2022-04-12,panic_bear_extreme_volatility,5.63,0.0,0.0,5.63,['DEFENSIVE_BASE_50'],,,,
dca_l2_v2,ASML,2022-04-11,2022-04-12,panic_bear_extreme_volatility,3.75,0.0,0.0,3.75,['DEFENSIVE_BASE_50'],,,,
dca_l2_v2,KO,2022-04-11,2022-04-12,panic_bear_extreme_volatility,1.88,0.0,0.0,1.88,['DEFENSIVE_BASE_50'],,,,
dca_l2_v2_portfolio,PORTFOLIO,2022-04-11,2022-04-12,,,,,,,37.51,0.0,37.51,286.86
dca_l2_v2,BYDDY,2022-04-18,2022-04-19,panic_bear_extreme_volatility,11.25,0.0,0.0,11.25,['DEFENSIVE_BASE_50'],,,,
dca_l2_v2,MSFT,2022-04-18,2022-04-19,panic_bear_extreme_volatility,8.25,0.0,0.0,8.25,['DEFENSIVE_BASE_50'],,,,
dca_l2_v2,NVDA,2022-04-18,2022-04-19,panic_bear_extreme_volatility,6.75,0.0,0.0,6.75,['DEFENSIVE_BASE_50'],,,,
dca_l2_v2,AAPL,2022-04-18,2022-04-19,panic_bear_extreme_volatility,5.63,0.0,0.0,5.63,['DEFENSIVE_BASE_50'],,,,
dca_l2_v2,ASML,2022-04-18,2022-04-19,panic_bear_extreme_volatility,3.75,0.0,0.0,3.75,['DEFENSIVE_BASE_50'],,,,
dca_l2_v2,KO,2022-04-18,2022-04-19,panic_bear_extreme_volatility,1.88,0.0,0.0,1.88,['DEFENSIVE_BASE_50'],,,,
dca_l2_v2_portfolio,PORTFOLIO,2022-04-18,2022-04-19,,,,,,,37.51,0.0,37.51,249.35
dca_l2_v2,BYDDY,2022-04-25,2022-04-26,panic_bear_extreme_volatility,11.25,0.0,0.0,11.25,['DEFENSIVE_BASE_50'],,,,
dca_l2_v2,MSFT,2022-04-25,2022-04-26,panic_bear_extreme_volatility,8.25,0.0,0.0,8.25,['DEFENSIVE_BASE_50'],,,,
dca_l2_v2,NVDA,2022-04-25,2022-04-26,panic_bear_extreme_volatility,6.75,0.0,0.0,6.75,['DEFENSIVE_BASE_50'],,,,
dca_l2_v2,AAPL,2022-04-25,2022-04-26,panic_bear_extreme_volatility,5.63,0.0,0.0,5.63,['DEFENSIVE_BASE_50'],,,,
dca_l2_v2,ASML,2022-04-25,2022-04-26,panic_bear_extreme_volatility,3.75,0.0,0.0,3.75,['DEFENSIVE_BASE_50'],,,,
dca_l2_v2,KO,2022-04-25,2022-04-26,panic_bear_extreme_volatility,1.88,0.0,0.0,1.88,['DEFENSIVE_BASE_50'],,,,
dca_l2_v2_portfolio,PORTFOLIO,2022-04-25,2022-04-26,,,,,,,37.51,0.0,37.51,211.84
dca_l2_v2,BYDDY,2022-05-02,2022-05-03,panic_bear_extreme_volatility,9.0,0.0,0.0,9.0,['DEFENSIVE_BASE_50'],,,,
dca_l2_v2,MSFT,2022-05-02,2022-05-03,panic_bear_extreme_volatility,6.6,0.0,0.0,6.6,['DEFENSIVE_BASE_50'],,,,
dca_l2_v2,NVDA,2022-05-02,2022-05-03,panic_bear_extreme_volatility,5.4,0.0,0.0,5.4,['DEFENSIVE_BASE_50'],,,,
dca_l2_v2,AAPL,2022-05-02,2022-05-03,panic_bear_extreme_volatility,4.5,0.0,0.0,4.5,['DEFENSIVE_BASE_50'],,,,
dca_l2_v2,ASML,2022-05-02,2022-05-03,panic_bear_extreme_volatility,3.0,0.0,0.0,3.0,['DEFENSIVE_BASE_50'],,,,
dca_l2_v2,KO,2022-05-02,2022-05-03,panic_bear_extreme_volatility,1.5,0.0,0.0,1.5,['DEFENSIVE_BASE_50'],,,,
dca_l2_v2_portfolio,PORTFOLIO,2022-05-02,2022-05-03,,,,,,,30.0,0.0,30.0,370.0
dca_l2_v2,BYDDY,2022-05-09,2022-05-10,panic_bear_extreme_volatility,9.0,0.0,0.0,9.0,['DEFENSIVE_BASE_50'],,,,
dca_l2_v2,MSFT,2022-05-09,2022-05-10,panic_bear_extreme_volatility,6.6,0.0,0.0,6.6,['DEFENSIVE_BASE_50'],,,,
dca_l2_v2,NVDA,2022-05-09,2022-05-10,panic_bear_extreme_volatility,5.4,0.0,0.0,5.4,['DEFENSIVE_BASE_50'],,,,
dca_l2_v2,AAPL,2022-05-09,2022-05-10,panic_bear_extreme_volatility,4.5,0.0,0.0,4.5,['DEFENSIVE_BASE_50'],,,,
dca_l2_v2,ASML,2022-05-09,2022-05-10,panic_bear_extreme_volatility,3.0,0.0,0.0,3.0,['DEFENSIVE_BASE_50'],,,,
dca_l2_v2,KO,2022-05-09,2022-05-10,panic_bear_extreme_volatility,1.5,0.0,0.0,1.5,['DEFENSIVE_BASE_50'],,,,
dca_l2_v2_portfolio,PORTFOLIO,2022-05-09,2022-05-10,,,,,,,30.0,0.0,30.0,340.0
dca_l2_v2,BYDDY,2022-05-16,2022-05-17,panic_bear_extreme_volatility,9.0,0.0,0.0,9.0,['DEFENSIVE_BASE_50'],,,,
dca_l2_v2,MSFT,2022-05-16,2022-05-17,panic_bear_extreme_volatility,6.6,0.0,0.0,6.6,['DEFENSIVE_BASE_50'],,,,
dca_l2_v2,NVDA,2022-05-16,2022-05-17,panic_bear_extreme_volatility,5.4,0.0,0.0,5.4,['DEFENSIVE_BASE_50'],,,,
dca_l2_v2,AAPL,2022-05-16,2022-05-17,panic_bear_extreme_volatility,4.5,0.0,0.0,4.5,['DEFENSIVE_BASE_50'],,,,
dca_l2_v2,ASML,2022-05-16,2022-05-17,panic_bear_extreme_volatility,3.0,0.0,0.0,3.0,['DEFENSIVE_BASE_50'],,,,
dca_l2_v2,KO,2022-05-16,2022-05-17,panic_bear_extreme_volatility,1.5,0.0,0.0,1.5,['DEFENSIVE_BASE_50'],,,,
dca_l2_v2_portfolio,PORTFOLIO,2022-05-16,2022-05-17,,,,,,,30.0,0.0,30.0,310.0
dca_l2_v2,BYDDY,2022-05-23,2022-05-24,panic_bear_extreme_volatility,9.0,0.0,0.0,9.0,['DEFENSIVE_BASE_50'],,,,
dca_l2_v2,MSFT,2022-05-23,2022-05-24,panic_bear_extreme_volatility,6.6,0.0,0.0,6.6,['DEFENSIVE_BASE_50'],,,,
dca_l2_v2,NVDA,2022-05-23,2022-05-24,panic_bear_extreme_volatility,5.4,0.0,0.0,5.4,['DEFENSIVE_BASE_50'],,,,
dca_l2_v2,AAPL,2022-05-23,2022-05-24,panic_bear_extreme_volatility,4.5,0.0,0.0,4.5,['DEFENSIVE_BASE_50'],,,,
dca_l2_v2,ASML,2022-05-23,2022-05-24,panic_bear_extreme_volatility,3.0,0.0,0.0,3.0,['DEFENSIVE_BASE_50'],,,,
dca_l2_v2,KO,2022-05-23,2022-05-24,panic_bear_extreme_volatility,1.5,0.0,0.0,1.5,['DEFENSIVE_BASE_50'],,,,
dca_l2_v2_portfolio,PORTFOLIO,2022-05-23,2022-05-24,,,,,,,30.0,0.0,30.0,280.0
dca_l2_v2,BYDDY,2022-05-27,2022-05-31,panic_bear_extreme_volatility,9.0,0.0,0.0,9.0,['DEFENSIVE_BASE_50'],,,,
dca_l2_v2,MSFT,2022-05-27,2022-05-31,panic_bear_extreme_volatility,6.6,0.0,0.0,6.6,['DEFENSIVE_BASE_50'],,,,
dca_l2_v2,NVDA,2022-05-27,2022-05-31,panic_bear_extreme_volatility,5.4,0.0,0.0,5.4,['DEFENSIVE_BASE_50'],,,,
dca_l2_v2,AAPL,2022-05-27,2022-05-31,panic_bear_extreme_volatility,4.5,0.0,0.0,4.5,['DEFENSIVE_BASE_50'],,,,
dca_l2_v2,ASML,2022-05-27,2022-05-31,panic_bear_extreme_volatility,3.0,0.0,0.0,3.0,['DEFENSIVE_BASE_50'],,,,
dca_l2_v2,KO,2022-05-27,2022-05-31,panic_bear_extreme_volatility,1.5,0.0,0.0,1.5,['DEFENSIVE_BASE_50'],,,,
dca_l2_v2_portfolio,PORTFOLIO,2022-05-27,2022-05-31,,,,,,,30.0,0.0,30.0,250.0
dca_l2_v2,BYDDY,2022-06-06,2022-06-07,panic_bear_extreme_volatility,11.25,0.0,0.0,11.25,['DEFENSIVE_BASE_50'],,,,
dca_l2_v2,MSFT,2022-06-06,2022-06-07,panic_bear_extreme_volatility,8.25,0.0,0.0,8.25,['DEFENSIVE_BASE_50'],,,,
dca_l2_v2,NVDA,2022-06-06,2022-06-07,panic_bear_extreme_volatility,6.75,0.0,0.0,6.75,['DEFENSIVE_BASE_50'],,,,
dca_l2_v2,AAPL,2022-06-06,2022-06-07,panic_bear_extreme_volatility,5.63,0.0,0.0,5.63,['DEFENSIVE_BASE_50'],,,,
dca_l2_v2,ASML,2022-06-06,2022-06-07,panic_bear_extreme_volatility,3.75,0.0,0.0,3.75,['DEFENSIVE_BASE_50'],,,,
dca_l2_v2,KO,2022-06-06,2022-06-07,panic_bear_extreme_volatility,1.88,0.0,0.0,1.88,['DEFENSIVE_BASE_50'],,,,
dca_l2_v2_portfolio,PORTFOLIO,2022-06-06,2022-06-07,,,,,,,37.51,0.0,37.51,362.49
dca_l2_v2,BYDDY,2022-06-13,2022-06-14,panic_bear_extreme_volatility,11.25,0.0,0.0,11.25,['DEFENSIVE_BASE_50'],,,,
dca_l2_v2,MSFT,2022-06-13,2022-06-14,panic_bear_extreme_volatility,8.25,0.0,0.0,8.25,['DEFENSIVE_BASE_50'],,,,
dca_l2_v2,NVDA,2022-06-13,2022-06-14,panic_bear_extreme_volatility,6.75,0.0,0.0,6.75,['DEFENSIVE_BASE_50'],,,,
dca_l2_v2,AAPL,2022-06-13,2022-06-14,panic_bear_extreme_volatility,5.63,0.0,0.0,5.63,['DEFENSIVE_BASE_50'],,,,
dca_l2_v2,ASML,2022-06-13,2022-06-14,panic_bear_extreme_volatility,3.75,0.0,0.0,3.75,['DEFENSIVE_BASE_50'],,,,
dca_l2_v2,KO,2022-06-13,2022-06-14,panic_bear_extreme_volatility,1.88,0.0,0.0,1.88,['DEFENSIVE_BASE_50'],,,,
dca_l2_v2_portfolio,PORTFOLIO,2022-06-13,2022-06-14,,,,,,,37.51,0.0,37.51,324.98
dca_l2_v2,BYDDY,2022-06-17,2022-06-21,panic_bear_extreme_volatility,11.25,0.0,0.0,11.25,['DEFENSIVE_BASE_50'],,,,
dca_l2_v2,MSFT,2022-06-17,2022-06-21,panic_bear_extreme_volatility,8.25,0.0,0.0,8.25,['DEFENSIVE_BASE_50'],,,,
dca_l2_v2,NVDA,2022-06-17,2022-06-21,panic_bear_extreme_volatility,6.75,0.0,0.0,6.75,['DEFENSIVE_BASE_50'],,,,
dca_l2_v2,AAPL,2022-06-17,2022-06-21,panic_bear_extreme_volatility,5.63,0.0,0.0,5.63,['DEFENSIVE_BASE_50'],,,,
dca_l2_v2,ASML,2022-06-17,2022-06-21,panic_bear_extreme_volatility,3.75,0.0,0.0,3.75,['DEFENSIVE_BASE_50'],,,,
dca_l2_v2,KO,2022-06-17,2022-06-21,panic_bear_extreme_volatility,1.88,0.0,0.0,1.88,['DEFENSIVE_BASE_50'],,,,
dca_l2_v2_portfolio,PORTFOLIO,2022-06-17,2022-06-21,,,,,,,37.51,0.0,37.51,287.47
dca_l2_v2,BYDDY,2022-06-27,2022-06-28,panic_bear_extreme_volatility,11.25,0.0,0.0,11.25,['DEFENSIVE_BASE_50'],,,,
dca_l2_v2,MSFT,2022-06-27,2022-06-28,panic_bear_extreme_volatility,8.25,0.0,0.0,8.25,['DEFENSIVE_BASE_50'],,,,
dca_l2_v2,NVDA,2022-06-27,2022-06-28,panic_bear_extreme_volatility,6.75,0.0,0.0,6.75,['DEFENSIVE_BASE_50'],,,,
dca_l2_v2,AAPL,2022-06-27,2022-06-28,panic_bear_extreme_volatility,5.63,0.0,0.0,5.63,['DEFENSIVE_BASE_50'],,,,
dca_l2_v2,ASML,2022-06-27,2022-06-28,panic_bear_extreme_volatility,3.75,0.0,0.0,3.75,['DEFENSIVE_BASE_50'],,,,
dca_l2_v2,KO,2022-06-27,2022-06-28,panic_bear_extreme_volatility,1.88,0.0,0.0,1.88,['DEFENSIVE_BASE_50'],,,,
dca_l2_v2_portfolio,PORTFOLIO,2022-06-27,2022-06-28,,,,,,,37.51,0.0,37.51,249.96
dca_l2_v2,BYDDY,2022-07-01,2022-07-05,panic_bear_extreme_volatility,11.25,0.0,0.0,11.25,['DEFENSIVE_BASE_50'],,,,
dca_l2_v2,MSFT,2022-07-01,2022-07-05,panic_bear_extreme_volatility,8.25,0.0,0.0,8.25,['DEFENSIVE_BASE_50'],,,,
dca_l2_v2,NVDA,2022-07-01,2022-07-05,panic_bear_extreme_volatility,6.75,0.0,0.0,6.75,['DEFENSIVE_BASE_50'],,,,
dca_l2_v2,AAPL,2022-07-01,2022-07-05,panic_bear_extreme_volatility,5.63,0.0,0.0,5.63,['DEFENSIVE_BASE_50'],,,,
dca_l2_v2,ASML,2022-07-01,2022-07-05,panic_bear_extreme_volatility,3.75,0.0,0.0,3.75,['DEFENSIVE_BASE_50'],,,,
dca_l2_v2,KO,2022-07-01,2022-07-05,panic_bear_extreme_volatility,1.88,0.0,0.0,1.88,['DEFENSIVE_BASE_50'],,,,
dca_l2_v2_portfolio,PORTFOLIO,2022-07-01,2022-07-05,,,,,,,37.51,0.0,37.51,362.49
dca_l2_v2,BYDDY,2022-07-11,2022-07-12,panic_bear_extreme_volatility,11.25,0.0,0.0,11.25,['DEFENSIVE_BASE_50'],,,,
dca_l2_v2,MSFT,2022-07-11,2022-07-12,panic_bear_extreme_volatility,8.25,0.0,0.0,8.25,['DEFENSIVE_BASE_50'],,,,
dca_l2_v2,NVDA,2022-07-11,2022-07-12,panic_bear_extreme_volatility,6.75,0.0,0.0,6.75,['DEFENSIVE_BASE_50'],,,,
dca_l2_v2,AAPL,2022-07-11,2022-07-12,panic_bear_extreme_volatility,5.63,0.0,0.0,5.63,['DEFENSIVE_BASE_50'],,,,
dca_l2_v2,ASML,2022-07-11,2022-07-12,panic_bear_extreme_volatility,3.75,0.0,0.0,3.75,['DEFENSIVE_BASE_50'],,,,
dca_l2_v2,KO,2022-07-11,2022-07-12,panic_bear_extreme_volatility,1.88,0.0,0.0,1.88,['DEFENSIVE_BASE_50'],,,,
dca_l2_v2_portfolio,PORTFOLIO,2022-07-11,2022-07-12,,,,,,,37.51,0.0,37.51,324.98
dca_l2_v2,BYDDY,2022-07-18,2022-07-19,panic_bear_extreme_volatility,11.25,0.0,0.0,11.25,['DEFENSIVE_BASE_50'],,,,
dca_l2_v2,MSFT,2022-07-18,2022-07-19,panic_bear_extreme_volatility,8.25,0.0,0.0,8.25,['DEFENSIVE_BASE_50'],,,,
dca_l2_v2,NVDA,2022-07-18,2022-07-19,panic_bear_extreme_volatility,6.75,0.0,0.0,6.75,['DEFENSIVE_BASE_50'],,,,
dca_l2_v2,AAPL,2022-07-18,2022-07-19,panic_bear_extreme_volatility,5.63,0.0,0.0,5.63,['DEFENSIVE_BASE_50'],,,,
dca_l2_v2,ASML,2022-07-18,2022-07-19,panic_bear_extreme_volatility,3.75,0.0,0.0,3.75,['DEFENSIVE_BASE_50'],,,,
dca_l2_v2,KO,2022-07-18,2022-07-19,panic_bear_extreme_volatility,1.88,0.0,0.0,1.88,['DEFENSIVE_BASE_50'],,,,
dca_l2_v2_portfolio,PORTFOLIO,2022-07-18,2022-07-19,,,,,,,37.51,0.0,37.51,287.47
dca_l2_v2,BYDDY,2022-07-25,2022-07-26,panic_bear_extreme_volatility,11.25,0.0,0.0,11.25,['DEFENSIVE_BASE_50'],,,,
dca_l2_v2,MSFT,2022-07-25,2022-07-26,panic_bear_extreme_volatility,8.25,0.0,0.0,8.25,['DEFENSIVE_BASE_50'],,,,
dca_l2_v2,NVDA,2022-07-25,2022-07-26,panic_bear_extreme_volatility,6.75,0.0,0.0,6.75,['DEFENSIVE_BASE_50'],,,,
dca_l2_v2,AAPL,2022-07-25,2022-07-26,panic_bear_extreme_volatility,5.63,0.0,0.0,5.63,['DEFENSIVE_BASE_50'],,,,
dca_l2_v2,ASML,2022-07-25,2022-07-26,panic_bear_extreme_volatility,3.75,0.0,0.0,3.75,['DEFENSIVE_BASE_50'],,,,
dca_l2_v2,KO,2022-07-25,2022-07-26,panic_bear_extreme_volatility,1.88,0.0,0.0,1.88,['DEFENSIVE_BASE_50'],,,,
dca_l2_v2_portfolio,PORTFOLIO,2022-07-25,2022-07-26,,,,,,,37.51,0.0,37.51,249.96
dca_l2_v2,BYDDY,2022-08-01,2022-08-02,panic_bear_extreme_volatility,9.0,0.0,0.0,9.0,['DEFENSIVE_BASE_50'],,,,
dca_l2_v2,MSFT,2022-08-01,2022-08-02,panic_bear_extreme_volatility,6.6,0.0,0.0,6.6,['DEFENSIVE_BASE_50'],,,,
dca_l2_v2,NVDA,2022-08-01,2022-08-02,panic_bear_extreme_volatility,5.4,0.0,0.0,5.4,['DEFENSIVE_BASE_50'],,,,
dca_l2_v2,AAPL,2022-08-01,2022-08-02,panic_bear_extreme_volatility,4.5,0.0,0.0,4.5,['DEFENSIVE_BASE_50'],,,,
dca_l2_v2,ASML,2022-08-01,2022-08-02,panic_bear_extreme_volatility,3.0,0.0,0.0,3.0,['DEFENSIVE_BASE_50'],,,,
dca_l2_v2,KO,2022-08-01,2022-08-02,panic_bear_extreme_volatility,1.5,0.0,0.0,1.5,['DEFENSIVE_BASE_50'],,,,
dca_l2_v2_portfolio,PORTFOLIO,2022-08-01,2022-08-02,,,,,,,30.0,0.0,30.0,370.0
dca_l2_v2,BYDDY,2022-08-08,2022-08-09,panic_bear_extreme_volatility,9.0,0.0,0.0,9.0,['DEFENSIVE_BASE_50'],,,,
dca_l2_v2,MSFT,2022-08-08,2022-08-09,panic_bear_extreme_volatility,6.6,0.0,0.0,6.6,['DEFENSIVE_BASE_50'],,,,
dca_l2_v2,NVDA,2022-08-08,2022-08-09,panic_bear_extreme_volatility,5.4,0.0,0.0,5.4,['DEFENSIVE_BASE_50'],,,,
dca_l2_v2,AAPL,2022-08-08,2022-08-09,panic_bear_extreme_volatility,4.5,0.0,0.0,4.5,['DEFENSIVE_BASE_50'],,,,
dca_l2_v2,ASML,2022-08-08,2022-08-09,panic_bear_extreme_volatility,3.0,0.0,0.0,3.0,['DEFENSIVE_BASE_50'],,,,
dca_l2_v2,KO,2022-08-08,2022-08-09,panic_bear_extreme_volatility,1.5,0.0,0.0,1.5,['DEFENSIVE_BASE_50'],,,,
dca_l2_v2_portfolio,PORTFOLIO,2022-08-08,2022-08-09,,,,,,,30.0,0.0,30.0,340.0
dca_l2_v2,BYDDY,2022-08-15,2022-08-16,panic_bear_extreme_volatility,9.0,0.0,0.0,9.0,['RECOVERY_LATCH_ACTIVE'],,,,
dca_l2_v2,MSFT,2022-08-15,2022-08-16,panic_bear_extreme_volatility,6.6,0.0,0.0,6.6,['RECOVERY_LATCH_ACTIVE'],,,,
dca_l2_v2,NVDA,2022-08-15,2022-08-16,panic_bear_extreme_volatility,5.4,0.0,0.0,5.4,['RECOVERY_LATCH_ACTIVE'],,,,
dca_l2_v2,AAPL,2022-08-15,2022-08-16,panic_bear_extreme_volatility,4.5,0.0,0.0,4.5,['RECOVERY_LATCH_ACTIVE'],,,,
dca_l2_v2,ASML,2022-08-15,2022-08-16,panic_bear_extreme_volatility,3.0,0.0,0.0,3.0,['RECOVERY_LATCH_ACTIVE'],,,,
dca_l2_v2,KO,2022-08-15,2022-08-16,panic_bear_extreme_volatility,1.5,0.0,0.0,1.5,['RECOVERY_LATCH_ACTIVE'],,,,
dca_l2_v2_portfolio,PORTFOLIO,2022-08-15,2022-08-16,,,,,,,30.0,0.0,30.0,310.0
dca_l2_v2,BYDDY,2022-08-22,2022-08-23,panic_bear_extreme_volatility,9.0,0.0,0.0,9.0,['DEFENSIVE_BASE_50'],,,,
dca_l2_v2,MSFT,2022-08-22,2022-08-23,panic_bear_extreme_volatility,6.6,0.0,0.0,6.6,['DEFENSIVE_BASE_50'],,,,
dca_l2_v2,NVDA,2022-08-22,2022-08-23,panic_bear_extreme_volatility,5.4,0.0,0.0,5.4,['DEFENSIVE_BASE_50'],,,,
dca_l2_v2,AAPL,2022-08-22,2022-08-23,panic_bear_extreme_volatility,4.5,0.0,0.0,4.5,['DEFENSIVE_BASE_50'],,,,
dca_l2_v2,ASML,2022-08-22,2022-08-23,panic_bear_extreme_volatility,3.0,0.0,0.0,3.0,['DEFENSIVE_BASE_50'],,,,
dca_l2_v2,KO,2022-08-22,2022-08-23,panic_bear_extreme_volatility,1.5,0.0,0.0,1.5,['DEFENSIVE_BASE_50'],,,,
dca_l2_v2_portfolio,PORTFOLIO,2022-08-22,2022-08-23,,,,,,,30.0,0.0,30.0,280.0
dca_l2_v2,BYDDY,2022-08-29,2022-08-30,panic_bear_extreme_volatility,9.0,0.0,0.0,9.0,['DEFENSIVE_BASE_50'],,,,
dca_l2_v2,MSFT,2022-08-29,2022-08-30,panic_bear_extreme_volatility,6.6,0.0,0.0,6.6,['DEFENSIVE_BASE_50'],,,,
dca_l2_v2,NVDA,2022-08-29,2022-08-30,panic_bear_extreme_volatility,5.4,0.0,0.0,5.4,['DEFENSIVE_BASE_50'],,,,
dca_l2_v2,AAPL,2022-08-29,2022-08-30,panic_bear_extreme_volatility,4.5,0.0,0.0,4.5,['DEFENSIVE_BASE_50'],,,,
dca_l2_v2,ASML,2022-08-29,2022-08-30,panic_bear_extreme_volatility,3.0,0.0,0.0,3.0,['DEFENSIVE_BASE_50'],,,,
dca_l2_v2,KO,2022-08-29,2022-08-30,panic_bear_extreme_volatility,1.5,0.0,0.0,1.5,['DEFENSIVE_BASE_50'],,,,
dca_l2_v2_portfolio,PORTFOLIO,2022-08-29,2022-08-30,,,,,,,30.0,0.0,30.0,250.0
dca_l2_v2,BYDDY,2022-09-02,2022-09-06,panic_bear_extreme_volatility,11.25,0.0,0.0,11.25,['DEFENSIVE_BASE_50'],,,,
dca_l2_v2,MSFT,2022-09-02,2022-09-06,panic_bear_extreme_volatility,8.25,0.0,0.0,8.25,['DEFENSIVE_BASE_50'],,,,
dca_l2_v2,NVDA,2022-09-02,2022-09-06,panic_bear_extreme_volatility,6.75,0.0,0.0,6.75,['DEFENSIVE_BASE_50'],,,,
dca_l2_v2,AAPL,2022-09-02,2022-09-06,panic_bear_extreme_volatility,5.63,0.0,0.0,5.63,['DEFENSIVE_BASE_50'],,,,
dca_l2_v2,ASML,2022-09-02,2022-09-06,panic_bear_extreme_volatility,3.75,0.0,0.0,3.75,['DEFENSIVE_BASE_50'],,,,
dca_l2_v2,KO,2022-09-02,2022-09-06,panic_bear_extreme_volatility,1.88,0.0,0.0,1.88,['DEFENSIVE_BASE_50'],,,,
dca_l2_v2_portfolio,PORTFOLIO,2022-09-02,2022-09-06,,,,,,,37.51,0.0,37.51,362.49
dca_l2_v2,BYDDY,2022-09-12,2022-09-13,panic_bear_extreme_volatility,11.25,0.0,0.0,11.25,['DEFENSIVE_BASE_50'],,,,
dca_l2_v2,MSFT,2022-09-12,2022-09-13,panic_bear_extreme_volatility,8.25,0.0,0.0,8.25,['DEFENSIVE_BASE_50'],,,,
dca_l2_v2,NVDA,2022-09-12,2022-09-13,panic_bear_extreme_volatility,6.75,0.0,0.0,6.75,['DEFENSIVE_BASE_50'],,,,
dca_l2_v2,AAPL,2022-09-12,2022-09-13,panic_bear_extreme_volatility,5.63,0.0,0.0,5.63,['DEFENSIVE_BASE_50'],,,,
dca_l2_v2,ASML,2022-09-12,2022-09-13,panic_bear_extreme_volatility,3.75,0.0,0.0,3.75,['DEFENSIVE_BASE_50'],,,,
dca_l2_v2,KO,2022-09-12,2022-09-13,panic_bear_extreme_volatility,1.88,0.0,0.0,1.88,['DEFENSIVE_BASE_50'],,,,
dca_l2_v2_portfolio,PORTFOLIO,2022-09-12,2022-09-13,,,,,,,37.51,0.0,37.51,324.98
dca_l2_v2,BYDDY,2022-09-19,2022-09-20,panic_bear_extreme_volatility,11.25,0.0,0.0,11.25,['DEFENSIVE_BASE_50'],,,,
dca_l2_v2,MSFT,2022-09-19,2022-09-20,panic_bear_extreme_volatility,8.25,0.0,0.0,8.25,['DEFENSIVE_BASE_50'],,,,
dca_l2_v2,NVDA,2022-09-19,2022-09-20,panic_bear_extreme_volatility,6.75,0.0,0.0,6.75,['DEFENSIVE_BASE_50'],,,,
dca_l2_v2,AAPL,2022-09-19,2022-09-20,panic_bear_extreme_volatility,5.63,0.0,0.0,5.63,['DEFENSIVE_BASE_50'],,,,
dca_l2_v2,ASML,2022-09-19,2022-09-20,panic_bear_extreme_volatility,3.75,0.0,0.0,3.75,['DEFENSIVE_BASE_50'],,,,
dca_l2_v2,KO,2022-09-19,2022-09-20,panic_bear_extreme_volatility,1.88,0.0,0.0,1.88,['DEFENSIVE_BASE_50'],,,,
dca_l2_v2_portfolio,PORTFOLIO,2022-09-19,2022-09-20,,,,,,,37.51,0.0,37.51,287.47
dca_l2_v2,BYDDY,2022-09-26,2022-09-27,panic_bear_extreme_volatility,11.25,0.0,0.0,11.25,['DEFENSIVE_BASE_50'],,,,
dca_l2_v2,MSFT,2022-09-26,2022-09-27,panic_bear_extreme_volatility,8.25,0.0,0.0,8.25,['DEFENSIVE_BASE_50'],,,,
dca_l2_v2,NVDA,2022-09-26,2022-09-27,panic_bear_extreme_volatility,6.75,0.0,0.0,6.75,['DEFENSIVE_BASE_50'],,,,
dca_l2_v2,AAPL,2022-09-26,2022-09-27,panic_bear_extreme_volatility,5.63,0.0,0.0,5.63,['DEFENSIVE_BASE_50'],,,,
dca_l2_v2,ASML,2022-09-26,2022-09-27,panic_bear_extreme_volatility,3.75,0.0,0.0,3.75,['DEFENSIVE_BASE_50'],,,,
dca_l2_v2,KO,2022-09-26,2022-09-27,panic_bear_extreme_volatility,1.88,0.0,0.0,1.88,['DEFENSIVE_BASE_50'],,,,
dca_l2_v2_portfolio,PORTFOLIO,2022-09-26,2022-09-27,,,,,,,37.51,0.0,37.51,249.96
dca_l2_v2,BYDDY,2022-10-03,2022-10-04,panic_bear_extreme_volatility,11.25,0.0,0.0,11.25,['DEFENSIVE_BASE_50'],,,,
dca_l2_v2,MSFT,2022-10-03,2022-10-04,panic_bear_extreme_volatility,8.25,0.0,0.0,8.25,['DEFENSIVE_BASE_50'],,,,
dca_l2_v2,NVDA,2022-10-03,2022-10-04,panic_bear_extreme_volatility,6.75,0.0,0.0,6.75,['DEFENSIVE_BASE_50'],,,,
dca_l2_v2,AAPL,2022-10-03,2022-10-04,panic_bear_extreme_volatility,5.63,0.0,0.0,5.63,['DEFENSIVE_BASE_50'],,,,
dca_l2_v2,ASML,2022-10-03,2022-10-04,panic_bear_extreme_volatility,3.75,0.0,0.0,3.75,['DEFENSIVE_BASE_50'],,,,
dca_l2_v2,KO,2022-10-03,2022-10-04,panic_bear_extreme_volatility,1.88,0.0,0.0,1.88,['DEFENSIVE_BASE_50'],,,,
dca_l2_v2_portfolio,PORTFOLIO,2022-10-03,2022-10-04,,,,,,,37.51,0.0,37.51,362.49
dca_l2_v2,BYDDY,2022-10-10,2022-10-11,panic_bear_extreme_volatility,11.25,0.0,0.0,11.25,['DEFENSIVE_BASE_50'],,,,
dca_l2_v2,MSFT,2022-10-10,2022-10-11,panic_bear_extreme_volatility,8.25,0.0,0.0,8.25,['DEFENSIVE_BASE_50'],,,,
dca_l2_v2,NVDA,2022-10-10,2022-10-11,panic_bear_extreme_volatility,6.75,0.0,0.0,6.75,['DEFENSIVE_BASE_50'],,,,
dca_l2_v2,AAPL,2022-10-10,2022-10-11,panic_bear_extreme_volatility,5.63,0.0,0.0,5.63,['DEFENSIVE_BASE_50'],,,,
dca_l2_v2,ASML,2022-10-10,2022-10-11,panic_bear_extreme_volatility,3.75,0.0,0.0,3.75,['DEFENSIVE_BASE_50'],,,,
dca_l2_v2,KO,2022-10-10,2022-10-11,panic_bear_extreme_volatility,1.88,0.0,0.0,1.88,['DEFENSIVE_BASE_50'],,,,
dca_l2_v2_portfolio,PORTFOLIO,2022-10-10,2022-10-11,,,,,,,37.51,0.0,37.51,324.98
dca_l2_v2,BYDDY,2022-10-17,2022-10-18,panic_bear_extreme_volatility,11.25,0.0,0.0,11.25,['DEFENSIVE_BASE_50'],,,,
dca_l2_v2,MSFT,2022-10-17,2022-10-18,panic_bear_extreme_volatility,8.25,0.0,0.0,8.25,['DEFENSIVE_BASE_50'],,,,
dca_l2_v2,NVDA,2022-10-17,2022-10-18,panic_bear_extreme_volatility,6.75,0.0,0.0,6.75,['DEFENSIVE_BASE_50'],,,,
dca_l2_v2,AAPL,2022-10-17,2022-10-18,panic_bear_extreme_volatility,5.63,0.0,0.0,5.63,['DEFENSIVE_BASE_50'],,,,
dca_l2_v2,ASML,2022-10-17,2022-10-18,panic_bear_extreme_volatility,3.75,0.0,0.0,3.75,['DEFENSIVE_BASE_50'],,,,
dca_l2_v2,KO,2022-10-17,2022-10-18,panic_bear_extreme_volatility,1.88,0.0,0.0,1.88,['DEFENSIVE_BASE_50'],,,,
dca_l2_v2_portfolio,PORTFOLIO,2022-10-17,2022-10-18,,,,,,,37.51,0.0,37.51,287.47
dca_l2_v2,BYDDY,2022-10-24,2022-10-25,panic_bear_extreme_volatility,11.25,0.0,0.0,11.25,['DEFENSIVE_BASE_50'],,,,
dca_l2_v2,MSFT,2022-10-24,2022-10-25,panic_bear_extreme_volatility,8.25,0.0,0.0,8.25,['DEFENSIVE_BASE_50'],,,,
dca_l2_v2,NVDA,2022-10-24,2022-10-25,panic_bear_extreme_volatility,6.75,0.0,0.0,6.75,['DEFENSIVE_BASE_50'],,,,
dca_l2_v2,AAPL,2022-10-24,2022-10-25,panic_bear_extreme_volatility,5.63,0.0,0.0,5.63,['DEFENSIVE_BASE_50'],,,,
dca_l2_v2,ASML,2022-10-24,2022-10-25,panic_bear_extreme_volatility,3.75,0.0,0.0,3.75,['DEFENSIVE_BASE_50'],,,,
dca_l2_v2,KO,2022-10-24,2022-10-25,panic_bear_extreme_volatility,1.88,0.0,0.0,1.88,['DEFENSIVE_BASE_50'],,,,
dca_l2_v2_portfolio,PORTFOLIO,2022-10-24,2022-10-25,,,,,,,37.51,0.0,37.51,249.96
dca_l2_v2,BYDDY,2022-10-31,2022-11-01,panic_bear_extreme_volatility,9.0,0.0,0.0,9.0,['DEFENSIVE_BASE_50'],,,,
dca_l2_v2,MSFT,2022-10-31,2022-11-01,panic_bear_extreme_volatility,6.6,0.0,0.0,6.6,['DEFENSIVE_BASE_50'],,,,
dca_l2_v2,NVDA,2022-10-31,2022-11-01,panic_bear_extreme_volatility,5.4,0.0,0.0,5.4,['DEFENSIVE_BASE_50'],,,,
dca_l2_v2,AAPL,2022-10-31,2022-11-01,panic_bear_extreme_volatility,4.5,0.0,0.0,4.5,['DEFENSIVE_BASE_50'],,,,
dca_l2_v2,ASML,2022-10-31,2022-11-01,panic_bear_extreme_volatility,3.0,0.0,0.0,3.0,['DEFENSIVE_BASE_50'],,,,
dca_l2_v2,KO,2022-10-31,2022-11-01,panic_bear_extreme_volatility,1.5,0.0,0.0,1.5,['DEFENSIVE_BASE_50'],,,,
dca_l2_v2_portfolio,PORTFOLIO,2022-10-31,2022-11-01,,,,,,,30.0,0.0,30.0,370.0
dca_l2_v2,BYDDY,2022-11-07,2022-11-08,panic_bear_extreme_volatility,9.0,0.0,0.0,9.0,['DEFENSIVE_BASE_50'],,,,
dca_l2_v2,MSFT,2022-11-07,2022-11-08,panic_bear_extreme_volatility,6.6,0.0,0.0,6.6,['DEFENSIVE_BASE_50'],,,,
dca_l2_v2,NVDA,2022-11-07,2022-11-08,panic_bear_extreme_volatility,5.4,0.0,0.0,5.4,['DEFENSIVE_BASE_50'],,,,
dca_l2_v2,AAPL,2022-11-07,2022-11-08,panic_bear_extreme_volatility,4.5,0.0,0.0,4.5,['DEFENSIVE_BASE_50'],,,,
dca_l2_v2,ASML,2022-11-07,2022-11-08,panic_bear_extreme_volatility,3.0,0.0,0.0,3.0,['DEFENSIVE_BASE_50'],,,,
dca_l2_v2,KO,2022-11-07,2022-11-08,panic_bear_extreme_volatility,1.5,0.0,0.0,1.5,['DEFENSIVE_BASE_50'],,,,
dca_l2_v2_portfolio,PORTFOLIO,2022-11-07,2022-11-08,,,,,,,30.0,0.0,30.0,340.0
dca_l2_v2,BYDDY,2022-11-14,2022-11-15,panic_bear_extreme_volatility,9.0,0.0,0.0,9.0,['DEFENSIVE_BASE_50'],,,,
dca_l2_v2,MSFT,2022-11-14,2022-11-15,panic_bear_extreme_volatility,6.6,0.0,0.0,6.6,['DEFENSIVE_BASE_50'],,,,
dca_l2_v2,NVDA,2022-11-14,2022-11-15,panic_bear_extreme_volatility,5.4,0.0,0.0,5.4,['DEFENSIVE_BASE_50'],,,,
dca_l2_v2,AAPL,2022-11-14,2022-11-15,panic_bear_extreme_volatility,4.5,0.0,0.0,4.5,['DEFENSIVE_BASE_50'],,,,
dca_l2_v2,ASML,2022-11-14,2022-11-15,panic_bear_extreme_volatility,3.0,0.0,0.0,3.0,['DEFENSIVE_BASE_50'],,,,
dca_l2_v2,KO,2022-11-14,2022-11-15,panic_bear_extreme_volatility,1.5,0.0,0.0,1.5,['DEFENSIVE_BASE_50'],,,,
dca_l2_v2_portfolio,PORTFOLIO,2022-11-14,2022-11-15,,,,,,,30.0,0.0,30.0,310.0
dca_l2_v2,BYDDY,2022-11-21,2022-11-22,panic_bear_extreme_volatility,9.0,0.0,0.0,9.0,['DEFENSIVE_BASE_50'],,,,
dca_l2_v2,MSFT,2022-11-21,2022-11-22,panic_bear_extreme_volatility,6.6,0.0,0.0,6.6,['DEFENSIVE_BASE_50'],,,,
dca_l2_v2,NVDA,2022-11-21,2022-11-22,panic_bear_extreme_volatility,5.4,0.0,0.0,5.4,['DEFENSIVE_BASE_50'],,,,
dca_l2_v2,AAPL,2022-11-21,2022-11-22,panic_bear_extreme_volatility,4.5,0.0,0.0,4.5,['DEFENSIVE_BASE_50'],,,,
dca_l2_v2,ASML,2022-11-21,2022-11-22,panic_bear_extreme_volatility,3.0,0.0,0.0,3.0,['DEFENSIVE_BASE_50'],,,,
dca_l2_v2,KO,2022-11-21,2022-11-22,panic_bear_extreme_volatility,1.5,0.0,0.0,1.5,['DEFENSIVE_BASE_50'],,,,
dca_l2_v2_portfolio,PORTFOLIO,2022-11-21,2022-11-22,,,,,,,30.0,0.0,30.0,280.0
dca_l2_v2,BYDDY,2022-11-28,2022-11-29,panic_bear_extreme_volatility,9.0,0.0,0.0,9.0,['DEFENSIVE_BASE_50'],,,,
dca_l2_v2,MSFT,2022-11-28,2022-11-29,panic_bear_extreme_volatility,6.6,0.0,0.0,6.6,['DEFENSIVE_BASE_50'],,,,
dca_l2_v2,NVDA,2022-11-28,2022-11-29,panic_bear_extreme_volatility,5.4,0.0,0.0,5.4,['DEFENSIVE_BASE_50'],,,,
dca_l2_v2,AAPL,2022-11-28,2022-11-29,panic_bear_extreme_volatility,4.5,0.0,0.0,4.5,['DEFENSIVE_BASE_50'],,,,
dca_l2_v2,ASML,2022-11-28,2022-11-29,panic_bear_extreme_volatility,3.0,0.0,0.0,3.0,['DEFENSIVE_BASE_50'],,,,
dca_l2_v2,KO,2022-11-28,2022-11-29,panic_bear_extreme_volatility,1.5,0.0,0.0,1.5,['DEFENSIVE_BASE_50'],,,,
dca_l2_v2_portfolio,PORTFOLIO,2022-11-28,2022-11-29,,,,,,,30.0,0.0,30.0,250.0
dca_l2_v2,BYDDY,2022-12-05,2022-12-06,panic_bear_extreme_volatility,11.25,0.0,0.0,11.25,['DEFENSIVE_BASE_50'],,,,
dca_l2_v2,MSFT,2022-12-05,2022-12-06,panic_bear_extreme_volatility,8.25,0.0,0.0,8.25,['DEFENSIVE_BASE_50'],,,,
dca_l2_v2,NVDA,2022-12-05,2022-12-06,panic_bear_extreme_volatility,6.75,0.0,0.0,6.75,['DEFENSIVE_BASE_50'],,,,
dca_l2_v2,AAPL,2022-12-05,2022-12-06,panic_bear_extreme_volatility,5.63,0.0,0.0,5.63,['DEFENSIVE_BASE_50'],,,,
dca_l2_v2,ASML,2022-12-05,2022-12-06,panic_bear_extreme_volatility,3.75,0.0,0.0,3.75,['DEFENSIVE_BASE_50'],,,,
dca_l2_v2,KO,2022-12-05,2022-12-06,panic_bear_extreme_volatility,1.88,0.0,0.0,1.88,['DEFENSIVE_BASE_50'],,,,
dca_l2_v2_portfolio,PORTFOLIO,2022-12-05,2022-12-06,,,,,,,37.51,0.0,37.51,362.49
dca_l2_v2,BYDDY,2022-12-12,2022-12-13,panic_bear_extreme_volatility,11.25,0.0,0.0,11.25,['DEFENSIVE_BASE_50'],,,,
dca_l2_v2,MSFT,2022-12-12,2022-12-13,panic_bear_extreme_volatility,8.25,0.0,0.0,8.25,['DEFENSIVE_BASE_50'],,,,
dca_l2_v2,NVDA,2022-12-12,2022-12-13,panic_bear_extreme_volatility,6.75,0.0,0.0,6.75,['DEFENSIVE_BASE_50'],,,,
dca_l2_v2,AAPL,2022-12-12,2022-12-13,panic_bear_extreme_volatility,5.63,0.0,0.0,5.63,['DEFENSIVE_BASE_50'],,,,
dca_l2_v2,ASML,2022-12-12,2022-12-13,panic_bear_extreme_volatility,3.75,0.0,0.0,3.75,['DEFENSIVE_BASE_50'],,,,
dca_l2_v2,KO,2022-12-12,2022-12-13,panic_bear_extreme_volatility,1.88,0.0,0.0,1.88,['DEFENSIVE_BASE_50'],,,,
dca_l2_v2_portfolio,PORTFOLIO,2022-12-12,2022-12-13,,,,,,,37.51,0.0,37.51,324.98
dca_l2_v2,BYDDY,2022-12-19,2022-12-20,panic_bear_extreme_volatility,11.25,0.0,0.0,11.25,['DEFENSIVE_BASE_50'],,,,
dca_l2_v2,MSFT,2022-12-19,2022-12-20,panic_bear_extreme_volatility,8.25,0.0,0.0,8.25,['DEFENSIVE_BASE_50'],,,,
dca_l2_v2,NVDA,2022-12-19,2022-12-20,panic_bear_extreme_volatility,6.75,0.0,0.0,6.75,['DEFENSIVE_BASE_50'],,,,
dca_l2_v2,AAPL,2022-12-19,2022-12-20,panic_bear_extreme_volatility,5.63,0.0,0.0,5.63,['DEFENSIVE_BASE_50'],,,,
dca_l2_v2,ASML,2022-12-19,2022-12-20,panic_bear_extreme_volatility,3.75,0.0,0.0,3.75,['DEFENSIVE_BASE_50'],,,,
dca_l2_v2,KO,2022-12-19,2022-12-20,panic_bear_extreme_volatility,1.88,0.0,0.0,1.88,['DEFENSIVE_BASE_50'],,,,
dca_l2_v2_portfolio,PORTFOLIO,2022-12-19,2022-12-20,,,,,,,37.51,0.0,37.51,287.47
dca_l2_v2,BYDDY,2022-12-23,2022-12-27,panic_bear_extreme_volatility,11.25,0.0,0.0,11.25,['DEFENSIVE_BASE_50'],,,,
dca_l2_v2,MSFT,2022-12-23,2022-12-27,panic_bear_extreme_volatility,8.25,0.0,0.0,8.25,['DEFENSIVE_BASE_50'],,,,
dca_l2_v2,NVDA,2022-12-23,2022-12-27,panic_bear_extreme_volatility,6.75,0.0,0.0,6.75,['DEFENSIVE_BASE_50'],,,,
dca_l2_v2,AAPL,2022-12-23,2022-12-27,panic_bear_extreme_volatility,5.63,0.0,0.0,5.63,['DEFENSIVE_BASE_50'],,,,
dca_l2_v2,ASML,2022-12-23,2022-12-27,panic_bear_extreme_volatility,3.75,0.0,0.0,3.75,['DEFENSIVE_BASE_50'],,,,
dca_l2_v2,KO,2022-12-23,2022-12-27,panic_bear_extreme_volatility,1.88,0.0,0.0,1.88,['DEFENSIVE_BASE_50'],,,,
dca_l2_v2_portfolio,PORTFOLIO,2022-12-23,2022-12-27,,,,,,,37.51,0.0,37.51,249.96
dca_l2_v2,BYDDY,2022-12-30,2023-01-03,panic_bear_extreme_volatility,9.0,0.0,0.0,9.0,['DEFENSIVE_BASE_50'],,,,
dca_l2_v2,MSFT,2022-12-30,2023-01-03,panic_bear_extreme_volatility,6.6,0.0,0.0,6.6,['DEFENSIVE_BASE_50'],,,,
dca_l2_v2,NVDA,2022-12-30,2023-01-03,panic_bear_extreme_volatility,5.4,0.0,0.0,5.4,['DEFENSIVE_BASE_50'],,,,
dca_l2_v2,AAPL,2022-12-30,2023-01-03,panic_bear_extreme_volatility,4.5,0.0,0.0,4.5,['DEFENSIVE_BASE_50'],,,,
dca_l2_v2,ASML,2022-12-30,2023-01-03,panic_bear_extreme_volatility,3.0,0.0,0.0,3.0,['DEFENSIVE_BASE_50'],,,,
dca_l2_v2,KO,2022-12-30,2023-01-03,panic_bear_extreme_volatility,1.5,0.0,0.0,1.5,['DEFENSIVE_BASE_50'],,,,
dca_l2_v2_portfolio,PORTFOLIO,2022-12-30,2023-01-03,,,,,,,30.0,0.0,30.0,370.0
dca_l2_v2,BYDDY,2023-01-09,2023-01-10,panic_bear_extreme_volatility,9.0,0.0,0.0,9.0,['DEFENSIVE_BASE_50'],,,,
dca_l2_v2,MSFT,2023-01-09,2023-01-10,panic_bear_extreme_volatility,6.6,0.0,0.0,6.6,['DEFENSIVE_BASE_50'],,,,
dca_l2_v2,NVDA,2023-01-09,2023-01-10,panic_bear_extreme_volatility,5.4,0.0,0.0,5.4,['DEFENSIVE_BASE_50'],,,,
dca_l2_v2,AAPL,2023-01-09,2023-01-10,panic_bear_extreme_volatility,4.5,0.0,0.0,4.5,['DEFENSIVE_BASE_50'],,,,
dca_l2_v2,ASML,2023-01-09,2023-01-10,panic_bear_extreme_volatility,3.0,0.0,0.0,3.0,['DEFENSIVE_BASE_50'],,,,
dca_l2_v2,KO,2023-01-09,2023-01-10,panic_bear_extreme_volatility,1.5,0.0,0.0,1.5,['DEFENSIVE_BASE_50'],,,,
dca_l2_v2_portfolio,PORTFOLIO,2023-01-09,2023-01-10,,,,,,,30.0,0.0,30.0,340.0
dca_l2_v2,BYDDY,2023-01-13,2023-01-17,panic_bear_extreme_volatility,9.0,0.0,0.0,9.0,['DEFENSIVE_BASE_50'],,,,
dca_l2_v2,MSFT,2023-01-13,2023-01-17,panic_bear_extreme_volatility,6.6,0.0,0.0,6.6,['DEFENSIVE_BASE_50'],,,,
dca_l2_v2,NVDA,2023-01-13,2023-01-17,panic_bear_extreme_volatility,5.4,0.0,0.0,5.4,['DEFENSIVE_BASE_50'],,,,
dca_l2_v2,AAPL,2023-01-13,2023-01-17,panic_bear_extreme_volatility,4.5,0.0,0.0,4.5,['DEFENSIVE_BASE_50'],,,,
dca_l2_v2,ASML,2023-01-13,2023-01-17,panic_bear_extreme_volatility,3.0,0.0,0.0,3.0,['DEFENSIVE_BASE_50'],,,,
dca_l2_v2,KO,2023-01-13,2023-01-17,panic_bear_extreme_volatility,1.5,0.0,0.0,1.5,['DEFENSIVE_BASE_50'],,,,
dca_l2_v2_portfolio,PORTFOLIO,2023-01-13,2023-01-17,,,,,,,30.0,0.0,30.0,310.0
dca_l2_v2,BYDDY,2023-01-23,2023-01-24,panic_bear_extreme_volatility,9.0,0.0,0.0,9.0,['DEFENSIVE_BASE_50'],,,,
dca_l2_v2,MSFT,2023-01-23,2023-01-24,panic_bear_extreme_volatility,6.6,0.0,0.0,6.6,['DEFENSIVE_BASE_50'],,,,
dca_l2_v2,NVDA,2023-01-23,2023-01-24,panic_bear_extreme_volatility,5.4,0.0,0.0,5.4,['DEFENSIVE_BASE_50'],,,,
dca_l2_v2,AAPL,2023-01-23,2023-01-24,panic_bear_extreme_volatility,4.5,0.0,0.0,4.5,['DEFENSIVE_BASE_50'],,,,
dca_l2_v2,ASML,2023-01-23,2023-01-24,panic_bear_extreme_volatility,3.0,0.0,0.0,3.0,['DEFENSIVE_BASE_50'],,,,
dca_l2_v2,KO,2023-01-23,2023-01-24,panic_bear_extreme_volatility,1.5,0.0,0.0,1.5,['DEFENSIVE_BASE_50'],,,,
dca_l2_v2_portfolio,PORTFOLIO,2023-01-23,2023-01-24,,,,,,,30.0,0.0,30.0,280.0
dca_l2_v2,BYDDY,2023-01-30,2023-01-31,panic_bear_extreme_volatility,9.0,0.0,0.0,9.0,['DEFENSIVE_BASE_50'],,,,
dca_l2_v2,MSFT,2023-01-30,2023-01-31,panic_bear_extreme_volatility,6.6,0.0,0.0,6.6,['DEFENSIVE_BASE_50'],,,,
dca_l2_v2,NVDA,2023-01-30,2023-01-31,panic_bear_extreme_volatility,5.4,0.0,0.0,5.4,['DEFENSIVE_BASE_50'],,,,
dca_l2_v2,AAPL,2023-01-30,2023-01-31,panic_bear_extreme_volatility,4.5,0.0,0.0,4.5,['DEFENSIVE_BASE_50'],,,,
dca_l2_v2,ASML,2023-01-30,2023-01-31,panic_bear_extreme_volatility,3.0,0.0,0.0,3.0,['DEFENSIVE_BASE_50'],,,,
dca_l2_v2,KO,2023-01-30,2023-01-31,panic_bear_extreme_volatility,1.5,0.0,0.0,1.5,['DEFENSIVE_BASE_50'],,,,
dca_l2_v2_portfolio,PORTFOLIO,2023-01-30,2023-01-31,,,,,,,30.0,0.0,30.0,250.0
dca_l2_v2,BYDDY,2023-02-06,2023-02-07,panic_bear_extreme_volatility,11.25,0.0,0.0,11.25,['RECOVERY_LATCH_ACTIVE'],,,,
dca_l2_v2,MSFT,2023-02-06,2023-02-07,panic_bear_extreme_volatility,8.25,0.0,0.0,8.25,['RECOVERY_LATCH_ACTIVE'],,,,
dca_l2_v2,NVDA,2023-02-06,2023-02-07,panic_bear_extreme_volatility,6.75,0.0,0.0,6.75,['RECOVERY_LATCH_ACTIVE'],,,,
dca_l2_v2,AAPL,2023-02-06,2023-02-07,panic_bear_extreme_volatility,5.63,0.0,0.0,5.63,['RECOVERY_LATCH_ACTIVE'],,,,
dca_l2_v2,ASML,2023-02-06,2023-02-07,panic_bear_extreme_volatility,3.75,0.0,0.0,3.75,['RECOVERY_LATCH_ACTIVE'],,,,
dca_l2_v2,KO,2023-02-06,2023-02-07,panic_bear_extreme_volatility,1.88,0.0,0.0,1.88,['RECOVERY_LATCH_ACTIVE'],,,,
dca_l2_v2_portfolio,PORTFOLIO,2023-02-06,2023-02-07,,,,,,,37.51,0.0,37.51,362.49
dca_l2_v2,BYDDY,2023-02-13,2023-02-14,small_drawdown,22.5,1.81,0.0,24.31,['EXTRA_DIP_BUY'],,,,
dca_l2_v2,MSFT,2023-02-13,2023-02-14,normal,16.5,0.0,0.0,16.5,[],,,,
dca_l2_v2,NVDA,2023-02-13,2023-02-14,normal,13.5,0.0,0.0,13.5,[],,,,
dca_l2_v2,AAPL,2023-02-13,2023-02-14,normal,11.25,0.0,0.0,11.25,[],,,,
dca_l2_v2,ASML,2023-02-13,2023-02-14,normal,7.5,0.0,0.0,7.5,[],,,,
dca_l2_v2,KO,2023-02-13,2023-02-14,small_drawdown,3.75,0.08,0.0,3.83,['EXTRA_DIP_BUY'],,,,
dca_l2_v2_portfolio,PORTFOLIO,2023-02-13,2023-02-14,,,,,,,76.89,0.0,76.89,285.6
dca_l2_v2,BYDDY,2023-02-17,2023-02-21,medium_drawdown,22.5,3.59,0.0,26.09,['EXTRA_DIP_BUY'],,,,
dca_l2_v2,MSFT,2023-02-17,2023-02-21,normal,16.5,0.0,0.0,16.5,[],,,,
dca_l2_v2,NVDA,2023-02-17,2023-02-21,small_drawdown,13.5,0.64,0.0,14.14,['EXTRA_DIP_BUY'],,,,
dca_l2_v2,AAPL,2023-02-17,2023-02-21,normal,11.25,0.0,0.0,11.25,[],,,,
dca_l2_v2,ASML,2023-02-17,2023-02-21,small_drawdown,7.5,0.23,0.0,7.73,['EXTRA_DIP_BUY'],,,,
dca_l2_v2,KO,2023-02-17,2023-02-21,small_drawdown,3.75,0.13,0.0,3.88,['EXTRA_DIP_BUY'],,,,
dca_l2_v2_portfolio,PORTFOLIO,2023-02-17,2023-02-21,,,,,,,79.59,0.0,79.59,206.01
dca_l2_v2,BYDDY,2023-02-27,2023-02-28,panic_bear_extreme_volatility,11.25,0.0,0.0,11.25,['DEFENSIVE_BASE_50'],,,,
dca_l2_v2,MSFT,2023-02-27,2023-02-28,panic_bear_extreme_volatility,8.25,0.0,0.0,8.25,['DEFENSIVE_BASE_50'],,,,
dca_l2_v2,NVDA,2023-02-27,2023-02-28,panic_bear_extreme_volatility,6.75,0.0,0.0,6.75,['DEFENSIVE_BASE_50'],,,,
dca_l2_v2,AAPL,2023-02-27,2023-02-28,panic_bear_extreme_volatility,5.63,0.0,0.0,5.63,['DEFENSIVE_BASE_50'],,,,
dca_l2_v2,ASML,2023-02-27,2023-02-28,panic_bear_extreme_volatility,3.75,0.0,0.0,3.75,['DEFENSIVE_BASE_50'],,,,
dca_l2_v2,KO,2023-02-27,2023-02-28,panic_bear_extreme_volatility,1.88,0.0,0.0,1.88,['DEFENSIVE_BASE_50'],,,,
dca_l2_v2_portfolio,PORTFOLIO,2023-02-27,2023-02-28,,,,,,,37.51,0.0,37.51,168.5
dca_l2_v2,BYDDY,2023-03-06,2023-03-07,panic_bear_extreme_volatility,11.25,0.0,0.0,11.25,['RECOVERY_LATCH_ACTIVE'],,,,
dca_l2_v2,MSFT,2023-03-06,2023-03-07,panic_bear_extreme_volatility,8.25,0.0,0.0,8.25,['RECOVERY_LATCH_ACTIVE'],,,,
dca_l2_v2,NVDA,2023-03-06,2023-03-07,panic_bear_extreme_volatility,6.75,0.0,0.0,6.75,['RECOVERY_LATCH_ACTIVE'],,,,
dca_l2_v2,AAPL,2023-03-06,2023-03-07,panic_bear_extreme_volatility,5.63,0.0,0.0,5.63,['RECOVERY_LATCH_ACTIVE'],,,,
dca_l2_v2,ASML,2023-03-06,2023-03-07,panic_bear_extreme_volatility,3.75,0.0,0.0,3.75,['RECOVERY_LATCH_ACTIVE'],,,,
dca_l2_v2,KO,2023-03-06,2023-03-07,panic_bear_extreme_volatility,1.88,0.0,0.0,1.88,['RECOVERY_LATCH_ACTIVE'],,,,
dca_l2_v2_portfolio,PORTFOLIO,2023-03-06,2023-03-07,,,,,,,37.51,0.0,37.51,362.49
dca_l2_v2,BYDDY,2023-03-13,2023-03-14,panic_bear_extreme_volatility,11.25,0.0,0.0,11.25,['DEFENSIVE_BASE_50'],,,,
dca_l2_v2,MSFT,2023-03-13,2023-03-14,panic_bear_extreme_volatility,8.25,0.0,0.0,8.25,['DEFENSIVE_BASE_50'],,,,
dca_l2_v2,NVDA,2023-03-13,2023-03-14,panic_bear_extreme_volatility,6.75,0.0,0.0,6.75,['DEFENSIVE_BASE_50'],,,,
dca_l2_v2,AAPL,2023-03-13,2023-03-14,panic_bear_extreme_volatility,5.63,0.0,0.0,5.63,['DEFENSIVE_BASE_50'],,,,
dca_l2_v2,ASML,2023-03-13,2023-03-14,panic_bear_extreme_volatility,3.75,0.0,0.0,3.75,['DEFENSIVE_BASE_50'],,,,
dca_l2_v2,KO,2023-03-13,2023-03-14,panic_bear_extreme_volatility,1.88,0.0,0.0,1.88,['DEFENSIVE_BASE_50'],,,,
dca_l2_v2_portfolio,PORTFOLIO,2023-03-13,2023-03-14,,,,,,,37.51,0.0,37.51,324.98
dca_l2_v2,BYDDY,2023-03-20,2023-03-21,panic_bear_extreme_volatility,11.25,0.0,0.0,11.25,['RECOVERY_LATCH_ACTIVE'],,,,
dca_l2_v2,MSFT,2023-03-20,2023-03-21,panic_bear_extreme_volatility,8.25,0.0,0.0,8.25,['RECOVERY_LATCH_ACTIVE'],,,,
dca_l2_v2,NVDA,2023-03-20,2023-03-21,panic_bear_extreme_volatility,6.75,0.0,0.0,6.75,['RECOVERY_LATCH_ACTIVE'],,,,
dca_l2_v2,AAPL,2023-03-20,2023-03-21,panic_bear_extreme_volatility,5.63,0.0,0.0,5.63,['RECOVERY_LATCH_ACTIVE'],,,,
dca_l2_v2,ASML,2023-03-20,2023-03-21,panic_bear_extreme_volatility,3.75,0.0,0.0,3.75,['RECOVERY_LATCH_ACTIVE'],,,,
dca_l2_v2,KO,2023-03-20,2023-03-21,panic_bear_extreme_volatility,1.88,0.0,0.0,1.88,['RECOVERY_LATCH_ACTIVE'],,,,
dca_l2_v2_portfolio,PORTFOLIO,2023-03-20,2023-03-21,,,,,,,37.51,0.0,37.51,287.47
dca_l2_v2,BYDDY,2023-03-27,2023-03-28,deep_drawdown,22.5,6.07,25.0,53.57,"['EXTRA_DIP_BUY', 'CRASH_FUND_PLANNED']",,,,
dca_l2_v2,MSFT,2023-03-27,2023-03-28,normal,16.5,0.0,0.0,16.5,[],,,,
dca_l2_v2,NVDA,2023-03-27,2023-03-28,normal,13.5,0.0,0.0,13.5,[],,,,
dca_l2_v2,AAPL,2023-03-27,2023-03-28,normal,11.25,0.0,0.0,11.25,[],,,,
dca_l2_v2,ASML,2023-03-27,2023-03-28,small_drawdown,7.5,0.44,0.0,7.94,['EXTRA_DIP_BUY'],,,,
dca_l2_v2,KO,2023-03-27,2023-03-28,normal,3.75,0.0,0.0,3.75,[],,,,
dca_l2_v2_portfolio,PORTFOLIO,2023-03-27,2023-03-28,,,,,,,81.51,25.0,106.51,180.96
dca_l2_v2,BYDDY,2023-04-03,2023-04-04,medium_drawdown,22.5,3.42,0.0,25.92,['EXTRA_DIP_BUY'],,,,
dca_l2_v2,MSFT,2023-04-03,2023-04-04,normal,16.5,0.0,0.0,16.5,[],,,,
dca_l2_v2,NVDA,2023-04-03,2023-04-04,normal,13.5,0.0,0.0,13.5,[],,,,
dca_l2_v2,AAPL,2023-04-03,2023-04-04,normal,11.25,0.0,0.0,11.25,[],,,,
dca_l2_v2,ASML,2023-04-03,2023-04-04,normal,7.5,0.0,0.0,7.5,[],,,,
dca_l2_v2,KO,2023-04-03,2023-04-04,normal,3.75,0.0,0.0,3.75,[],,,,
dca_l2_v2_portfolio,PORTFOLIO,2023-04-03,2023-04-04,,,,,,,78.42,0.0,78.42,321.58
dca_l2_v2,BYDDY,2023-04-10,2023-04-11,medium_drawdown,22.5,3.84,0.0,26.34,['EXTRA_DIP_BUY'],,,,
dca_l2_v2,MSFT,2023-04-10,2023-04-11,normal,16.5,0.0,0.0,16.5,[],,,,
dca_l2_v2,NVDA,2023-04-10,2023-04-11,normal,13.5,0.0,0.0,13.5,[],,,,
dca_l2_v2,AAPL,2023-04-10,2023-04-11,normal,11.25,0.0,0.0,11.25,[],,,,
dca_l2_v2,ASML,2023-04-10,2023-04-11,normal,7.5,0.0,0.0,7.5,[],,,,
dca_l2_v2,KO,2023-04-10,2023-04-11,normal,3.75,0.0,0.0,3.75,[],,,,
dca_l2_v2_portfolio,PORTFOLIO,2023-04-10,2023-04-11,,,,,,,78.84,0.0,78.84,242.74
dca_l2_v2,BYDDY,2023-04-17,2023-04-18,medium_drawdown,22.5,3.53,0.0,26.03,['EXTRA_DIP_BUY'],,,,
dca_l2_v2,MSFT,2023-04-17,2023-04-18,normal,16.5,0.0,0.0,16.5,[],,,,
dca_l2_v2,NVDA,2023-04-17,2023-04-18,normal,13.5,0.0,0.0,13.5,[],,,,
dca_l2_v2,AAPL,2023-04-17,2023-04-18,normal,11.25,0.0,0.0,11.25,[],,,,
dca_l2_v2,ASML,2023-04-17,2023-04-18,small_drawdown,7.5,0.57,0.0,8.07,['EXTRA_DIP_BUY'],,,,
dca_l2_v2,KO,2023-04-17,2023-04-18,normal,3.75,0.0,0.0,3.75,[],,,,
dca_l2_v2_portfolio,PORTFOLIO,2023-04-17,2023-04-18,,,,,,,79.1,0.0,79.1,163.64
dca_l2_v2,BYDDY,2023-04-24,2023-04-25,small_drawdown,22.5,1.14,0.0,23.64,"['EXTRA_DIP_BUY', 'NORMAL_POOL_BASE_BUDGET_APPLIED', 'NORMAL_POOL_EXTRA_BUDGET_APPLIED']",,,,
dca_l2_v2,MSFT,2023-04-24,2023-04-25,normal,16.5,0.0,0.0,16.5,"['NORMAL_POOL_BASE_BUDGET_APPLIED', 'NORMAL_POOL_EXTRA_BUDGET_APPLIED']",,,,
dca_l2_v2,NVDA,2023-04-24,2023-04-25,normal,13.5,0.0,0.0,13.5,"['NORMAL_POOL_BASE_BUDGET_APPLIED', 'NORMAL_POOL_EXTRA_BUDGET_APPLIED']",,,,
dca_l2_v2,AAPL,2023-04-24,2023-04-25,normal,11.25,0.0,0.0,11.25,"['NORMAL_POOL_BASE_BUDGET_APPLIED', 'NORMAL_POOL_EXTRA_BUDGET_APPLIED']",,,,
dca_l2_v2,ASML,2023-04-24,2023-04-25,small_drawdown,7.5,0.53,0.0,8.03,"['EXTRA_DIP_BUY', 'NORMAL_POOL_BASE_BUDGET_APPLIED', 'NORMAL_POOL_EXTRA_BUDGET_APPLIED']",,,,
dca_l2_v2,KO,2023-04-24,2023-04-25,normal,3.75,0.0,0.0,3.75,"['NORMAL_POOL_BASE_BUDGET_APPLIED', 'NORMAL_POOL_EXTRA_BUDGET_APPLIED']",,,,
dca_l2_v2_portfolio,PORTFOLIO,2023-04-24,2023-04-25,,,,,,,63.64,0.0,63.64,100.0
dca_l2_v2,BYDDY,2023-05-01,2023-05-02,normal,18.0,0.0,0.0,18.0,[],,,,
dca_l2_v2,MSFT,2023-05-01,2023-05-02,normal,13.2,0.0,0.0,13.2,[],,,,
dca_l2_v2,NVDA,2023-05-01,2023-05-02,normal,10.8,0.0,0.0,10.8,[],,,,
dca_l2_v2,AAPL,2023-05-01,2023-05-02,normal,9.0,0.0,0.0,9.0,[],,,,
dca_l2_v2,ASML,2023-05-01,2023-05-02,small_drawdown,6.0,0.21,0.0,6.21,['EXTRA_DIP_BUY'],,,,
dca_l2_v2,KO,2023-05-01,2023-05-02,normal,3.0,0.0,0.0,3.0,[],,,,
dca_l2_v2_portfolio,PORTFOLIO,2023-05-01,2023-05-02,,,,,,,60.21,0.0,60.21,339.79
dca_l2_v2,BYDDY,2023-05-08,2023-05-09,normal,18.0,0.0,0.0,18.0,[],,,,
dca_l2_v2,MSFT,2023-05-08,2023-05-09,normal,13.2,0.0,0.0,13.2,[],,,,
dca_l2_v2,NVDA,2023-05-08,2023-05-09,normal,10.8,0.0,0.0,10.8,[],,,,
dca_l2_v2,AAPL,2023-05-08,2023-05-09,normal,9.0,0.0,0.0,9.0,[],,,,
dca_l2_v2,ASML,2023-05-08,2023-05-09,normal,6.0,0.0,0.0,6.0,[],,,,
dca_l2_v2,KO,2023-05-08,2023-05-09,normal,3.0,0.0,0.0,3.0,[],,,,
dca_l2_v2_portfolio,PORTFOLIO,2023-05-08,2023-05-09,,,,,,,60.0,0.0,60.0,279.79
dca_l2_v2,BYDDY,2023-05-15,2023-05-16,normal,18.0,0.0,0.0,18.0,[],,,,
dca_l2_v2,MSFT,2023-05-15,2023-05-16,normal,13.2,0.0,0.0,13.2,[],,,,
dca_l2_v2,NVDA,2023-05-15,2023-05-16,normal,10.8,0.0,0.0,10.8,[],,,,
dca_l2_v2,AAPL,2023-05-15,2023-05-16,normal,9.0,0.0,0.0,9.0,[],,,,
dca_l2_v2,ASML,2023-05-15,2023-05-16,normal,6.0,0.0,0.0,6.0,[],,,,
dca_l2_v2,KO,2023-05-15,2023-05-16,normal,3.0,0.0,0.0,3.0,[],,,,
dca_l2_v2_portfolio,PORTFOLIO,2023-05-15,2023-05-16,,,,,,,60.0,0.0,60.0,219.79
dca_l2_v2,BYDDY,2023-05-22,2023-05-23,normal,18.0,0.0,0.0,18.0,[],,,,
dca_l2_v2,MSFT,2023-05-22,2023-05-23,normal,13.2,0.0,0.0,13.2,[],,,,
dca_l2_v2,NVDA,2023-05-22,2023-05-23,normal,10.8,0.0,0.0,10.8,[],,,,
dca_l2_v2,AAPL,2023-05-22,2023-05-23,normal,9.0,0.0,0.0,9.0,[],,,,
dca_l2_v2,ASML,2023-05-22,2023-05-23,normal,6.0,0.0,0.0,6.0,[],,,,
dca_l2_v2,KO,2023-05-22,2023-05-23,normal,3.0,0.0,0.0,3.0,[],,,,
dca_l2_v2_portfolio,PORTFOLIO,2023-05-22,2023-05-23,,,,,,,60.0,0.0,60.0,159.79
dca_l2_v2,BYDDY,2023-05-26,2023-05-30,small_drawdown,18.0,1.31,0.0,19.31,"['EXTRA_DIP_BUY', 'NORMAL_POOL_BASE_BUDGET_APPLIED', 'NORMAL_POOL_EXTRA_BUDGET_APPLIED']",,,,
dca_l2_v2,MSFT,2023-05-26,2023-05-30,normal,13.2,0.0,0.0,13.2,"['NORMAL_POOL_BASE_BUDGET_APPLIED', 'NORMAL_POOL_EXTRA_BUDGET_APPLIED']",,,,
dca_l2_v2,NVDA,2023-05-26,2023-05-30,normal,10.8,0.0,0.0,10.8,"['NORMAL_POOL_BASE_BUDGET_APPLIED', 'NORMAL_POOL_EXTRA_BUDGET_APPLIED']",,,,
dca_l2_v2,AAPL,2023-05-26,2023-05-30,normal,9.0,0.0,0.0,9.0,"['NORMAL_POOL_BASE_BUDGET_APPLIED', 'NORMAL_POOL_EXTRA_BUDGET_APPLIED']",,,,
dca_l2_v2,ASML,2023-05-26,2023-05-30,normal,6.0,0.0,0.0,6.0,"['NORMAL_POOL_BASE_BUDGET_APPLIED', 'NORMAL_POOL_EXTRA_BUDGET_APPLIED']",,,,
dca_l2_v2,KO,2023-05-26,2023-05-30,small_drawdown,3.0,0.1,0.0,3.1,"['EXTRA_DIP_BUY', 'NORMAL_POOL_BASE_BUDGET_APPLIED', 'NORMAL_POOL_EXTRA_BUDGET_APPLIED']",,,,
dca_l2_v2_portfolio,PORTFOLIO,2023-05-26,2023-05-30,,,,,,,59.79,0.0,59.79,100.0
dca_l2_v2,BYDDY,2023-06-05,2023-06-06,normal,22.5,0.0,0.0,22.5,[],,,,
dca_l2_v2,MSFT,2023-06-05,2023-06-06,normal,16.5,0.0,0.0,16.5,[],,,,
dca_l2_v2,NVDA,2023-06-05,2023-06-06,normal,13.5,0.0,0.0,13.5,[],,,,
dca_l2_v2,AAPL,2023-06-05,2023-06-06,normal,11.25,0.0,0.0,11.25,[],,,,
dca_l2_v2,ASML,2023-06-05,2023-06-06,normal,7.5,0.0,0.0,7.5,[],,,,
dca_l2_v2,KO,2023-06-05,2023-06-06,small_drawdown,3.75,0.05,0.0,3.8,['EXTRA_DIP_BUY'],,,,
dca_l2_v2_portfolio,PORTFOLIO,2023-06-05,2023-06-06,,,,,,,75.05,0.0,75.05,324.95
dca_l2_v2,BYDDY,2023-06-12,2023-06-13,normal,22.5,0.0,0.0,22.5,[],,,,
dca_l2_v2,MSFT,2023-06-12,2023-06-13,normal,16.5,0.0,0.0,16.5,[],,,,
dca_l2_v2,NVDA,2023-06-12,2023-06-13,normal,13.5,0.0,0.0,13.5,[],,,,
dca_l2_v2,AAPL,2023-06-12,2023-06-13,normal,11.25,0.0,0.0,11.25,[],,,,
dca_l2_v2,ASML,2023-06-12,2023-06-13,normal,7.5,0.0,0.0,7.5,[],,,,
dca_l2_v2,KO,2023-06-12,2023-06-13,small_drawdown,3.75,0.13,0.0,3.88,['EXTRA_DIP_BUY'],,,,
dca_l2_v2_portfolio,PORTFOLIO,2023-06-12,2023-06-13,,,,,,,75.13,0.0,75.13,249.82
dca_l2_v2,BYDDY,2023-06-16,2023-06-20,normal,22.5,0.0,0.0,22.5,[],,,,
dca_l2_v2,MSFT,2023-06-16,2023-06-20,normal,16.5,0.0,0.0,16.5,[],,,,
dca_l2_v2,NVDA,2023-06-16,2023-06-20,normal,13.5,0.0,0.0,13.5,[],,,,
dca_l2_v2,AAPL,2023-06-16,2023-06-20,normal,11.25,0.0,0.0,11.25,[],,,,
dca_l2_v2,ASML,2023-06-16,2023-06-20,normal,7.5,0.0,0.0,7.5,[],,,,
dca_l2_v2,KO,2023-06-16,2023-06-20,normal,3.75,0.0,0.0,3.75,[],,,,
dca_l2_v2_portfolio,PORTFOLIO,2023-06-16,2023-06-20,,,,,,,75.0,0.0,75.0,174.82
dca_l2_v2,BYDDY,2023-06-26,2023-06-27,small_drawdown,22.5,1.29,0.0,23.79,"['EXTRA_DIP_BUY', 'NORMAL_POOL_BASE_BUDGET_APPLIED', 'NORMAL_POOL_EXTRA_BUDGET_APPLIED']",,,,
dca_l2_v2,MSFT,2023-06-26,2023-06-27,small_drawdown,16.5,0.25,0.0,16.75,"['EXTRA_DIP_BUY', 'NORMAL_POOL_BASE_BUDGET_APPLIED', 'NORMAL_POOL_EXTRA_BUDGET_APPLIED']",,,,
dca_l2_v2,NVDA,2023-06-26,2023-06-27,small_drawdown,13.5,0.76,0.0,14.26,"['EXTRA_DIP_BUY', 'NORMAL_POOL_BASE_BUDGET_APPLIED', 'NORMAL_POOL_EXTRA_BUDGET_APPLIED']",,,,
dca_l2_v2,AAPL,2023-06-26,2023-06-27,normal,11.25,0.0,0.0,11.25,"['NORMAL_POOL_BASE_BUDGET_APPLIED', 'NORMAL_POOL_EXTRA_BUDGET_APPLIED']",,,,
dca_l2_v2,ASML,2023-06-26,2023-06-27,small_drawdown,7.5,0.07,0.0,7.57,"['EXTRA_DIP_BUY', 'NORMAL_POOL_BASE_BUDGET_APPLIED', 'NORMAL_POOL_EXTRA_BUDGET_APPLIED']",,,,
dca_l2_v2,KO,2023-06-26,2023-06-27,normal,3.75,0.0,0.0,3.75,"['NORMAL_POOL_BASE_BUDGET_APPLIED', 'NORMAL_POOL_EXTRA_BUDGET_APPLIED']",,,,
dca_l2_v2_portfolio,PORTFOLIO,2023-06-26,2023-06-27,,,,,,,74.82,0.0,74.82,100.0
dca_l2_v2,BYDDY,2023-07-03,2023-07-05,small_drawdown,22.5,0.15,0.0,22.65,['EXTRA_DIP_BUY'],,,,
dca_l2_v2,MSFT,2023-07-03,2023-07-05,normal,16.5,0.0,0.0,16.5,[],,,,
dca_l2_v2,NVDA,2023-07-03,2023-07-05,normal,13.5,0.0,0.0,13.5,[],,,,
dca_l2_v2,AAPL,2023-07-03,2023-07-05,normal,11.25,0.0,0.0,11.25,[],,,,
dca_l2_v2,ASML,2023-07-03,2023-07-05,normal,7.5,0.0,0.0,7.5,[],,,,
dca_l2_v2,KO,2023-07-03,2023-07-05,small_drawdown,3.75,0.01,0.0,3.76,['EXTRA_DIP_BUY'],,,,
dca_l2_v2_portfolio,PORTFOLIO,2023-07-03,2023-07-05,,,,,,,75.16,0.0,75.16,324.84
dca_l2_v2,BYDDY,2023-07-10,2023-07-11,normal,22.5,0.0,0.0,22.5,[],,,,
dca_l2_v2,MSFT,2023-07-10,2023-07-11,normal,16.5,0.0,0.0,16.5,[],,,,
dca_l2_v2,NVDA,2023-07-10,2023-07-11,normal,13.5,0.0,0.0,13.5,[],,,,
dca_l2_v2,AAPL,2023-07-10,2023-07-11,normal,11.25,0.0,0.0,11.25,[],,,,
dca_l2_v2,ASML,2023-07-10,2023-07-11,normal,7.5,0.0,0.0,7.5,[],,,,
dca_l2_v2,KO,2023-07-10,2023-07-11,small_drawdown,3.75,0.19,0.0,3.94,['EXTRA_DIP_BUY'],,,,
dca_l2_v2_portfolio,PORTFOLIO,2023-07-10,2023-07-11,,,,,,,75.19,0.0,75.19,249.65
dca_l2_v2,BYDDY,2023-07-17,2023-07-18,normal,22.5,0.0,0.0,22.5,[],,,,
dca_l2_v2,MSFT,2023-07-17,2023-07-18,normal,16.5,0.0,0.0,16.5,[],,,,
dca_l2_v2,NVDA,2023-07-17,2023-07-18,normal,13.5,0.0,0.0,13.5,[],,,,
dca_l2_v2,AAPL,2023-07-17,2023-07-18,normal,11.25,0.0,0.0,11.25,[],,,,
dca_l2_v2,ASML,2023-07-17,2023-07-18,normal,7.5,0.0,0.0,7.5,[],,,,
dca_l2_v2,KO,2023-07-17,2023-07-18,normal,3.75,0.0,0.0,3.75,[],,,,
dca_l2_v2_portfolio,PORTFOLIO,2023-07-17,2023-07-18,,,,,,,75.0,0.0,75.0,174.65
dca_l2_v2,BYDDY,2023-07-24,2023-07-25,normal,22.5,0.0,0.0,22.5,"['NORMAL_POOL_BASE_BUDGET_APPLIED', 'NORMAL_POOL_EXTRA_BUDGET_APPLIED']",,,,
dca_l2_v2,MSFT,2023-07-24,2023-07-25,normal,16.5,0.0,0.0,16.5,"['NORMAL_POOL_BASE_BUDGET_APPLIED', 'NORMAL_POOL_EXTRA_BUDGET_APPLIED']",,,,
dca_l2_v2,NVDA,2023-07-24,2023-07-25,small_drawdown,13.5,0.36,0.0,13.86,"['EXTRA_DIP_BUY', 'NORMAL_POOL_BASE_BUDGET_APPLIED', 'NORMAL_POOL_EXTRA_BUDGET_APPLIED']",,,,
dca_l2_v2,AAPL,2023-07-24,2023-07-25,normal,11.25,0.0,0.0,11.25,"['NORMAL_POOL_BASE_BUDGET_APPLIED', 'NORMAL_POOL_EXTRA_BUDGET_APPLIED']",,,,
dca_l2_v2,ASML,2023-07-24,2023-07-25,small_drawdown,7.5,0.86,0.0,8.36,"['EXTRA_DIP_BUY', 'NORMAL_POOL_BASE_BUDGET_APPLIED', 'NORMAL_POOL_EXTRA_BUDGET_APPLIED']",,,,
dca_l2_v2,KO,2023-07-24,2023-07-25,normal,3.75,0.0,0.0,3.75,"['NORMAL_POOL_BASE_BUDGET_APPLIED', 'NORMAL_POOL_EXTRA_BUDGET_APPLIED']",,,,
dca_l2_v2_portfolio,PORTFOLIO,2023-07-24,2023-07-25,,,,,,,74.66,0.0,74.66,99.99
dca_l2_v2,BYDDY,2023-07-31,2023-08-01,normal,18.0,0.0,0.0,18.0,[],,,,
dca_l2_v2,MSFT,2023-07-31,2023-08-01,small_drawdown,13.2,0.51,0.0,13.71,['EXTRA_DIP_BUY'],,,,
dca_l2_v2,NVDA,2023-07-31,2023-08-01,normal,10.8,0.0,0.0,10.8,[],,,,
dca_l2_v2,AAPL,2023-07-31,2023-08-01,normal,9.0,0.0,0.0,9.0,[],,,,
dca_l2_v2,ASML,2023-07-31,2023-08-01,small_drawdown,6.0,0.05,0.0,6.05,['EXTRA_DIP_BUY'],,,,
dca_l2_v2,KO,2023-07-31,2023-08-01,normal,3.0,0.0,0.0,3.0,[],,,,
dca_l2_v2_portfolio,PORTFOLIO,2023-07-31,2023-08-01,,,,,,,60.56,0.0,60.56,339.44
dca_l2_v2,BYDDY,2023-08-07,2023-08-08,normal,18.0,0.0,0.0,18.0,[],,,,
dca_l2_v2,MSFT,2023-08-07,2023-08-08,small_drawdown,13.2,1.05,0.0,14.25,['EXTRA_DIP_BUY'],,,,
dca_l2_v2,NVDA,2023-08-07,2023-08-08,normal,10.8,0.0,0.0,10.8,[],,,,
dca_l2_v2,AAPL,2023-08-07,2023-08-08,small_drawdown,9.0,0.89,0.0,9.89,['EXTRA_DIP_BUY'],,,,
dca_l2_v2,ASML,2023-08-07,2023-08-08,small_drawdown,6.0,0.48,0.0,6.48,['EXTRA_DIP_BUY'],,,,
dca_l2_v2,KO,2023-08-07,2023-08-08,normal,3.0,0.0,0.0,3.0,[],,,,
dca_l2_v2_portfolio,PORTFOLIO,2023-08-07,2023-08-08,,,,,,,62.42,0.0,62.42,277.02
dca_l2_v2,BYDDY,2023-08-14,2023-08-15,medium_drawdown,18.0,3.39,0.0,21.39,['EXTRA_DIP_BUY'],,,,
dca_l2_v2,MSFT,2023-08-14,2023-08-15,small_drawdown,13.2,1.6,0.0,14.8,['EXTRA_DIP_BUY'],,,,
dca_l2_v2,NVDA,2023-08-14,2023-08-15,small_drawdown,10.8,0.78,0.0,11.58,['EXTRA_DIP_BUY'],,,,
dca_l2_v2,AAPL,2023-08-14,2023-08-15,small_drawdown,9.0,0.79,0.0,9.79,['EXTRA_DIP_BUY'],,,,
dca_l2_v2,ASML,2023-08-14,2023-08-15,medium_drawdown,6.0,0.88,0.0,6.88,['EXTRA_DIP_BUY'],,,,
dca_l2_v2,KO,2023-08-14,2023-08-15,normal,3.0,0.0,0.0,3.0,[],,,,
dca_l2_v2_portfolio,PORTFOLIO,2023-08-14,2023-08-15,,,,,,,67.44,0.0,67.44,209.58
dca_l2_v2,BYDDY,2023-08-21,2023-08-22,panic_bear_extreme_volatility,9.0,0.0,0.0,9.0,['DEFENSIVE_BASE_50'],,,,
dca_l2_v2,MSFT,2023-08-21,2023-08-22,panic_bear_extreme_volatility,6.6,0.0,0.0,6.6,['DEFENSIVE_BASE_50'],,,,
dca_l2_v2,NVDA,2023-08-21,2023-08-22,panic_bear_extreme_volatility,5.4,0.0,0.0,5.4,['DEFENSIVE_BASE_50'],,,,
dca_l2_v2,AAPL,2023-08-21,2023-08-22,panic_bear_extreme_volatility,4.5,0.0,0.0,4.5,['DEFENSIVE_BASE_50'],,,,
dca_l2_v2,ASML,2023-08-21,2023-08-22,panic_bear_extreme_volatility,3.0,0.0,0.0,3.0,['DEFENSIVE_BASE_50'],,,,
dca_l2_v2,KO,2023-08-21,2023-08-22,panic_bear_extreme_volatility,1.5,0.0,0.0,1.5,['DEFENSIVE_BASE_50'],,,,
dca_l2_v2_portfolio,PORTFOLIO,2023-08-21,2023-08-22,,,,,,,30.0,0.0,30.0,179.58
dca_l2_v2,BYDDY,2023-08-28,2023-08-29,panic_bear_extreme_volatility,9.0,0.0,0.0,9.0,['DEFENSIVE_BASE_50'],,,,
dca_l2_v2,MSFT,2023-08-28,2023-08-29,panic_bear_extreme_volatility,6.6,0.0,0.0,6.6,['DEFENSIVE_BASE_50'],,,,
dca_l2_v2,NVDA,2023-08-28,2023-08-29,panic_bear_extreme_volatility,5.4,0.0,0.0,5.4,['DEFENSIVE_BASE_50'],,,,
dca_l2_v2,AAPL,2023-08-28,2023-08-29,panic_bear_extreme_volatility,4.5,0.0,0.0,4.5,['DEFENSIVE_BASE_50'],,,,
dca_l2_v2,ASML,2023-08-28,2023-08-29,panic_bear_extreme_volatility,3.0,0.0,0.0,3.0,['DEFENSIVE_BASE_50'],,,,
dca_l2_v2,KO,2023-08-28,2023-08-29,panic_bear_extreme_volatility,1.5,0.0,0.0,1.5,['DEFENSIVE_BASE_50'],,,,
dca_l2_v2_portfolio,PORTFOLIO,2023-08-28,2023-08-29,,,,,,,30.0,0.0,30.0,149.58
dca_l2_v2,BYDDY,2023-09-01,2023-09-05,panic_bear_extreme_volatility,11.25,0.0,0.0,11.25,['RECOVERY_LATCH_ACTIVE'],,,,
dca_l2_v2,MSFT,2023-09-01,2023-09-05,panic_bear_extreme_volatility,8.25,0.0,0.0,8.25,['RECOVERY_LATCH_ACTIVE'],,,,
dca_l2_v2,NVDA,2023-09-01,2023-09-05,panic_bear_extreme_volatility,6.75,0.0,0.0,6.75,['RECOVERY_LATCH_ACTIVE'],,,,
dca_l2_v2,AAPL,2023-09-01,2023-09-05,panic_bear_extreme_volatility,5.63,0.0,0.0,5.63,['RECOVERY_LATCH_ACTIVE'],,,,
dca_l2_v2,ASML,2023-09-01,2023-09-05,panic_bear_extreme_volatility,3.75,0.0,0.0,3.75,['RECOVERY_LATCH_ACTIVE'],,,,
dca_l2_v2,KO,2023-09-01,2023-09-05,panic_bear_extreme_volatility,1.88,0.0,0.0,1.88,['RECOVERY_LATCH_ACTIVE'],,,,
dca_l2_v2_portfolio,PORTFOLIO,2023-09-01,2023-09-05,,,,,,,37.51,0.0,37.51,362.49
dca_l2_v2,BYDDY,2023-09-11,2023-09-12,panic_bear_extreme_volatility,11.25,0.0,0.0,11.25,['RECOVERY_LATCH_ACTIVE'],,,,
dca_l2_v2,MSFT,2023-09-11,2023-09-12,panic_bear_extreme_volatility,8.25,0.0,0.0,8.25,['RECOVERY_LATCH_ACTIVE'],,,,
dca_l2_v2,NVDA,2023-09-11,2023-09-12,panic_bear_extreme_volatility,6.75,0.0,0.0,6.75,['RECOVERY_LATCH_ACTIVE'],,,,
dca_l2_v2,AAPL,2023-09-11,2023-09-12,panic_bear_extreme_volatility,5.63,0.0,0.0,5.63,['RECOVERY_LATCH_ACTIVE'],,,,
dca_l2_v2,ASML,2023-09-11,2023-09-12,panic_bear_extreme_volatility,3.75,0.0,0.0,3.75,['RECOVERY_LATCH_ACTIVE'],,,,
dca_l2_v2,KO,2023-09-11,2023-09-12,panic_bear_extreme_volatility,1.88,0.0,0.0,1.88,['RECOVERY_LATCH_ACTIVE'],,,,
dca_l2_v2_portfolio,PORTFOLIO,2023-09-11,2023-09-12,,,,,,,37.51,0.0,37.51,324.98
dca_l2_v2,BYDDY,2023-09-18,2023-09-19,panic_bear_extreme_volatility,11.25,0.0,0.0,11.25,['DEFENSIVE_BASE_50'],,,,
dca_l2_v2,MSFT,2023-09-18,2023-09-19,panic_bear_extreme_volatility,8.25,0.0,0.0,8.25,['DEFENSIVE_BASE_50'],,,,
dca_l2_v2,NVDA,2023-09-18,2023-09-19,panic_bear_extreme_volatility,6.75,0.0,0.0,6.75,['DEFENSIVE_BASE_50'],,,,
dca_l2_v2,AAPL,2023-09-18,2023-09-19,panic_bear_extreme_volatility,5.63,0.0,0.0,5.63,['DEFENSIVE_BASE_50'],,,,
dca_l2_v2,ASML,2023-09-18,2023-09-19,panic_bear_extreme_volatility,3.75,0.0,0.0,3.75,['DEFENSIVE_BASE_50'],,,,
dca_l2_v2,KO,2023-09-18,2023-09-19,panic_bear_extreme_volatility,1.88,0.0,0.0,1.88,['DEFENSIVE_BASE_50'],,,,
dca_l2_v2_portfolio,PORTFOLIO,2023-09-18,2023-09-19,,,,,,,37.51,0.0,37.51,287.47
dca_l2_v2,BYDDY,2023-09-25,2023-09-26,panic_bear_extreme_volatility,11.25,0.0,0.0,11.25,['DEFENSIVE_BASE_50'],,,,
dca_l2_v2,MSFT,2023-09-25,2023-09-26,panic_bear_extreme_volatility,8.25,0.0,0.0,8.25,['DEFENSIVE_BASE_50'],,,,
dca_l2_v2,NVDA,2023-09-25,2023-09-26,panic_bear_extreme_volatility,6.75,0.0,0.0,6.75,['DEFENSIVE_BASE_50'],,,,
dca_l2_v2,AAPL,2023-09-25,2023-09-26,panic_bear_extreme_volatility,5.63,0.0,0.0,5.63,['DEFENSIVE_BASE_50'],,,,
dca_l2_v2,ASML,2023-09-25,2023-09-26,panic_bear_extreme_volatility,3.75,0.0,0.0,3.75,['DEFENSIVE_BASE_50'],,,,
dca_l2_v2,KO,2023-09-25,2023-09-26,panic_bear_extreme_volatility,1.88,0.0,0.0,1.88,['DEFENSIVE_BASE_50'],,,,
dca_l2_v2_portfolio,PORTFOLIO,2023-09-25,2023-09-26,,,,,,,37.51,0.0,37.51,249.96
dca_l2_v2,BYDDY,2023-10-02,2023-10-03,panic_bear_extreme_volatility,9.0,0.0,0.0,9.0,['DEFENSIVE_BASE_50'],,,,
dca_l2_v2,MSFT,2023-10-02,2023-10-03,panic_bear_extreme_volatility,6.6,0.0,0.0,6.6,['DEFENSIVE_BASE_50'],,,,
dca_l2_v2,NVDA,2023-10-02,2023-10-03,panic_bear_extreme_volatility,5.4,0.0,0.0,5.4,['DEFENSIVE_BASE_50'],,,,
dca_l2_v2,AAPL,2023-10-02,2023-10-03,panic_bear_extreme_volatility,4.5,0.0,0.0,4.5,['DEFENSIVE_BASE_50'],,,,
dca_l2_v2,ASML,2023-10-02,2023-10-03,panic_bear_extreme_volatility,3.0,0.0,0.0,3.0,['DEFENSIVE_BASE_50'],,,,
dca_l2_v2,KO,2023-10-02,2023-10-03,panic_bear_extreme_volatility,1.5,0.0,0.0,1.5,['DEFENSIVE_BASE_50'],,,,
dca_l2_v2_portfolio,PORTFOLIO,2023-10-02,2023-10-03,,,,,,,30.0,0.0,30.0,370.0
dca_l2_v2,BYDDY,2023-10-09,2023-10-10,panic_bear_extreme_volatility,9.0,0.0,0.0,9.0,['DEFENSIVE_BASE_50'],,,,
dca_l2_v2,MSFT,2023-10-09,2023-10-10,panic_bear_extreme_volatility,6.6,0.0,0.0,6.6,['DEFENSIVE_BASE_50'],,,,
dca_l2_v2,NVDA,2023-10-09,2023-10-10,panic_bear_extreme_volatility,5.4,0.0,0.0,5.4,['DEFENSIVE_BASE_50'],,,,
dca_l2_v2,AAPL,2023-10-09,2023-10-10,panic_bear_extreme_volatility,4.5,0.0,0.0,4.5,['DEFENSIVE_BASE_50'],,,,
dca_l2_v2,ASML,2023-10-09,2023-10-10,panic_bear_extreme_volatility,3.0,0.0,0.0,3.0,['DEFENSIVE_BASE_50'],,,,
dca_l2_v2,KO,2023-10-09,2023-10-10,panic_bear_extreme_volatility,1.5,0.0,0.0,1.5,['DEFENSIVE_BASE_50'],,,,
dca_l2_v2_portfolio,PORTFOLIO,2023-10-09,2023-10-10,,,,,,,30.0,0.0,30.0,340.0
dca_l2_v2,BYDDY,2023-10-16,2023-10-17,panic_bear_extreme_volatility,9.0,0.0,0.0,9.0,['RECOVERY_LATCH_ACTIVE'],,,,
dca_l2_v2,MSFT,2023-10-16,2023-10-17,panic_bear_extreme_volatility,6.6,0.0,0.0,6.6,['RECOVERY_LATCH_ACTIVE'],,,,
dca_l2_v2,NVDA,2023-10-16,2023-10-17,panic_bear_extreme_volatility,5.4,0.0,0.0,5.4,['RECOVERY_LATCH_ACTIVE'],,,,
dca_l2_v2,AAPL,2023-10-16,2023-10-17,panic_bear_extreme_volatility,4.5,0.0,0.0,4.5,['RECOVERY_LATCH_ACTIVE'],,,,
dca_l2_v2,ASML,2023-10-16,2023-10-17,panic_bear_extreme_volatility,3.0,0.0,0.0,3.0,['RECOVERY_LATCH_ACTIVE'],,,,
dca_l2_v2,KO,2023-10-16,2023-10-17,panic_bear_extreme_volatility,1.5,0.0,0.0,1.5,['RECOVERY_LATCH_ACTIVE'],,,,
dca_l2_v2_portfolio,PORTFOLIO,2023-10-16,2023-10-17,,,,,,,30.0,0.0,30.0,310.0
dca_l2_v2,BYDDY,2023-10-23,2023-10-24,panic_bear_extreme_volatility,9.0,0.0,0.0,9.0,['DEFENSIVE_BASE_50'],,,,
dca_l2_v2,MSFT,2023-10-23,2023-10-24,panic_bear_extreme_volatility,6.6,0.0,0.0,6.6,['DEFENSIVE_BASE_50'],,,,
dca_l2_v2,NVDA,2023-10-23,2023-10-24,panic_bear_extreme_volatility,5.4,0.0,0.0,5.4,['DEFENSIVE_BASE_50'],,,,
dca_l2_v2,AAPL,2023-10-23,2023-10-24,panic_bear_extreme_volatility,4.5,0.0,0.0,4.5,['DEFENSIVE_BASE_50'],,,,
dca_l2_v2,ASML,2023-10-23,2023-10-24,panic_bear_extreme_volatility,3.0,0.0,0.0,3.0,['DEFENSIVE_BASE_50'],,,,
dca_l2_v2,KO,2023-10-23,2023-10-24,panic_bear_extreme_volatility,1.5,0.0,0.0,1.5,['DEFENSIVE_BASE_50'],,,,
dca_l2_v2_portfolio,PORTFOLIO,2023-10-23,2023-10-24,,,,,,,30.0,0.0,30.0,280.0
dca_l2_v2,BYDDY,2023-10-30,2023-10-31,panic_bear_extreme_volatility,9.0,0.0,0.0,9.0,['DEFENSIVE_BASE_50'],,,,
dca_l2_v2,MSFT,2023-10-30,2023-10-31,panic_bear_extreme_volatility,6.6,0.0,0.0,6.6,['DEFENSIVE_BASE_50'],,,,
dca_l2_v2,NVDA,2023-10-30,2023-10-31,panic_bear_extreme_volatility,5.4,0.0,0.0,5.4,['DEFENSIVE_BASE_50'],,,,
dca_l2_v2,AAPL,2023-10-30,2023-10-31,panic_bear_extreme_volatility,4.5,0.0,0.0,4.5,['DEFENSIVE_BASE_50'],,,,
dca_l2_v2,ASML,2023-10-30,2023-10-31,panic_bear_extreme_volatility,3.0,0.0,0.0,3.0,['DEFENSIVE_BASE_50'],,,,
dca_l2_v2,KO,2023-10-30,2023-10-31,panic_bear_extreme_volatility,1.5,0.0,0.0,1.5,['DEFENSIVE_BASE_50'],,,,
dca_l2_v2_portfolio,PORTFOLIO,2023-10-30,2023-10-31,,,,,,,30.0,0.0,30.0,250.0
dca_l2_v2,BYDDY,2023-11-06,2023-11-07,panic_bear_extreme_volatility,11.25,0.0,0.0,11.25,['RECOVERY_LATCH_ACTIVE'],,,,
dca_l2_v2,MSFT,2023-11-06,2023-11-07,panic_bear_extreme_volatility,8.25,0.0,0.0,8.25,['RECOVERY_LATCH_ACTIVE'],,,,
dca_l2_v2,NVDA,2023-11-06,2023-11-07,panic_bear_extreme_volatility,6.75,0.0,0.0,6.75,['RECOVERY_LATCH_ACTIVE'],,,,
dca_l2_v2,AAPL,2023-11-06,2023-11-07,panic_bear_extreme_volatility,5.63,0.0,0.0,5.63,['RECOVERY_LATCH_ACTIVE'],,,,
dca_l2_v2,ASML,2023-11-06,2023-11-07,panic_bear_extreme_volatility,3.75,0.0,0.0,3.75,['RECOVERY_LATCH_ACTIVE'],,,,
dca_l2_v2,KO,2023-11-06,2023-11-07,panic_bear_extreme_volatility,1.88,0.0,0.0,1.88,['RECOVERY_LATCH_ACTIVE'],,,,
dca_l2_v2_portfolio,PORTFOLIO,2023-11-06,2023-11-07,,,,,,,37.51,0.0,37.51,362.49
dca_l2_v2,BYDDY,2023-11-13,2023-11-14,normal,22.5,0.0,0.0,22.5,[],,,,
dca_l2_v2,MSFT,2023-11-13,2023-11-14,normal,16.5,0.0,0.0,16.5,[],,,,
dca_l2_v2,NVDA,2023-11-13,2023-11-14,normal,13.5,0.0,0.0,13.5,[],,,,
dca_l2_v2,AAPL,2023-11-13,2023-11-14,normal,11.25,0.0,0.0,11.25,[],,,,
dca_l2_v2,ASML,2023-11-13,2023-11-14,normal,7.5,0.0,0.0,7.5,[],,,,
dca_l2_v2,KO,2023-11-13,2023-11-14,normal,3.75,0.0,0.0,3.75,[],,,,
dca_l2_v2_portfolio,PORTFOLIO,2023-11-13,2023-11-14,,,,,,,75.0,0.0,75.0,287.49
dca_l2_v2,BYDDY,2023-11-20,2023-11-21,normal,22.5,0.0,0.0,22.5,[],,,,
dca_l2_v2,MSFT,2023-11-20,2023-11-21,normal,16.5,0.0,0.0,16.5,[],,,,
dca_l2_v2,NVDA,2023-11-20,2023-11-21,normal,13.5,0.0,0.0,13.5,[],,,,
dca_l2_v2,AAPL,2023-11-20,2023-11-21,normal,11.25,0.0,0.0,11.25,[],,,,
dca_l2_v2,ASML,2023-11-20,2023-11-21,normal,7.5,0.0,0.0,7.5,[],,,,
dca_l2_v2,KO,2023-11-20,2023-11-21,normal,3.75,0.0,0.0,3.75,[],,,,
dca_l2_v2_portfolio,PORTFOLIO,2023-11-20,2023-11-21,,,,,,,75.0,0.0,75.0,212.49
dca_l2_v2,BYDDY,2023-11-27,2023-11-28,medium_drawdown,22.5,3.06,0.0,25.56,['EXTRA_DIP_BUY'],,,,
dca_l2_v2,MSFT,2023-11-27,2023-11-28,normal,16.5,0.0,0.0,16.5,[],,,,
dca_l2_v2,NVDA,2023-11-27,2023-11-28,normal,13.5,0.0,0.0,13.5,[],,,,
dca_l2_v2,AAPL,2023-11-27,2023-11-28,normal,11.25,0.0,0.0,11.25,[],,,,
dca_l2_v2,ASML,2023-11-27,2023-11-28,normal,7.5,0.0,0.0,7.5,[],,,,
dca_l2_v2,KO,2023-11-27,2023-11-28,normal,3.75,0.0,0.0,3.75,[],,,,
dca_l2_v2_portfolio,PORTFOLIO,2023-11-27,2023-11-28,,,,,,,78.06,0.0,78.06,134.43
dca_l2_v2,BYDDY,2023-12-04,2023-12-05,medium_drawdown,22.5,4.86,0.0,27.36,['EXTRA_DIP_BUY'],,,,
dca_l2_v2,MSFT,2023-12-04,2023-12-05,normal,16.5,0.0,0.0,16.5,[],,,,
dca_l2_v2,NVDA,2023-12-04,2023-12-05,small_drawdown,13.5,1.59,0.0,15.09,['EXTRA_DIP_BUY'],,,,
dca_l2_v2,AAPL,2023-12-04,2023-12-05,normal,11.25,0.0,0.0,11.25,[],,,,
dca_l2_v2,ASML,2023-12-04,2023-12-05,normal,7.5,0.0,0.0,7.5,[],,,,
dca_l2_v2,KO,2023-12-04,2023-12-05,normal,3.75,0.0,0.0,3.75,[],,,,
dca_l2_v2_portfolio,PORTFOLIO,2023-12-04,2023-12-05,,,,,,,81.45,0.0,81.45,318.55
dca_l2_v2,BYDDY,2023-12-11,2023-12-12,medium_drawdown,22.5,4.74,0.0,27.24,['EXTRA_DIP_BUY'],,,,
dca_l2_v2,MSFT,2023-12-11,2023-12-12,normal,16.5,0.0,0.0,16.5,[],,,,
dca_l2_v2,NVDA,2023-12-11,2023-12-12,small_drawdown,13.5,0.84,0.0,14.34,['EXTRA_DIP_BUY'],,,,
dca_l2_v2,AAPL,2023-12-11,2023-12-12,normal,11.25,0.0,0.0,11.25,[],,,,
dca_l2_v2,ASML,2023-12-11,2023-12-12,normal,7.5,0.0,0.0,7.5,[],,,,
dca_l2_v2,KO,2023-12-11,2023-12-12,normal,3.75,0.0,0.0,3.75,[],,,,
dca_l2_v2_portfolio,PORTFOLIO,2023-12-11,2023-12-12,,,,,,,80.58,0.0,80.58,237.97
dca_l2_v2,BYDDY,2023-12-18,2023-12-19,deep_drawdown,22.5,5.66,25.0,53.16,"['EXTRA_DIP_BUY', 'CRASH_FUND_PLANNED']",,,,
dca_l2_v2,MSFT,2023-12-18,2023-12-19,normal,16.5,0.0,0.0,16.5,[],,,,
dca_l2_v2,NVDA,2023-12-18,2023-12-19,normal,13.5,0.0,0.0,13.5,[],,,,
dca_l2_v2,AAPL,2023-12-18,2023-12-19,normal,11.25,0.0,0.0,11.25,[],,,,
dca_l2_v2,ASML,2023-12-18,2023-12-19,normal,7.5,0.0,0.0,7.5,[],,,,
dca_l2_v2,KO,2023-12-18,2023-12-19,normal,3.75,0.0,0.0,3.75,[],,,,
dca_l2_v2_portfolio,PORTFOLIO,2023-12-18,2023-12-19,,,,,,,80.66,25.0,105.66,132.31
dca_l2_v2,BYDDY,2023-12-22,2023-12-26,medium_drawdown,22.5,5.19,0.0,27.69,"['EXTRA_DIP_BUY', 'NORMAL_POOL_BASE_BUDGET_APPLIED', 'NORMAL_POOL_EXTRA_BUDGET_APPLIED']",,,,
dca_l2_v2,MSFT,2023-12-22,2023-12-26,normal,16.5,0.0,0.0,16.5,"['NORMAL_POOL_BASE_BUDGET_APPLIED', 'NORMAL_POOL_EXTRA_BUDGET_APPLIED']",,,,
dca_l2_v2,NVDA,2023-12-22,2023-12-26,normal,13.5,0.0,0.0,13.5,"['NORMAL_POOL_BASE_BUDGET_APPLIED', 'NORMAL_POOL_EXTRA_BUDGET_APPLIED']",,,,
dca_l2_v2,AAPL,2023-12-22,2023-12-26,normal,11.25,0.0,0.0,11.25,"['NORMAL_POOL_BASE_BUDGET_APPLIED', 'NORMAL_POOL_EXTRA_BUDGET_APPLIED']",,,,
dca_l2_v2,ASML,2023-12-22,2023-12-26,normal,7.5,0.0,0.0,7.5,"['NORMAL_POOL_BASE_BUDGET_APPLIED', 'NORMAL_POOL_EXTRA_BUDGET_APPLIED']",,,,
dca_l2_v2,KO,2023-12-22,2023-12-26,normal,3.75,0.0,0.0,3.75,"['NORMAL_POOL_BASE_BUDGET_APPLIED', 'NORMAL_POOL_EXTRA_BUDGET_APPLIED']",,,,
dca_l2_v2_portfolio,PORTFOLIO,2023-12-22,2023-12-26,,,,,,,57.32,0.0,57.32,74.99
dca_l2_v2,BYDDY,2023-12-29,2024-01-02,medium_drawdown,18.0,3.26,0.0,21.26,['EXTRA_DIP_BUY'],,,,
dca_l2_v2,MSFT,2023-12-29,2024-01-02,normal,13.2,0.0,0.0,13.2,[],,,,
dca_l2_v2,NVDA,2023-12-29,2024-01-02,normal,10.8,0.0,0.0,10.8,[],,,,
dca_l2_v2,AAPL,2023-12-29,2024-01-02,normal,9.0,0.0,0.0,9.0,[],,,,
dca_l2_v2,ASML,2023-12-29,2024-01-02,normal,6.0,0.0,0.0,6.0,[],,,,
dca_l2_v2,KO,2023-12-29,2024-01-02,normal,3.0,0.0,0.0,3.0,[],,,,
dca_l2_v2_portfolio,PORTFOLIO,2023-12-29,2024-01-02,,,,,,,63.26,0.0,63.26,336.74
dca_l2_v2,BYDDY,2024-01-08,2024-01-09,medium_drawdown,18.0,3.98,0.0,21.98,['EXTRA_DIP_BUY'],,,,
dca_l2_v2,MSFT,2024-01-08,2024-01-09,normal,13.2,0.0,0.0,13.2,[],,,,
dca_l2_v2,NVDA,2024-01-08,2024-01-09,normal,10.8,0.0,0.0,10.8,[],,,,
dca_l2_v2,AAPL,2024-01-08,2024-01-09,small_drawdown,9.0,0.3,0.0,9.3,['EXTRA_DIP_BUY'],,,,
dca_l2_v2,ASML,2024-01-08,2024-01-09,small_drawdown,6.0,0.1,0.0,6.1,['EXTRA_DIP_BUY'],,,,
dca_l2_v2,KO,2024-01-08,2024-01-09,normal,3.0,0.0,0.0,3.0,[],,,,
dca_l2_v2_portfolio,PORTFOLIO,2024-01-08,2024-01-09,,,,,,,64.38,0.0,64.38,272.36
dca_l2_v2,BYDDY,2024-01-12,2024-01-16,medium_drawdown,18.0,3.74,0.0,21.74,['EXTRA_DIP_BUY'],,,,
dca_l2_v2,MSFT,2024-01-12,2024-01-16,normal,13.2,0.0,0.0,13.2,[],,,,
dca_l2_v2,NVDA,2024-01-12,2024-01-16,normal,10.8,0.0,0.0,10.8,[],,,,
dca_l2_v2,AAPL,2024-01-12,2024-01-16,small_drawdown,9.0,0.26,0.0,9.26,['EXTRA_DIP_BUY'],,,,
dca_l2_v2,ASML,2024-01-12,2024-01-16,small_drawdown,6.0,0.25,0.0,6.25,['EXTRA_DIP_BUY'],,,,
dca_l2_v2,KO,2024-01-12,2024-01-16,normal,3.0,0.0,0.0,3.0,[],,,,
dca_l2_v2_portfolio,PORTFOLIO,2024-01-12,2024-01-16,,,,,,,64.25,0.0,64.25,208.11
dca_l2_v2,BYDDY,2024-01-22,2024-01-23,deep_drawdown,18.0,5.45,25.0,48.45,"['EXTRA_DIP_BUY', 'CRASH_FUND_PLANNED']",,,,
dca_l2_v2,MSFT,2024-01-22,2024-01-23,normal,13.2,0.0,0.0,13.2,[],,,,
dca_l2_v2,NVDA,2024-01-22,2024-01-23,normal,10.8,0.0,0.0,10.8,[],,,,
dca_l2_v2,AAPL,2024-01-22,2024-01-23,normal,9.0,0.0,0.0,9.0,[],,,,
dca_l2_v2,ASML,2024-01-22,2024-01-23,normal,6.0,0.0,0.0,6.0,[],,,,
dca_l2_v2,KO,2024-01-22,2024-01-23,normal,3.0,0.0,0.0,3.0,[],,,,
dca_l2_v2_portfolio,PORTFOLIO,2024-01-22,2024-01-23,,,,,,,65.45,25.0,90.45,117.66
dca_l2_v2,BYDDY,2024-01-29,2024-01-30,deep_drawdown,18.0,0.0,0.0,18.0,"['EXTRA_BLOCKED_STRONG_DOWNTREND', 'NORMAL_POOL_BASE_BUDGET_APPLIED']",,,,
dca_l2_v2,MSFT,2024-01-29,2024-01-30,normal,13.2,0.0,0.0,13.2,['NORMAL_POOL_BASE_BUDGET_APPLIED'],,,,
dca_l2_v2,NVDA,2024-01-29,2024-01-30,normal,10.8,0.0,0.0,10.8,['NORMAL_POOL_BASE_BUDGET_APPLIED'],,,,
dca_l2_v2,AAPL,2024-01-29,2024-01-30,normal,9.0,0.0,0.0,9.0,['NORMAL_POOL_BASE_BUDGET_APPLIED'],,,,
dca_l2_v2,ASML,2024-01-29,2024-01-30,normal,6.0,0.0,0.0,6.0,['NORMAL_POOL_BASE_BUDGET_APPLIED'],,,,
dca_l2_v2,KO,2024-01-29,2024-01-30,normal,3.0,0.0,0.0,3.0,['NORMAL_POOL_BASE_BUDGET_APPLIED'],,,,
dca_l2_v2_portfolio,PORTFOLIO,2024-01-29,2024-01-30,,,,,,,42.67,0.0,42.67,74.99
dca_l2_v2,BYDDY,2024-02-05,2024-02-06,deep_drawdown,22.5,0.0,0.0,22.5,['EXTRA_BLOCKED_STRONG_DOWNTREND'],,,,
dca_l2_v2,MSFT,2024-02-05,2024-02-06,normal,16.5,0.0,0.0,16.5,[],,,,
dca_l2_v2,NVDA,2024-02-05,2024-02-06,normal,13.5,0.0,0.0,13.5,[],,,,
dca_l2_v2,AAPL,2024-02-05,2024-02-06,small_drawdown,11.25,0.07,0.0,11.32,['EXTRA_DIP_BUY'],,,,
dca_l2_v2,ASML,2024-02-05,2024-02-06,normal,7.5,0.0,0.0,7.5,[],,,,
dca_l2_v2,KO,2024-02-05,2024-02-06,normal,3.75,0.0,0.0,3.75,[],,,,
dca_l2_v2_portfolio,PORTFOLIO,2024-02-05,2024-02-06,,,,,,,75.07,0.0,75.07,324.93
dca_l2_v2,BYDDY,2024-02-12,2024-02-13,medium_drawdown,22.5,4.14,0.0,26.64,['EXTRA_DIP_BUY'],,,,
dca_l2_v2,MSFT,2024-02-12,2024-02-13,normal,16.5,0.0,0.0,16.5,[],,,,
dca_l2_v2,NVDA,2024-02-12,2024-02-13,normal,13.5,0.0,0.0,13.5,[],,,,
dca_l2_v2,AAPL,2024-02-12,2024-02-13,small_drawdown,11.25,0.12,0.0,11.37,['EXTRA_DIP_BUY'],,,,
dca_l2_v2,ASML,2024-02-12,2024-02-13,normal,7.5,0.0,0.0,7.5,[],,,,
dca_l2_v2,KO,2024-02-12,2024-02-13,normal,3.75,0.0,0.0,3.75,[],,,,
dca_l2_v2_portfolio,PORTFOLIO,2024-02-12,2024-02-13,,,,,,,79.26,0.0,79.26,245.67
dca_l2_v2,BYDDY,2024-02-16,2024-02-20,medium_drawdown,22.5,3.34,0.0,25.84,['EXTRA_DIP_BUY'],,,,
dca_l2_v2,MSFT,2024-02-16,2024-02-20,normal,16.5,0.0,0.0,16.5,[],,,,
dca_l2_v2,NVDA,2024-02-16,2024-02-20,normal,13.5,0.0,0.0,13.5,[],,,,
dca_l2_v2,AAPL,2024-02-16,2024-02-20,small_drawdown,11.25,0.8,0.0,12.05,['EXTRA_DIP_BUY'],,,,
dca_l2_v2,ASML,2024-02-16,2024-02-20,normal,7.5,0.0,0.0,7.5,[],,,,
dca_l2_v2,KO,2024-02-16,2024-02-20,normal,3.75,0.0,0.0,3.75,[],,,,
dca_l2_v2_portfolio,PORTFOLIO,2024-02-16,2024-02-20,,,,,,,79.14,0.0,79.14,166.53
dca_l2_v2,BYDDY,2024-02-26,2024-02-27,medium_drawdown,22.5,3.08,0.0,25.58,"['EXTRA_DIP_BUY', 'NORMAL_POOL_BASE_BUDGET_APPLIED', 'NORMAL_POOL_EXTRA_BUDGET_APPLIED']",,,,
dca_l2_v2,MSFT,2024-02-26,2024-02-27,normal,16.5,0.0,0.0,16.5,"['NORMAL_POOL_BASE_BUDGET_APPLIED', 'NORMAL_POOL_EXTRA_BUDGET_APPLIED']",,,,
dca_l2_v2,NVDA,2024-02-26,2024-02-27,normal,13.5,0.0,0.0,13.5,"['NORMAL_POOL_BASE_BUDGET_APPLIED', 'NORMAL_POOL_EXTRA_BUDGET_APPLIED']",,,,
dca_l2_v2,AAPL,2024-02-26,2024-02-27,small_drawdown,11.25,0.97,0.0,12.22,"['EXTRA_DIP_BUY', 'NORMAL_POOL_BASE_BUDGET_APPLIED', 'NORMAL_POOL_EXTRA_BUDGET_APPLIED']",,,,
dca_l2_v2,ASML,2024-02-26,2024-02-27,normal,7.5,0.0,0.0,7.5,"['NORMAL_POOL_BASE_BUDGET_APPLIED', 'NORMAL_POOL_EXTRA_BUDGET_APPLIED']",,,,
dca_l2_v2,KO,2024-02-26,2024-02-27,normal,3.75,0.0,0.0,3.75,"['NORMAL_POOL_BASE_BUDGET_APPLIED', 'NORMAL_POOL_EXTRA_BUDGET_APPLIED']",,,,
dca_l2_v2_portfolio,PORTFOLIO,2024-02-26,2024-02-27,,,,,,,66.54,0.0,66.54,99.99
dca_l2_v2,BYDDY,2024-03-04,2024-03-05,medium_drawdown,22.5,3.58,0.0,26.08,['EXTRA_DIP_BUY'],,,,
dca_l2_v2,MSFT,2024-03-04,2024-03-05,normal,16.5,0.0,0.0,16.5,[],,,,
dca_l2_v2,NVDA,2024-03-04,2024-03-05,normal,13.5,0.0,0.0,13.5,[],,,,
dca_l2_v2,AAPL,2024-03-04,2024-03-05,medium_drawdown,11.25,1.54,0.0,12.79,['EXTRA_DIP_BUY'],,,,
dca_l2_v2,ASML,2024-03-04,2024-03-05,normal,7.5,0.0,0.0,7.5,[],,,,
dca_l2_v2,KO,2024-03-04,2024-03-05,normal,3.75,0.0,0.0,3.75,[],,,,
dca_l2_v2_portfolio,PORTFOLIO,2024-03-04,2024-03-05,,,,,,,80.12,0.0,80.12,319.88
dca_l2_v2,BYDDY,2024-03-11,2024-03-12,small_drawdown,22.5,1.92,0.0,24.42,['EXTRA_DIP_BUY'],,,,
dca_l2_v2,MSFT,2024-03-11,2024-03-12,normal,16.5,0.0,0.0,16.5,[],,,,
dca_l2_v2,NVDA,2024-03-11,2024-03-12,small_drawdown,13.5,0.0,0.0,13.5,"['EXTRA_BLOCKED_CONCENTRATION', 'EXTRA_BLOCKED_CONCENTRATION']",,,,
dca_l2_v2,AAPL,2024-03-11,2024-03-12,medium_drawdown,11.25,1.6,0.0,12.85,['EXTRA_DIP_BUY'],,,,
dca_l2_v2,ASML,2024-03-11,2024-03-12,small_drawdown,7.5,0.58,0.0,8.08,['EXTRA_DIP_BUY'],,,,
dca_l2_v2,KO,2024-03-11,2024-03-12,normal,3.75,0.0,0.0,3.75,[],,,,
dca_l2_v2_portfolio,PORTFOLIO,2024-03-11,2024-03-12,,,,,,,79.1,0.0,79.1,240.78
dca_l2_v2,BYDDY,2024-03-18,2024-03-19,normal,22.5,0.0,0.0,22.5,[],,,,
dca_l2_v2,MSFT,2024-03-18,2024-03-19,normal,16.5,0.0,0.0,16.5,[],,,,
dca_l2_v2,NVDA,2024-03-18,2024-03-19,normal,13.5,0.0,0.0,13.5,"['EXTRA_BLOCKED_CONCENTRATION', 'EXTRA_BLOCKED_CONCENTRATION']",,,,
dca_l2_v2,AAPL,2024-03-18,2024-03-19,medium_drawdown,11.25,1.53,0.0,12.78,['EXTRA_DIP_BUY'],,,,
dca_l2_v2,ASML,2024-03-18,2024-03-19,medium_drawdown,7.5,0.95,0.0,8.45,['EXTRA_DIP_BUY'],,,,
dca_l2_v2,KO,2024-03-18,2024-03-19,normal,3.75,0.0,0.0,3.75,[],,,,
dca_l2_v2_portfolio,PORTFOLIO,2024-03-18,2024-03-19,,,,,,,77.48,0.0,77.48,163.3
dca_l2_v2,BYDDY,2024-03-25,2024-03-26,normal,22.5,0.0,0.0,22.5,"['NORMAL_POOL_BASE_BUDGET_APPLIED', 'NORMAL_POOL_EXTRA_BUDGET_APPLIED']",,,,
dca_l2_v2,MSFT,2024-03-25,2024-03-26,normal,16.5,0.0,0.0,16.5,"['NORMAL_POOL_BASE_BUDGET_APPLIED', 'NORMAL_POOL_EXTRA_BUDGET_APPLIED']",,,,
dca_l2_v2,NVDA,2024-03-25,2024-03-26,normal,13.5,0.0,0.0,13.5,"['EXTRA_BLOCKED_CONCENTRATION', 'EXTRA_BLOCKED_CONCENTRATION', 'NORMAL_POOL_BASE_BUDGET_APPLIED', 'NORMAL_POOL_EXTRA_BUDGET_APPLIED']",,,,
dca_l2_v2,AAPL,2024-03-25,2024-03-26,medium_drawdown,11.25,1.74,0.0,12.99,"['EXTRA_DIP_BUY', 'NORMAL_POOL_BASE_BUDGET_APPLIED', 'NORMAL_POOL_EXTRA_BUDGET_APPLIED']",,,,
dca_l2_v2,ASML,2024-03-25,2024-03-26,small_drawdown,7.5,0.29,0.0,7.79,"['EXTRA_DIP_BUY', 'NORMAL_POOL_BASE_BUDGET_APPLIED', 'NORMAL_POOL_EXTRA_BUDGET_APPLIED']",,,,
dca_l2_v2,KO,2024-03-25,2024-03-26,normal,3.75,0.0,0.0,3.75,"['NORMAL_POOL_BASE_BUDGET_APPLIED', 'NORMAL_POOL_EXTRA_BUDGET_APPLIED']",,,,
dca_l2_v2_portfolio,PORTFOLIO,2024-03-25,2024-03-26,,,,,,,63.31,0.0,63.31,99.99
dca_l2_v2,BYDDY,2024-04-01,2024-04-02,small_drawdown,18.0,0.61,0.0,18.61,['EXTRA_DIP_BUY'],,,,
dca_l2_v2,MSFT,2024-04-01,2024-04-02,normal,13.2,0.0,0.0,13.2,[],,,,
dca_l2_v2,NVDA,2024-04-01,2024-04-02,normal,10.8,0.0,0.0,10.8,"['EXTRA_BLOCKED_CONCENTRATION', 'EXTRA_BLOCKED_CONCENTRATION']",,,,
dca_l2_v2,AAPL,2024-04-01,2024-04-02,medium_drawdown,9.0,1.44,0.0,10.44,['EXTRA_DIP_BUY'],,,,
dca_l2_v2,ASML,2024-04-01,2024-04-02,small_drawdown,6.0,0.03,0.0,6.03,['EXTRA_DIP_BUY'],,,,
dca_l2_v2,KO,2024-04-01,2024-04-02,normal,3.0,0.0,0.0,3.0,[],,,,
dca_l2_v2_portfolio,PORTFOLIO,2024-04-01,2024-04-02,,,,,,,62.08,0.0,62.08,337.92
dca_l2_v2,BYDDY,2024-04-08,2024-04-09,small_drawdown,18.0,0.48,0.0,18.48,['EXTRA_DIP_BUY'],,,,
dca_l2_v2,MSFT,2024-04-08,2024-04-09,normal,13.2,0.0,0.0,13.2,[],,,,
dca_l2_v2,NVDA,2024-04-08,2024-04-09,small_drawdown,10.8,0.89,0.0,11.69,['EXTRA_DIP_BUY'],,,,
dca_l2_v2,AAPL,2024-04-08,2024-04-09,medium_drawdown,9.0,1.49,0.0,10.49,['EXTRA_DIP_BUY'],,,,
dca_l2_v2,ASML,2024-04-08,2024-04-09,small_drawdown,6.0,0.18,0.0,6.18,['EXTRA_DIP_BUY'],,,,
dca_l2_v2,KO,2024-04-08,2024-04-09,normal,3.0,0.0,0.0,3.0,[],,,,
dca_l2_v2_portfolio,PORTFOLIO,2024-04-08,2024-04-09,,,,,,,63.04,0.0,63.04,274.88
dca_l2_v2,BYDDY,2024-04-15,2024-04-16,panic_bear_extreme_volatility,9.0,0.0,0.0,9.0,['DEFENSIVE_BASE_50'],,,,
dca_l2_v2,MSFT,2024-04-15,2024-04-16,panic_bear_extreme_volatility,6.6,0.0,0.0,6.6,['DEFENSIVE_BASE_50'],,,,
dca_l2_v2,NVDA,2024-04-15,2024-04-16,panic_bear_extreme_volatility,5.4,0.0,0.0,5.4,['DEFENSIVE_BASE_50'],,,,
dca_l2_v2,AAPL,2024-04-15,2024-04-16,panic_bear_extreme_volatility,4.5,0.0,0.0,4.5,['DEFENSIVE_BASE_50'],,,,
dca_l2_v2,ASML,2024-04-15,2024-04-16,panic_bear_extreme_volatility,3.0,0.0,0.0,3.0,['DEFENSIVE_BASE_50'],,,,
dca_l2_v2,KO,2024-04-15,2024-04-16,panic_bear_extreme_volatility,1.5,0.0,0.0,1.5,['DEFENSIVE_BASE_50'],,,,
dca_l2_v2_portfolio,PORTFOLIO,2024-04-15,2024-04-16,,,,,,,30.0,0.0,30.0,244.88
dca_l2_v2,BYDDY,2024-04-22,2024-04-23,panic_bear_extreme_volatility,9.0,0.0,0.0,9.0,['DEFENSIVE_BASE_50'],,,,
dca_l2_v2,MSFT,2024-04-22,2024-04-23,panic_bear_extreme_volatility,6.6,0.0,0.0,6.6,['DEFENSIVE_BASE_50'],,,,
dca_l2_v2,NVDA,2024-04-22,2024-04-23,panic_bear_extreme_volatility,5.4,0.0,0.0,5.4,['DEFENSIVE_BASE_50'],,,,
dca_l2_v2,AAPL,2024-04-22,2024-04-23,panic_bear_extreme_volatility,4.5,0.0,0.0,4.5,['DEFENSIVE_BASE_50'],,,,
dca_l2_v2,ASML,2024-04-22,2024-04-23,panic_bear_extreme_volatility,3.0,0.0,0.0,3.0,['DEFENSIVE_BASE_50'],,,,
dca_l2_v2,KO,2024-04-22,2024-04-23,panic_bear_extreme_volatility,1.5,0.0,0.0,1.5,['DEFENSIVE_BASE_50'],,,,
dca_l2_v2_portfolio,PORTFOLIO,2024-04-22,2024-04-23,,,,,,,30.0,0.0,30.0,214.88
dca_l2_v2,BYDDY,2024-04-29,2024-04-30,panic_bear_extreme_volatility,9.0,0.0,0.0,9.0,['DEFENSIVE_BASE_50'],,,,
dca_l2_v2,MSFT,2024-04-29,2024-04-30,panic_bear_extreme_volatility,6.6,0.0,0.0,6.6,['DEFENSIVE_BASE_50'],,,,
dca_l2_v2,NVDA,2024-04-29,2024-04-30,panic_bear_extreme_volatility,5.4,0.0,0.0,5.4,"['DEFENSIVE_BASE_50', 'EXTRA_BLOCKED_CONCENTRATION']",,,,
dca_l2_v2,AAPL,2024-04-29,2024-04-30,panic_bear_extreme_volatility,4.5,0.0,0.0,4.5,['DEFENSIVE_BASE_50'],,,,
dca_l2_v2,ASML,2024-04-29,2024-04-30,panic_bear_extreme_volatility,3.0,0.0,0.0,3.0,['DEFENSIVE_BASE_50'],,,,
dca_l2_v2,KO,2024-04-29,2024-04-30,panic_bear_extreme_volatility,1.5,0.0,0.0,1.5,['DEFENSIVE_BASE_50'],,,,
dca_l2_v2_portfolio,PORTFOLIO,2024-04-29,2024-04-30,,,,,,,30.0,0.0,30.0,184.88
dca_l2_v2,BYDDY,2024-05-06,2024-05-07,panic_bear_extreme_volatility,11.25,0.0,0.0,11.25,['RECOVERY_LATCH_ACTIVE'],,,,
dca_l2_v2,MSFT,2024-05-06,2024-05-07,panic_bear_extreme_volatility,8.25,0.0,0.0,8.25,['RECOVERY_LATCH_ACTIVE'],,,,
dca_l2_v2,NVDA,2024-05-06,2024-05-07,panic_bear_extreme_volatility,6.75,0.0,0.0,6.75,"['RECOVERY_LATCH_ACTIVE', 'EXTRA_BLOCKED_CONCENTRATION']",,,,
dca_l2_v2,AAPL,2024-05-06,2024-05-07,panic_bear_extreme_volatility,5.63,0.0,0.0,5.63,['RECOVERY_LATCH_ACTIVE'],,,,
dca_l2_v2,ASML,2024-05-06,2024-05-07,panic_bear_extreme_volatility,3.75,0.0,0.0,3.75,['RECOVERY_LATCH_ACTIVE'],,,,
dca_l2_v2,KO,2024-05-06,2024-05-07,panic_bear_extreme_volatility,1.88,0.0,0.0,1.88,['RECOVERY_LATCH_ACTIVE'],,,,
dca_l2_v2_portfolio,PORTFOLIO,2024-05-06,2024-05-07,,,,,,,37.51,0.0,37.51,362.49
dca_l2_v2,BYDDY,2024-05-13,2024-05-14,normal,22.5,0.0,0.0,22.5,[],,,,
dca_l2_v2,MSFT,2024-05-13,2024-05-14,normal,16.5,0.0,0.0,16.5,[],,,,
dca_l2_v2,NVDA,2024-05-13,2024-05-14,normal,13.5,0.0,0.0,13.5,[],,,,
dca_l2_v2,AAPL,2024-05-13,2024-05-14,normal,11.25,0.0,0.0,11.25,[],,,,
dca_l2_v2,ASML,2024-05-13,2024-05-14,medium_drawdown,7.5,1.15,0.0,8.65,['EXTRA_DIP_BUY'],,,,
dca_l2_v2,KO,2024-05-13,2024-05-14,normal,3.75,0.0,0.0,3.75,[],,,,
dca_l2_v2_portfolio,PORTFOLIO,2024-05-13,2024-05-14,,,,,,,76.15,0.0,76.15,286.34
dca_l2_v2,BYDDY,2024-05-20,2024-05-21,normal,22.5,0.0,0.0,22.5,[],,,,
dca_l2_v2,MSFT,2024-05-20,2024-05-21,normal,16.5,0.0,0.0,16.5,[],,,,
dca_l2_v2,NVDA,2024-05-20,2024-05-21,normal,13.5,0.0,0.0,13.5,"['EXTRA_BLOCKED_CONCENTRATION', 'EXTRA_BLOCKED_CONCENTRATION']",,,,
dca_l2_v2,AAPL,2024-05-20,2024-05-21,normal,11.25,0.0,0.0,11.25,[],,,,
dca_l2_v2,ASML,2024-05-20,2024-05-21,medium_drawdown,7.5,0.95,0.0,8.45,['EXTRA_DIP_BUY'],,,,
dca_l2_v2,KO,2024-05-20,2024-05-21,normal,3.75,0.0,0.0,3.75,[],,,,
dca_l2_v2_portfolio,PORTFOLIO,2024-05-20,2024-05-21,,,,,,,75.95,0.0,75.95,210.39
dca_l2_v2,BYDDY,2024-05-24,2024-05-28,small_drawdown,22.5,2.25,0.0,24.75,['EXTRA_DIP_BUY'],,,,
dca_l2_v2,MSFT,2024-05-24,2024-05-28,normal,16.5,0.0,0.0,16.5,[],,,,
dca_l2_v2,NVDA,2024-05-24,2024-05-28,normal,13.5,0.0,0.0,13.5,"['EXTRA_BLOCKED_CONCENTRATION', 'EXTRA_BLOCKED_CONCENTRATION']",,,,
dca_l2_v2,AAPL,2024-05-24,2024-05-28,normal,11.25,0.0,0.0,11.25,[],,,,
dca_l2_v2,ASML,2024-05-24,2024-05-28,normal,7.5,0.0,0.0,7.5,[],,,,
dca_l2_v2,KO,2024-05-24,2024-05-28,normal,3.75,0.0,0.0,3.75,[],,,,
dca_l2_v2_portfolio,PORTFOLIO,2024-05-24,2024-05-28,,,,,,,77.25,0.0,77.25,133.14
dca_l2_v2,BYDDY,2024-06-03,2024-06-04,normal,22.5,0.0,0.0,22.5,[],,,,
dca_l2_v2,MSFT,2024-06-03,2024-06-04,normal,16.5,0.0,0.0,16.5,[],,,,
dca_l2_v2,NVDA,2024-06-03,2024-06-04,normal,13.5,0.0,0.0,13.5,"['EXTRA_BLOCKED_CONCENTRATION', 'EXTRA_BLOCKED_CONCENTRATION']",,,,
dca_l2_v2,AAPL,2024-06-03,2024-06-04,normal,11.25,0.0,0.0,11.25,[],,,,
dca_l2_v2,ASML,2024-06-03,2024-06-04,normal,7.5,0.0,0.0,7.5,[],,,,
dca_l2_v2,KO,2024-06-03,2024-06-04,normal,3.75,0.0,0.0,3.75,[],,,,
dca_l2_v2_portfolio,PORTFOLIO,2024-06-03,2024-06-04,,,,,,,75.0,0.0,75.0,325.0
dca_l2_v2,BYDDY,2024-06-10,2024-06-11,normal,22.5,0.0,0.0,22.5,[],,,,
dca_l2_v2,MSFT,2024-06-10,2024-06-11,normal,16.5,0.0,0.0,16.5,[],,,,
dca_l2_v2,NVDA,2024-06-10,2024-06-11,normal,13.5,0.0,0.0,13.5,"['EXTRA_BLOCKED_CONCENTRATION', 'EXTRA_BLOCKED_CONCENTRATION']",,,,
dca_l2_v2,AAPL,2024-06-10,2024-06-11,normal,11.25,0.0,0.0,11.25,[],,,,
dca_l2_v2,ASML,2024-06-10,2024-06-11,normal,7.5,0.0,0.0,7.5,[],,,,
dca_l2_v2,KO,2024-06-10,2024-06-11,normal,3.75,0.0,0.0,3.75,[],,,,
dca_l2_v2_portfolio,PORTFOLIO,2024-06-10,2024-06-11,,,,,,,75.0,0.0,75.0,250.0
dca_l2_v2,BYDDY,2024-06-17,2024-06-18,normal,22.5,0.0,0.0,22.5,[],,,,
dca_l2_v2,MSFT,2024-06-17,2024-06-18,normal,16.5,0.0,0.0,16.5,[],,,,
dca_l2_v2,NVDA,2024-06-17,2024-06-18,normal,13.5,0.0,0.0,13.5,"['EXTRA_BLOCKED_CONCENTRATION', 'EXTRA_BLOCKED_CONCENTRATION']",,,,
dca_l2_v2,AAPL,2024-06-17,2024-06-18,normal,11.25,0.0,0.0,11.25,[],,,,
dca_l2_v2,ASML,2024-06-17,2024-06-18,normal,7.5,0.0,0.0,7.5,[],,,,
dca_l2_v2,KO,2024-06-17,2024-06-18,normal,3.75,0.0,0.0,3.75,[],,,,
dca_l2_v2_portfolio,PORTFOLIO,2024-06-17,2024-06-18,,,,,,,75.0,0.0,75.0,175.0
dca_l2_v2,BYDDY,2024-06-24,2024-06-25,normal,22.5,0.0,0.0,22.5,['NORMAL_POOL_EXTRA_BUDGET_APPLIED'],,,,
dca_l2_v2,MSFT,2024-06-24,2024-06-25,normal,16.5,0.0,0.0,16.5,['NORMAL_POOL_EXTRA_BUDGET_APPLIED'],,,,
dca_l2_v2,NVDA,2024-06-24,2024-06-25,medium_drawdown,13.5,0.0,0.0,13.5,"['EXTRA_BLOCKED_CONCENTRATION', 'EXTRA_BLOCKED_CONCENTRATION', 'NORMAL_POOL_EXTRA_BUDGET_APPLIED']",,,,
dca_l2_v2,AAPL,2024-06-24,2024-06-25,normal,11.25,0.0,0.0,11.25,['NORMAL_POOL_EXTRA_BUDGET_APPLIED'],,,,
dca_l2_v2,ASML,2024-06-24,2024-06-25,small_drawdown,7.5,0.24,0.0,7.74,"['EXTRA_DIP_BUY', 'NORMAL_POOL_EXTRA_BUDGET_APPLIED']",,,,
dca_l2_v2,KO,2024-06-24,2024-06-25,normal,3.75,0.0,0.0,3.75,['NORMAL_POOL_EXTRA_BUDGET_APPLIED'],,,,
dca_l2_v2_portfolio,PORTFOLIO,2024-06-24,2024-06-25,,,,,,,75.0,0.0,75.0,100.0
dca_l2_v2,BYDDY,2024-07-01,2024-07-02,normal,18.0,0.0,0.0,18.0,[],,,,
dca_l2_v2,MSFT,2024-07-01,2024-07-02,normal,13.2,0.0,0.0,13.2,[],,,,
dca_l2_v2,NVDA,2024-07-01,2024-07-02,small_drawdown,10.8,0.0,0.0,10.8,"['EXTRA_BLOCKED_CONCENTRATION', 'EXTRA_BLOCKED_CONCENTRATION']",,,,
dca_l2_v2,AAPL,2024-07-01,2024-07-02,normal,9.0,0.0,0.0,9.0,[],,,,
dca_l2_v2,ASML,2024-07-01,2024-07-02,normal,6.0,0.0,0.0,6.0,[],,,,
dca_l2_v2,KO,2024-07-01,2024-07-02,normal,3.0,0.0,0.0,3.0,[],,,,
dca_l2_v2_portfolio,PORTFOLIO,2024-07-01,2024-07-02,,,,,,,60.0,0.0,60.0,340.0
dca_l2_v2,BYDDY,2024-07-08,2024-07-09,normal,18.0,0.0,0.0,18.0,[],,,,
dca_l2_v2,MSFT,2024-07-08,2024-07-09,normal,13.2,0.0,0.0,13.2,[],,,,
dca_l2_v2,NVDA,2024-07-08,2024-07-09,small_drawdown,10.8,0.0,0.0,10.8,"['EXTRA_BLOCKED_CONCENTRATION', 'EXTRA_BLOCKED_CONCENTRATION']",,,,
dca_l2_v2,AAPL,2024-07-08,2024-07-09,normal,9.0,0.0,0.0,9.0,[],,,,
dca_l2_v2,ASML,2024-07-08,2024-07-09,normal,6.0,0.0,0.0,6.0,[],,,,
dca_l2_v2,KO,2024-07-08,2024-07-09,normal,3.0,0.0,0.0,3.0,[],,,,
dca_l2_v2_portfolio,PORTFOLIO,2024-07-08,2024-07-09,,,,,,,60.0,0.0,60.0,280.0
dca_l2_v2,BYDDY,2024-07-15,2024-07-16,normal,18.0,0.0,0.0,18.0,[],,,,
dca_l2_v2,MSFT,2024-07-15,2024-07-16,normal,13.2,0.0,0.0,13.2,[],,,,
dca_l2_v2,NVDA,2024-07-15,2024-07-16,small_drawdown,10.8,0.0,0.0,10.8,"['EXTRA_BLOCKED_CONCENTRATION', 'EXTRA_BLOCKED_CONCENTRATION']",,,,
dca_l2_v2,AAPL,2024-07-15,2024-07-16,normal,9.0,0.0,0.0,9.0,[],,,,
dca_l2_v2,ASML,2024-07-15,2024-07-16,normal,6.0,0.0,0.0,6.0,[],,,,
dca_l2_v2,KO,2024-07-15,2024-07-16,normal,3.0,0.0,0.0,3.0,[],,,,
dca_l2_v2_portfolio,PORTFOLIO,2024-07-15,2024-07-16,,,,,,,60.0,0.0,60.0,220.0
dca_l2_v2,BYDDY,2024-07-22,2024-07-23,normal,18.0,0.0,0.0,18.0,[],,,,
dca_l2_v2,MSFT,2024-07-22,2024-07-23,small_drawdown,13.2,0.09,0.0,13.29,['EXTRA_DIP_BUY'],,,,
dca_l2_v2,NVDA,2024-07-22,2024-07-23,small_drawdown,10.8,0.0,0.0,10.8,"['EXTRA_BLOCKED_CONCENTRATION', 'EXTRA_BLOCKED_CONCENTRATION']",,,,
dca_l2_v2,AAPL,2024-07-22,2024-07-23,normal,9.0,0.0,0.0,9.0,[],,,,
dca_l2_v2,ASML,2024-07-22,2024-07-23,medium_drawdown,6.0,1.08,0.0,7.08,['EXTRA_DIP_BUY'],,,,
dca_l2_v2,KO,2024-07-22,2024-07-23,normal,3.0,0.0,0.0,3.0,[],,,,
dca_l2_v2_portfolio,PORTFOLIO,2024-07-22,2024-07-23,,,,,,,61.17,0.0,61.17,158.83
dca_l2_v2,BYDDY,2024-07-29,2024-07-30,panic_bear_extreme_volatility,9.0,0.0,0.0,9.0,['DEFENSIVE_BASE_50'],,,,
dca_l2_v2,MSFT,2024-07-29,2024-07-30,panic_bear_extreme_volatility,6.6,0.0,0.0,6.6,['DEFENSIVE_BASE_50'],,,,
dca_l2_v2,NVDA,2024-07-29,2024-07-30,panic_bear_extreme_volatility,5.4,0.0,0.0,5.4,"['DEFENSIVE_BASE_50', 'EXTRA_BLOCKED_CONCENTRATION']",,,,
dca_l2_v2,AAPL,2024-07-29,2024-07-30,panic_bear_extreme_volatility,4.5,0.0,0.0,4.5,['DEFENSIVE_BASE_50'],,,,
dca_l2_v2,ASML,2024-07-29,2024-07-30,panic_bear_extreme_volatility,3.0,0.0,0.0,3.0,['DEFENSIVE_BASE_50'],,,,
dca_l2_v2,KO,2024-07-29,2024-07-30,panic_bear_extreme_volatility,1.5,0.0,0.0,1.5,['DEFENSIVE_BASE_50'],,,,
dca_l2_v2_portfolio,PORTFOLIO,2024-07-29,2024-07-30,,,,,,,30.0,0.0,30.0,128.83
dca_l2_v2,BYDDY,2024-08-05,2024-08-06,panic_bear_extreme_volatility,11.25,0.0,0.0,11.25,['DEFENSIVE_BASE_50'],,,,
dca_l2_v2,MSFT,2024-08-05,2024-08-06,panic_bear_extreme_volatility,8.25,0.0,0.0,8.25,['DEFENSIVE_BASE_50'],,,,
dca_l2_v2,NVDA,2024-08-05,2024-08-06,panic_bear_extreme_volatility,6.75,0.0,0.0,6.75,"['DEFENSIVE_BASE_50', 'EXTRA_BLOCKED_CONCENTRATION']",,,,
dca_l2_v2,AAPL,2024-08-05,2024-08-06,panic_bear_extreme_volatility,5.63,0.0,0.0,5.63,['DEFENSIVE_BASE_50'],,,,
dca_l2_v2,ASML,2024-08-05,2024-08-06,panic_bear_extreme_volatility,3.75,0.0,0.0,3.75,['DEFENSIVE_BASE_50'],,,,
dca_l2_v2,KO,2024-08-05,2024-08-06,panic_bear_extreme_volatility,1.88,0.0,0.0,1.88,['DEFENSIVE_BASE_50'],,,,
dca_l2_v2_portfolio,PORTFOLIO,2024-08-05,2024-08-06,,,,,,,37.51,0.0,37.51,362.49
dca_l2_v2,BYDDY,2024-08-12,2024-08-13,panic_bear_extreme_volatility,11.25,0.0,0.0,11.25,['DEFENSIVE_BASE_50'],,,,
dca_l2_v2,MSFT,2024-08-12,2024-08-13,panic_bear_extreme_volatility,8.25,0.0,0.0,8.25,['DEFENSIVE_BASE_50'],,,,
dca_l2_v2,NVDA,2024-08-12,2024-08-13,panic_bear_extreme_volatility,6.75,0.0,0.0,6.75,"['DEFENSIVE_BASE_50', 'EXTRA_BLOCKED_CONCENTRATION']",,,,
dca_l2_v2,AAPL,2024-08-12,2024-08-13,panic_bear_extreme_volatility,5.63,0.0,0.0,5.63,['DEFENSIVE_BASE_50'],,,,
dca_l2_v2,ASML,2024-08-12,2024-08-13,panic_bear_extreme_volatility,3.75,0.0,0.0,3.75,['DEFENSIVE_BASE_50'],,,,
dca_l2_v2,KO,2024-08-12,2024-08-13,panic_bear_extreme_volatility,1.88,0.0,0.0,1.88,['DEFENSIVE_BASE_50'],,,,
dca_l2_v2_portfolio,PORTFOLIO,2024-08-12,2024-08-13,,,,,,,37.51,0.0,37.51,324.98
dca_l2_v2,BYDDY,2024-08-19,2024-08-20,panic_bear_extreme_volatility,11.25,0.0,0.0,11.25,['RECOVERY_LATCH_ACTIVE'],,,,
dca_l2_v2,MSFT,2024-08-19,2024-08-20,panic_bear_extreme_volatility,8.25,0.0,0.0,8.25,['RECOVERY_LATCH_ACTIVE'],,,,
dca_l2_v2,NVDA,2024-08-19,2024-08-20,panic_bear_extreme_volatility,6.75,0.0,0.0,6.75,"['RECOVERY_LATCH_ACTIVE', 'EXTRA_BLOCKED_CONCENTRATION']",,,,
dca_l2_v2,AAPL,2024-08-19,2024-08-20,panic_bear_extreme_volatility,5.63,0.0,0.0,5.63,['RECOVERY_LATCH_ACTIVE'],,,,
dca_l2_v2,ASML,2024-08-19,2024-08-20,panic_bear_extreme_volatility,3.75,0.0,0.0,3.75,['RECOVERY_LATCH_ACTIVE'],,,,
dca_l2_v2,KO,2024-08-19,2024-08-20,panic_bear_extreme_volatility,1.88,0.0,0.0,1.88,['RECOVERY_LATCH_ACTIVE'],,,,
dca_l2_v2_portfolio,PORTFOLIO,2024-08-19,2024-08-20,,,,,,,37.51,0.0,37.51,287.47
dca_l2_v2,BYDDY,2024-08-26,2024-08-27,small_drawdown,22.5,1.92,0.0,24.42,['EXTRA_DIP_BUY'],,,,
dca_l2_v2,MSFT,2024-08-26,2024-08-27,medium_drawdown,16.5,2.35,0.0,18.85,['EXTRA_DIP_BUY'],,,,
dca_l2_v2,NVDA,2024-08-26,2024-08-27,small_drawdown,13.5,0.0,0.0,13.5,"['EXTRA_BLOCKED_CONCENTRATION', 'EXTRA_BLOCKED_CONCENTRATION']",,,,
dca_l2_v2,AAPL,2024-08-26,2024-08-27,normal,11.25,0.0,0.0,11.25,[],,,,
dca_l2_v2,ASML,2024-08-26,2024-08-27,medium_drawdown,7.5,1.83,0.0,9.33,['EXTRA_DIP_BUY'],,,,
dca_l2_v2,KO,2024-08-26,2024-08-27,normal,3.75,0.0,0.0,3.75,[],,,,
dca_l2_v2_portfolio,PORTFOLIO,2024-08-26,2024-08-27,,,,,,,81.1,0.0,81.1,206.37
dca_l2_v2,BYDDY,2024-08-30,2024-09-03,normal,22.5,0.0,0.0,22.5,[],,,,
dca_l2_v2,MSFT,2024-08-30,2024-09-03,medium_drawdown,16.5,2.19,0.0,18.69,['EXTRA_DIP_BUY'],,,,
dca_l2_v2,NVDA,2024-08-30,2024-09-03,medium_drawdown,13.5,0.0,0.0,13.5,"['EXTRA_BLOCKED_CONCENTRATION', 'EXTRA_BLOCKED_CONCENTRATION']",,,,
dca_l2_v2,AAPL,2024-08-30,2024-09-03,normal,11.25,0.0,0.0,11.25,[],,,,
dca_l2_v2,ASML,2024-08-30,2024-09-03,medium_drawdown,7.5,1.65,0.0,9.15,['EXTRA_DIP_BUY'],,,,
dca_l2_v2,KO,2024-08-30,2024-09-03,normal,3.75,0.0,0.0,3.75,[],,,,
dca_l2_v2_portfolio,PORTFOLIO,2024-08-30,2024-09-03,,,,,,,78.84,0.0,78.84,321.16
dca_l2_v2,BYDDY,2024-09-09,2024-09-10,panic_bear_extreme_volatility,11.25,0.0,0.0,11.25,['DEFENSIVE_BASE_50'],,,,
dca_l2_v2,MSFT,2024-09-09,2024-09-10,panic_bear_extreme_volatility,8.25,0.0,0.0,8.25,['DEFENSIVE_BASE_50'],,,,
dca_l2_v2,NVDA,2024-09-09,2024-09-10,panic_bear_extreme_volatility,6.75,0.0,0.0,6.75,"['DEFENSIVE_BASE_50', 'EXTRA_BLOCKED_CONCENTRATION']",,,,
dca_l2_v2,AAPL,2024-09-09,2024-09-10,panic_bear_extreme_volatility,5.63,0.0,0.0,5.63,['DEFENSIVE_BASE_50'],,,,
dca_l2_v2,ASML,2024-09-09,2024-09-10,panic_bear_extreme_volatility,3.75,0.0,0.0,3.75,['DEFENSIVE_BASE_50'],,,,
dca_l2_v2,KO,2024-09-09,2024-09-10,panic_bear_extreme_volatility,1.88,0.0,0.0,1.88,['DEFENSIVE_BASE_50'],,,,
dca_l2_v2_portfolio,PORTFOLIO,2024-09-09,2024-09-10,,,,,,,37.51,0.0,37.51,283.65
dca_l2_v2,BYDDY,2024-09-16,2024-09-17,panic_bear_extreme_volatility,11.25,0.0,0.0,11.25,['RECOVERY_LATCH_ACTIVE'],,,,
dca_l2_v2,MSFT,2024-09-16,2024-09-17,panic_bear_extreme_volatility,8.25,0.0,0.0,8.25,['RECOVERY_LATCH_ACTIVE'],,,,
dca_l2_v2,NVDA,2024-09-16,2024-09-17,panic_bear_extreme_volatility,6.75,0.0,0.0,6.75,"['RECOVERY_LATCH_ACTIVE', 'EXTRA_BLOCKED_CONCENTRATION']",,,,
dca_l2_v2,AAPL,2024-09-16,2024-09-17,panic_bear_extreme_volatility,5.63,0.0,0.0,5.63,['RECOVERY_LATCH_ACTIVE'],,,,
dca_l2_v2,ASML,2024-09-16,2024-09-17,panic_bear_extreme_volatility,3.75,0.0,0.0,3.75,['RECOVERY_LATCH_ACTIVE'],,,,
dca_l2_v2,KO,2024-09-16,2024-09-17,panic_bear_extreme_volatility,1.88,0.0,0.0,1.88,['RECOVERY_LATCH_ACTIVE'],,,,
dca_l2_v2_portfolio,PORTFOLIO,2024-09-16,2024-09-17,,,,,,,37.51,0.0,37.51,246.14
dca_l2_v2,BYDDY,2024-09-23,2024-09-24,normal,22.5,0.0,0.0,22.5,[],,,,
dca_l2_v2,MSFT,2024-09-23,2024-09-24,normal,16.5,0.0,0.0,16.5,[],,,,
dca_l2_v2,NVDA,2024-09-23,2024-09-24,medium_drawdown,13.5,0.0,0.0,13.5,"['EXTRA_BLOCKED_CONCENTRATION', 'EXTRA_BLOCKED_CONCENTRATION']",,,,
dca_l2_v2,AAPL,2024-09-23,2024-09-24,normal,11.25,0.0,0.0,11.25,[],,,,
dca_l2_v2,ASML,2024-09-23,2024-09-24,deep_drawdown,7.5,2.6,25.0,35.1,"['EXTRA_DIP_BUY', 'CRASH_FUND_PLANNED']",,,,
dca_l2_v2,KO,2024-09-23,2024-09-24,normal,3.75,0.0,0.0,3.75,[],,,,
dca_l2_v2_portfolio,PORTFOLIO,2024-09-23,2024-09-24,,,,,,,77.6,25.0,102.6,143.54
dca_l2_v2,BYDDY,2024-09-30,2024-10-01,normal,18.0,0.0,0.0,18.0,[],,,,
dca_l2_v2,MSFT,2024-09-30,2024-10-01,normal,13.2,0.0,0.0,13.2,[],,,,
dca_l2_v2,NVDA,2024-09-30,2024-10-01,small_drawdown,10.8,0.0,0.0,10.8,"['EXTRA_BLOCKED_CONCENTRATION', 'EXTRA_BLOCKED_CONCENTRATION']",,,,
dca_l2_v2,AAPL,2024-09-30,2024-10-01,normal,9.0,0.0,0.0,9.0,[],,,,
dca_l2_v2,ASML,2024-09-30,2024-10-01,medium_drawdown,6.0,0.88,0.0,6.88,['EXTRA_DIP_BUY'],,,,
dca_l2_v2,KO,2024-09-30,2024-10-01,normal,3.0,0.0,0.0,3.0,[],,,,
dca_l2_v2_portfolio,PORTFOLIO,2024-09-30,2024-10-01,,,,,,,60.88,0.0,60.88,339.12
dca_l2_v2,BYDDY,2024-10-07,2024-10-08,normal,18.0,0.0,0.0,18.0,[],,,,
dca_l2_v2,MSFT,2024-10-07,2024-10-08,small_drawdown,13.2,0.54,0.0,13.74,['EXTRA_DIP_BUY'],,,,
dca_l2_v2,NVDA,2024-10-07,2024-10-08,normal,10.8,0.0,0.0,10.8,"['EXTRA_BLOCKED_CONCENTRATION', 'EXTRA_BLOCKED_CONCENTRATION']",,,,
dca_l2_v2,AAPL,2024-10-07,2024-10-08,normal,9.0,0.0,0.0,9.0,[],,,,
dca_l2_v2,ASML,2024-10-07,2024-10-08,medium_drawdown,6.0,1.0,0.0,7.0,['EXTRA_DIP_BUY'],,,,
dca_l2_v2,KO,2024-10-07,2024-10-08,normal,3.0,0.0,0.0,3.0,[],,,,
dca_l2_v2_portfolio,PORTFOLIO,2024-10-07,2024-10-08,,,,,,,61.54,0.0,61.54,277.58
dca_l2_v2,BYDDY,2024-10-14,2024-10-15,medium_drawdown,18.0,2.78,0.0,20.78,['EXTRA_DIP_BUY'],,,,
dca_l2_v2,MSFT,2024-10-14,2024-10-15,normal,13.2,0.0,0.0,13.2,[],,,,
dca_l2_v2,NVDA,2024-10-14,2024-10-15,normal,10.8,0.0,0.0,10.8,"['EXTRA_BLOCKED_CONCENTRATION', 'EXTRA_BLOCKED_CONCENTRATION']",,,,
dca_l2_v2,AAPL,2024-10-14,2024-10-15,normal,9.0,0.0,0.0,9.0,[],,,,
dca_l2_v2,ASML,2024-10-14,2024-10-15,small_drawdown,6.0,0.38,0.0,6.38,['EXTRA_DIP_BUY'],,,,
dca_l2_v2,KO,2024-10-14,2024-10-15,normal,3.0,0.0,0.0,3.0,[],,,,
dca_l2_v2_portfolio,PORTFOLIO,2024-10-14,2024-10-15,,,,,,,63.16,0.0,63.16,214.42
dca_l2_v2,BYDDY,2024-10-21,2024-10-22,medium_drawdown,18.0,2.6,0.0,20.6,['EXTRA_DIP_BUY'],,,,
dca_l2_v2,MSFT,2024-10-21,2024-10-22,normal,13.2,0.0,0.0,13.2,[],,,,
dca_l2_v2,NVDA,2024-10-21,2024-10-22,normal,10.8,0.0,0.0,10.8,"['EXTRA_BLOCKED_CONCENTRATION', 'EXTRA_BLOCKED_CONCENTRATION']",,,,
dca_l2_v2,AAPL,2024-10-21,2024-10-22,normal,9.0,0.0,0.0,9.0,[],,,,
dca_l2_v2,ASML,2024-10-21,2024-10-22,deep_drawdown,6.0,0.0,0.0,6.0,['EXTRA_BLOCKED_STRONG_DOWNTREND'],,,,
dca_l2_v2,KO,2024-10-21,2024-10-22,normal,3.0,0.0,0.0,3.0,[],,,,
dca_l2_v2_portfolio,PORTFOLIO,2024-10-21,2024-10-22,,,,,,,62.6,0.0,62.6,151.82
dca_l2_v2,BYDDY,2024-10-28,2024-10-29,small_drawdown,18.0,1.59,0.0,19.59,"['EXTRA_DIP_BUY', 'NORMAL_POOL_BASE_BUDGET_APPLIED', 'NORMAL_POOL_EXTRA_BUDGET_APPLIED']",,,,
dca_l2_v2,MSFT,2024-10-28,2024-10-29,normal,13.2,0.0,0.0,13.2,"['NORMAL_POOL_BASE_BUDGET_APPLIED', 'NORMAL_POOL_EXTRA_BUDGET_APPLIED']",,,,
dca_l2_v2,NVDA,2024-10-28,2024-10-29,normal,10.8,0.0,0.0,10.8,"['EXTRA_BLOCKED_CONCENTRATION', 'EXTRA_BLOCKED_CONCENTRATION', 'NORMAL_POOL_BASE_BUDGET_APPLIED', 'NORMAL_POOL_EXTRA_BUDGET_APPLIED']",,,,
dca_l2_v2,AAPL,2024-10-28,2024-10-29,normal,9.0,0.0,0.0,9.0,"['NORMAL_POOL_BASE_BUDGET_APPLIED', 'NORMAL_POOL_EXTRA_BUDGET_APPLIED']",,,,
dca_l2_v2,ASML,2024-10-28,2024-10-29,deep_drawdown,6.0,0.0,0.0,6.0,"['EXTRA_BLOCKED_STRONG_DOWNTREND', 'NORMAL_POOL_BASE_BUDGET_APPLIED', 'NORMAL_POOL_EXTRA_BUDGET_APPLIED']",,,,
dca_l2_v2,KO,2024-10-28,2024-10-29,small_drawdown,3.0,0.23,0.0,3.23,"['EXTRA_DIP_BUY', 'NORMAL_POOL_BASE_BUDGET_APPLIED', 'NORMAL_POOL_EXTRA_BUDGET_APPLIED']",,,,
dca_l2_v2_portfolio,PORTFOLIO,2024-10-28,2024-10-29,,,,,,,51.82,0.0,51.82,100.0
dca_l2_v2,BYDDY,2024-11-04,2024-11-05,medium_drawdown,22.5,3.38,0.0,25.88,['EXTRA_DIP_BUY'],,,,
dca_l2_v2,MSFT,2024-11-04,2024-11-05,small_drawdown,16.5,0.78,0.0,17.28,['EXTRA_DIP_BUY'],,,,
dca_l2_v2,NVDA,2024-11-04,2024-11-05,small_drawdown,13.5,0.0,0.0,13.5,"['EXTRA_BLOCKED_CONCENTRATION', 'EXTRA_BLOCKED_CONCENTRATION']",,,,
dca_l2_v2,AAPL,2024-11-04,2024-11-05,small_drawdown,11.25,0.31,0.0,11.56,['EXTRA_DIP_BUY'],,,,
dca_l2_v2,ASML,2024-11-04,2024-11-05,deep_drawdown,7.5,0.0,0.0,7.5,['EXTRA_BLOCKED_STRONG_DOWNTREND'],,,,
dca_l2_v2,KO,2024-11-04,2024-11-05,medium_drawdown,3.75,0.48,0.0,4.23,['EXTRA_DIP_BUY'],,,,
dca_l2_v2_portfolio,PORTFOLIO,2024-11-04,2024-11-05,,,,,,,79.95,0.0,79.95,320.05
dca_l2_v2,BYDDY,2024-11-11,2024-11-12,medium_drawdown,22.5,4.24,0.0,26.74,['EXTRA_DIP_BUY'],,,,
dca_l2_v2,MSFT,2024-11-11,2024-11-12,normal,16.5,0.0,0.0,16.5,[],,,,
dca_l2_v2,NVDA,2024-11-11,2024-11-12,normal,13.5,0.0,0.0,13.5,"['EXTRA_BLOCKED_CONCENTRATION', 'EXTRA_BLOCKED_CONCENTRATION']",,,,
dca_l2_v2,AAPL,2024-11-11,2024-11-12,small_drawdown,11.25,0.02,0.0,11.27,['EXTRA_DIP_BUY'],,,,
dca_l2_v2,ASML,2024-11-11,2024-11-12,deep_drawdown,7.5,0.0,0.0,7.5,['EXTRA_BLOCKED_STRONG_DOWNTREND'],,,,
dca_l2_v2,KO,2024-11-11,2024-11-12,medium_drawdown,3.75,0.59,0.0,4.34,['EXTRA_DIP_BUY'],,,,
dca_l2_v2_portfolio,PORTFOLIO,2024-11-11,2024-11-12,,,,,,,79.85,0.0,79.85,240.2
dca_l2_v2,BYDDY,2024-11-18,2024-11-19,medium_drawdown,22.5,4.88,0.0,27.38,['EXTRA_DIP_BUY'],,,,
dca_l2_v2,MSFT,2024-11-18,2024-11-19,small_drawdown,16.5,0.09,0.0,16.59,['EXTRA_DIP_BUY'],,,,
dca_l2_v2,NVDA,2024-11-18,2024-11-19,small_drawdown,13.5,0.0,0.0,13.5,"['EXTRA_BLOCKED_CONCENTRATION', 'EXTRA_BLOCKED_CONCENTRATION']",,,,
dca_l2_v2,AAPL,2024-11-18,2024-11-19,normal,11.25,0.0,0.0,11.25,[],,,,
dca_l2_v2,ASML,2024-11-18,2024-11-19,deep_drawdown,7.5,0.0,0.0,7.5,['EXTRA_BLOCKED_STRONG_DOWNTREND'],,,,
dca_l2_v2,KO,2024-11-18,2024-11-19,medium_drawdown,3.75,0.67,0.0,4.42,['EXTRA_DIP_BUY'],,,,
dca_l2_v2_portfolio,PORTFOLIO,2024-11-18,2024-11-19,,,,,,,80.64,0.0,80.64,159.56
dca_l2_v2,BYDDY,2024-11-25,2024-11-26,deep_drawdown,22.5,5.7,18.75,46.95,"['EXTRA_DIP_BUY', 'CRASH_FUND_PLANNED', 'NORMAL_POOL_BASE_BUDGET_APPLIED', 'NORMAL_POOL_EXTRA_BUDGET_APPLIED']",,,,
dca_l2_v2,MSFT,2024-11-25,2024-11-26,normal,16.5,0.0,0.0,16.5,"['NORMAL_POOL_BASE_BUDGET_APPLIED', 'NORMAL_POOL_EXTRA_BUDGET_APPLIED']",,,,
dca_l2_v2,NVDA,2024-11-25,2024-11-26,small_drawdown,13.5,0.0,0.0,13.5,"['EXTRA_BLOCKED_CONCENTRATION', 'EXTRA_BLOCKED_CONCENTRATION', 'NORMAL_POOL_BASE_BUDGET_APPLIED', 'NORMAL_POOL_EXTRA_BUDGET_APPLIED']",,,,
dca_l2_v2,AAPL,2024-11-25,2024-11-26,normal,11.25,0.0,0.0,11.25,"['NORMAL_POOL_BASE_BUDGET_APPLIED', 'NORMAL_POOL_EXTRA_BUDGET_APPLIED']",,,,
dca_l2_v2,ASML,2024-11-25,2024-11-26,deep_drawdown,7.5,0.0,0.0,7.5,"['EXTRA_BLOCKED_STRONG_DOWNTREND', 'NORMAL_POOL_BASE_BUDGET_APPLIED', 'NORMAL_POOL_EXTRA_BUDGET_APPLIED']",,,,
dca_l2_v2,KO,2024-11-25,2024-11-26,medium_drawdown,3.75,0.5,0.0,4.25,"['EXTRA_DIP_BUY', 'NORMAL_POOL_BASE_BUDGET_APPLIED', 'NORMAL_POOL_EXTRA_BUDGET_APPLIED']",,,,
dca_l2_v2_portfolio,PORTFOLIO,2024-11-25,2024-11-26,,,,,,,59.56,18.75,78.31,81.25
dca_l2_v2,BYDDY,2024-12-02,2024-12-03,medium_drawdown,18.0,4.38,0.0,22.38,['EXTRA_DIP_BUY'],,,,
dca_l2_v2,MSFT,2024-12-02,2024-12-03,normal,13.2,0.0,0.0,13.2,[],,,,
dca_l2_v2,NVDA,2024-12-02,2024-12-03,small_drawdown,10.8,0.0,0.0,10.8,"['EXTRA_BLOCKED_CONCENTRATION', 'EXTRA_BLOCKED_CONCENTRATION']",,,,
dca_l2_v2,AAPL,2024-12-02,2024-12-03,normal,9.0,0.0,0.0,9.0,[],,,,
dca_l2_v2,ASML,2024-12-02,2024-12-03,medium_drawdown,6.0,1.37,0.0,7.37,['EXTRA_DIP_BUY'],,,,
dca_l2_v2,KO,2024-12-02,2024-12-03,medium_drawdown,3.0,0.4,0.0,3.4,['EXTRA_DIP_BUY'],,,,
dca_l2_v2_portfolio,PORTFOLIO,2024-12-02,2024-12-03,,,,,,,66.15,0.0,66.15,333.85
dca_l2_v2,BYDDY,2024-12-09,2024-12-10,medium_drawdown,18.0,2.93,0.0,20.93,['EXTRA_DIP_BUY'],,,,
dca_l2_v2,MSFT,2024-12-09,2024-12-10,normal,13.2,0.0,0.0,13.2,[],,,,
dca_l2_v2,NVDA,2024-12-09,2024-12-10,small_drawdown,10.8,0.0,0.0,10.8,"['EXTRA_BLOCKED_CONCENTRATION', 'EXTRA_BLOCKED_CONCENTRATION']",,,,
dca_l2_v2,AAPL,2024-12-09,2024-12-10,normal,9.0,0.0,0.0,9.0,[],,,,
dca_l2_v2,ASML,2024-12-09,2024-12-10,medium_drawdown,6.0,1.41,0.0,7.41,['EXTRA_DIP_BUY'],,,,
dca_l2_v2,KO,2024-12-09,2024-12-10,medium_drawdown,3.0,0.46,0.0,3.46,['EXTRA_DIP_BUY'],,,,
dca_l2_v2_portfolio,PORTFOLIO,2024-12-09,2024-12-10,,,,,,,64.8,0.0,64.8,269.05
dca_l2_v2,BYDDY,2024-12-16,2024-12-17,medium_drawdown,18.0,4.4,0.0,22.4,['EXTRA_DIP_BUY'],,,,
dca_l2_v2,MSFT,2024-12-16,2024-12-17,normal,13.2,0.0,0.0,13.2,[],,,,
dca_l2_v2,NVDA,2024-12-16,2024-12-17,medium_drawdown,10.8,0.0,0.0,10.8,"['EXTRA_BLOCKED_CONCENTRATION', 'EXTRA_BLOCKED_CONCENTRATION']",,,,
dca_l2_v2,AAPL,2024-12-16,2024-12-17,normal,9.0,0.0,0.0,9.0,[],,,,
dca_l2_v2,ASML,2024-12-16,2024-12-17,medium_drawdown,6.0,1.27,0.0,7.27,['EXTRA_DIP_BUY'],,,,
dca_l2_v2,KO,2024-12-16,2024-12-17,medium_drawdown,3.0,0.4,0.0,3.4,['EXTRA_DIP_BUY'],,,,
dca_l2_v2_portfolio,PORTFOLIO,2024-12-16,2024-12-17,,,,,,,66.07,0.0,66.07,202.98
dca_l2_v2,BYDDY,2024-12-23,2024-12-24,small_drawdown,18.0,2.12,0.0,20.12,['EXTRA_DIP_BUY'],,,,
dca_l2_v2,MSFT,2024-12-23,2024-12-24,normal,13.2,0.0,0.0,13.2,[],,,,
dca_l2_v2,NVDA,2024-12-23,2024-12-24,small_drawdown,10.8,0.0,0.0,10.8,"['EXTRA_BLOCKED_CONCENTRATION', 'EXTRA_BLOCKED_CONCENTRATION']",,,,
dca_l2_v2,AAPL,2024-12-23,2024-12-24,normal,9.0,0.0,0.0,9.0,[],,,,
dca_l2_v2,ASML,2024-12-23,2024-12-24,medium_drawdown,6.0,1.29,0.0,7.29,['EXTRA_DIP_BUY'],,,,
dca_l2_v2,KO,2024-12-23,2024-12-24,medium_drawdown,3.0,0.41,0.0,3.41,['EXTRA_DIP_BUY'],,,,
dca_l2_v2_portfolio,PORTFOLIO,2024-12-23,2024-12-24,,,,,,,63.82,0.0,63.82,139.16
dca_l2_v2,BYDDY,2024-12-30,2024-12-31,medium_drawdown,18.0,2.34,0.0,20.34,"['EXTRA_DIP_BUY', 'NORMAL_POOL_BASE_BUDGET_APPLIED', 'NORMAL_POOL_EXTRA_BUDGET_APPLIED']",,,,
dca_l2_v2,MSFT,2024-12-30,2024-12-31,small_drawdown,13.2,0.5,0.0,13.7,"['EXTRA_DIP_BUY', 'NORMAL_POOL_BASE_BUDGET_APPLIED', 'NORMAL_POOL_EXTRA_BUDGET_APPLIED']",,,,
dca_l2_v2,NVDA,2024-12-30,2024-12-31,small_drawdown,10.8,0.0,0.0,10.8,"['EXTRA_BLOCKED_CONCENTRATION', 'EXTRA_BLOCKED_CONCENTRATION', 'NORMAL_POOL_BASE_BUDGET_APPLIED', 'NORMAL_POOL_EXTRA_BUDGET_APPLIED']",,,,
dca_l2_v2,AAPL,2024-12-30,2024-12-31,normal,9.0,0.0,0.0,9.0,"['NORMAL_POOL_BASE_BUDGET_APPLIED', 'NORMAL_POOL_EXTRA_BUDGET_APPLIED']",,,,
dca_l2_v2,ASML,2024-12-30,2024-12-31,small_drawdown,6.0,0.05,0.0,6.05,"['EXTRA_DIP_BUY', 'NORMAL_POOL_BASE_BUDGET_APPLIED', 'NORMAL_POOL_EXTRA_BUDGET_APPLIED']",,,,
dca_l2_v2,KO,2024-12-30,2024-12-31,medium_drawdown,3.0,0.43,0.0,3.43,"['EXTRA_DIP_BUY', 'NORMAL_POOL_BASE_BUDGET_APPLIED', 'NORMAL_POOL_EXTRA_BUDGET_APPLIED']",,,,
dca_l2_v2_portfolio,PORTFOLIO,2024-12-30,2024-12-31,,,,,,,39.17,0.0,39.17,99.99
dca_l2_v2,BYDDY,2025-01-06,2025-01-07,medium_drawdown,22.5,3.81,0.0,26.31,['EXTRA_DIP_BUY'],,,,
dca_l2_v2,MSFT,2025-01-06,2025-01-07,small_drawdown,16.5,0.35,0.0,16.85,['EXTRA_DIP_BUY'],,,,
dca_l2_v2,NVDA,2025-01-06,2025-01-07,normal,13.5,0.0,0.0,13.5,"['EXTRA_BLOCKED_CONCENTRATION', 'EXTRA_BLOCKED_CONCENTRATION']",,,,
dca_l2_v2,AAPL,2025-01-06,2025-01-07,small_drawdown,11.25,0.12,0.0,11.37,['EXTRA_DIP_BUY'],,,,
dca_l2_v2,ASML,2025-01-06,2025-01-07,normal,7.5,0.0,0.0,7.5,[],,,,
dca_l2_v2,KO,2025-01-06,2025-01-07,medium_drawdown,3.75,0.55,0.0,4.3,['EXTRA_DIP_BUY'],,,,
dca_l2_v2_portfolio,PORTFOLIO,2025-01-06,2025-01-07,,,,,,,79.83,0.0,79.83,320.17
dca_l2_v2,BYDDY,2025-01-13,2025-01-14,panic_bear_extreme_volatility,11.25,0.0,0.0,11.25,['DEFENSIVE_BASE_50'],,,,
dca_l2_v2,MSFT,2025-01-13,2025-01-14,panic_bear_extreme_volatility,8.25,0.0,0.0,8.25,['DEFENSIVE_BASE_50'],,,,
dca_l2_v2,NVDA,2025-01-13,2025-01-14,panic_bear_extreme_volatility,6.75,0.0,0.0,6.75,"['DEFENSIVE_BASE_50', 'EXTRA_BLOCKED_CONCENTRATION']",,,,
dca_l2_v2,AAPL,2025-01-13,2025-01-14,panic_bear_extreme_volatility,5.63,0.0,0.0,5.63,['DEFENSIVE_BASE_50'],,,,
dca_l2_v2,ASML,2025-01-13,2025-01-14,panic_bear_extreme_volatility,3.75,0.0,0.0,3.75,['DEFENSIVE_BASE_50'],,,,
dca_l2_v2,KO,2025-01-13,2025-01-14,panic_bear_extreme_volatility,1.88,0.0,0.0,1.88,['DEFENSIVE_BASE_50'],,,,
dca_l2_v2_portfolio,PORTFOLIO,2025-01-13,2025-01-14,,,,,,,37.51,0.0,37.51,282.66
dca_l2_v2,BYDDY,2025-01-17,2025-01-21,panic_bear_extreme_volatility,11.25,0.0,0.0,11.25,['RECOVERY_LATCH_ACTIVE'],,,,
dca_l2_v2,MSFT,2025-01-17,2025-01-21,panic_bear_extreme_volatility,8.25,0.0,0.0,8.25,['RECOVERY_LATCH_ACTIVE'],,,,
dca_l2_v2,NVDA,2025-01-17,2025-01-21,panic_bear_extreme_volatility,6.75,0.0,0.0,6.75,"['RECOVERY_LATCH_ACTIVE', 'EXTRA_BLOCKED_CONCENTRATION']",,,,
dca_l2_v2,AAPL,2025-01-17,2025-01-21,panic_bear_extreme_volatility,5.63,0.0,0.0,5.63,['RECOVERY_LATCH_ACTIVE'],,,,
dca_l2_v2,ASML,2025-01-17,2025-01-21,panic_bear_extreme_volatility,3.75,0.0,0.0,3.75,['RECOVERY_LATCH_ACTIVE'],,,,
dca_l2_v2,KO,2025-01-17,2025-01-21,panic_bear_extreme_volatility,1.88,0.0,0.0,1.88,['RECOVERY_LATCH_ACTIVE'],,,,
dca_l2_v2_portfolio,PORTFOLIO,2025-01-17,2025-01-21,,,,,,,37.51,0.0,37.51,245.15
dca_l2_v2,BYDDY,2025-01-27,2025-01-28,panic_bear_extreme_volatility,11.25,0.0,0.0,11.25,['DEFENSIVE_BASE_50'],,,,
dca_l2_v2,MSFT,2025-01-27,2025-01-28,panic_bear_extreme_volatility,8.25,0.0,0.0,8.25,['DEFENSIVE_BASE_50'],,,,
dca_l2_v2,NVDA,2025-01-27,2025-01-28,panic_bear_extreme_volatility,6.75,0.0,0.0,6.75,"['DEFENSIVE_BASE_50', 'EXTRA_BLOCKED_CONCENTRATION']",,,,
dca_l2_v2,AAPL,2025-01-27,2025-01-28,panic_bear_extreme_volatility,5.63,0.0,0.0,5.63,['DEFENSIVE_BASE_50'],,,,
dca_l2_v2,ASML,2025-01-27,2025-01-28,panic_bear_extreme_volatility,3.75,0.0,0.0,3.75,['DEFENSIVE_BASE_50'],,,,
dca_l2_v2,KO,2025-01-27,2025-01-28,panic_bear_extreme_volatility,1.88,0.0,0.0,1.88,['DEFENSIVE_BASE_50'],,,,
dca_l2_v2_portfolio,PORTFOLIO,2025-01-27,2025-01-28,,,,,,,37.51,0.0,37.51,207.64
dca_l2_v2,BYDDY,2025-02-03,2025-02-04,panic_bear_extreme_volatility,11.25,0.0,0.0,11.25,['DEFENSIVE_BASE_50'],,,,
dca_l2_v2,MSFT,2025-02-03,2025-02-04,panic_bear_extreme_volatility,8.25,0.0,0.0,8.25,['DEFENSIVE_BASE_50'],,,,
dca_l2_v2,NVDA,2025-02-03,2025-02-04,panic_bear_extreme_volatility,6.75,0.0,0.0,6.75,"['DEFENSIVE_BASE_50', 'EXTRA_BLOCKED_CONCENTRATION']",,,,
dca_l2_v2,AAPL,2025-02-03,2025-02-04,panic_bear_extreme_volatility,5.63,0.0,0.0,5.63,['DEFENSIVE_BASE_50'],,,,
dca_l2_v2,ASML,2025-02-03,2025-02-04,panic_bear_extreme_volatility,3.75,0.0,0.0,3.75,['DEFENSIVE_BASE_50'],,,,
dca_l2_v2,KO,2025-02-03,2025-02-04,panic_bear_extreme_volatility,1.88,0.0,0.0,1.88,['DEFENSIVE_BASE_50'],,,,
dca_l2_v2_portfolio,PORTFOLIO,2025-02-03,2025-02-04,,,,,,,37.51,0.0,37.51,362.49
dca_l2_v2,BYDDY,2025-02-10,2025-02-11,panic_bear_extreme_volatility,11.25,0.0,0.0,11.25,['RECOVERY_LATCH_ACTIVE'],,,,
dca_l2_v2,MSFT,2025-02-10,2025-02-11,panic_bear_extreme_volatility,8.25,0.0,0.0,8.25,['RECOVERY_LATCH_ACTIVE'],,,,
dca_l2_v2,NVDA,2025-02-10,2025-02-11,panic_bear_extreme_volatility,6.75,0.0,0.0,6.75,"['RECOVERY_LATCH_ACTIVE', 'EXTRA_BLOCKED_CONCENTRATION']",,,,
dca_l2_v2,AAPL,2025-02-10,2025-02-11,panic_bear_extreme_volatility,5.63,0.0,0.0,5.63,['RECOVERY_LATCH_ACTIVE'],,,,
dca_l2_v2,ASML,2025-02-10,2025-02-11,panic_bear_extreme_volatility,3.75,0.0,0.0,3.75,['RECOVERY_LATCH_ACTIVE'],,,,
dca_l2_v2,KO,2025-02-10,2025-02-11,panic_bear_extreme_volatility,1.88,0.0,0.0,1.88,['RECOVERY_LATCH_ACTIVE'],,,,
dca_l2_v2_portfolio,PORTFOLIO,2025-02-10,2025-02-11,,,,,,,37.51,0.0,37.51,324.98
dca_l2_v2,BYDDY,2025-02-14,2025-02-18,panic_bear_extreme_volatility,11.25,0.0,0.0,11.25,['RECOVERY_LATCH_ACTIVE'],,,,
dca_l2_v2,MSFT,2025-02-14,2025-02-18,panic_bear_extreme_volatility,8.25,0.0,0.0,8.25,['RECOVERY_LATCH_ACTIVE'],,,,
dca_l2_v2,NVDA,2025-02-14,2025-02-18,panic_bear_extreme_volatility,6.75,0.0,0.0,6.75,"['RECOVERY_LATCH_ACTIVE', 'EXTRA_BLOCKED_CONCENTRATION']",,,,
dca_l2_v2,AAPL,2025-02-14,2025-02-18,panic_bear_extreme_volatility,5.63,0.0,0.0,5.63,['RECOVERY_LATCH_ACTIVE'],,,,
dca_l2_v2,ASML,2025-02-14,2025-02-18,panic_bear_extreme_volatility,3.75,0.0,0.0,3.75,['RECOVERY_LATCH_ACTIVE'],,,,
dca_l2_v2,KO,2025-02-14,2025-02-18,panic_bear_extreme_volatility,1.88,0.0,0.0,1.88,['RECOVERY_LATCH_ACTIVE'],,,,
dca_l2_v2_portfolio,PORTFOLIO,2025-02-14,2025-02-18,,,,,,,37.51,0.0,37.51,287.47
dca_l2_v2,BYDDY,2025-02-24,2025-02-25,panic_bear_extreme_volatility,11.25,0.0,0.0,11.25,['DEFENSIVE_BASE_50'],,,,
dca_l2_v2,MSFT,2025-02-24,2025-02-25,panic_bear_extreme_volatility,8.25,0.0,0.0,8.25,['DEFENSIVE_BASE_50'],,,,
dca_l2_v2,NVDA,2025-02-24,2025-02-25,panic_bear_extreme_volatility,6.75,0.0,0.0,6.75,"['DEFENSIVE_BASE_50', 'EXTRA_BLOCKED_CONCENTRATION']",,,,
dca_l2_v2,AAPL,2025-02-24,2025-02-25,panic_bear_extreme_volatility,5.63,0.0,0.0,5.63,['DEFENSIVE_BASE_50'],,,,
dca_l2_v2,ASML,2025-02-24,2025-02-25,panic_bear_extreme_volatility,3.75,0.0,0.0,3.75,['DEFENSIVE_BASE_50'],,,,
dca_l2_v2,KO,2025-02-24,2025-02-25,panic_bear_extreme_volatility,1.88,0.0,0.0,1.88,['DEFENSIVE_BASE_50'],,,,
dca_l2_v2_portfolio,PORTFOLIO,2025-02-24,2025-02-25,,,,,,,37.51,0.0,37.51,249.96
dca_l2_v2,BYDDY,2025-03-03,2025-03-04,panic_bear_extreme_volatility,11.25,0.0,0.0,11.25,['DEFENSIVE_BASE_50'],,,,
dca_l2_v2,MSFT,2025-03-03,2025-03-04,panic_bear_extreme_volatility,8.25,0.0,0.0,8.25,['DEFENSIVE_BASE_50'],,,,
dca_l2_v2,NVDA,2025-03-03,2025-03-04,panic_bear_extreme_volatility,6.75,0.0,0.0,6.75,['DEFENSIVE_BASE_50'],,,,
dca_l2_v2,AAPL,2025-03-03,2025-03-04,panic_bear_extreme_volatility,5.63,0.0,0.0,5.63,['DEFENSIVE_BASE_50'],,,,
dca_l2_v2,ASML,2025-03-03,2025-03-04,panic_bear_extreme_volatility,3.75,0.0,0.0,3.75,['DEFENSIVE_BASE_50'],,,,
dca_l2_v2,KO,2025-03-03,2025-03-04,panic_bear_extreme_volatility,1.88,0.0,0.0,1.88,['DEFENSIVE_BASE_50'],,,,
dca_l2_v2_portfolio,PORTFOLIO,2025-03-03,2025-03-04,,,,,,,37.51,0.0,37.51,362.49
dca_l2_v2,BYDDY,2025-03-10,2025-03-11,panic_bear_extreme_volatility,11.25,0.0,0.0,11.25,['DEFENSIVE_BASE_50'],,,,
dca_l2_v2,MSFT,2025-03-10,2025-03-11,panic_bear_extreme_volatility,8.25,0.0,0.0,8.25,['DEFENSIVE_BASE_50'],,,,
dca_l2_v2,NVDA,2025-03-10,2025-03-11,panic_bear_extreme_volatility,6.75,0.0,0.0,6.75,['DEFENSIVE_BASE_50'],,,,
dca_l2_v2,AAPL,2025-03-10,2025-03-11,panic_bear_extreme_volatility,5.63,0.0,0.0,5.63,['DEFENSIVE_BASE_50'],,,,
dca_l2_v2,ASML,2025-03-10,2025-03-11,panic_bear_extreme_volatility,3.75,0.0,0.0,3.75,['DEFENSIVE_BASE_50'],,,,
dca_l2_v2,KO,2025-03-10,2025-03-11,panic_bear_extreme_volatility,1.88,0.0,0.0,1.88,['DEFENSIVE_BASE_50'],,,,
dca_l2_v2_portfolio,PORTFOLIO,2025-03-10,2025-03-11,,,,,,,37.51,0.0,37.51,324.98
dca_l2_v2,BYDDY,2025-03-17,2025-03-18,panic_bear_extreme_volatility,11.25,0.0,0.0,11.25,['DEFENSIVE_BASE_50'],,,,
dca_l2_v2,MSFT,2025-03-17,2025-03-18,panic_bear_extreme_volatility,8.25,0.0,0.0,8.25,['DEFENSIVE_BASE_50'],,,,
dca_l2_v2,NVDA,2025-03-17,2025-03-18,panic_bear_extreme_volatility,6.75,0.0,0.0,6.75,['DEFENSIVE_BASE_50'],,,,
dca_l2_v2,AAPL,2025-03-17,2025-03-18,panic_bear_extreme_volatility,5.63,0.0,0.0,5.63,['DEFENSIVE_BASE_50'],,,,
dca_l2_v2,ASML,2025-03-17,2025-03-18,panic_bear_extreme_volatility,3.75,0.0,0.0,3.75,['DEFENSIVE_BASE_50'],,,,
dca_l2_v2,KO,2025-03-17,2025-03-18,panic_bear_extreme_volatility,1.88,0.0,0.0,1.88,['DEFENSIVE_BASE_50'],,,,
dca_l2_v2_portfolio,PORTFOLIO,2025-03-17,2025-03-18,,,,,,,37.51,0.0,37.51,287.47
dca_l2_v2,BYDDY,2025-03-24,2025-03-25,panic_bear_extreme_volatility,11.25,0.0,0.0,11.25,['DEFENSIVE_BASE_50'],,,,
dca_l2_v2,MSFT,2025-03-24,2025-03-25,panic_bear_extreme_volatility,8.25,0.0,0.0,8.25,['DEFENSIVE_BASE_50'],,,,
dca_l2_v2,NVDA,2025-03-24,2025-03-25,panic_bear_extreme_volatility,6.75,0.0,0.0,6.75,"['DEFENSIVE_BASE_50', 'EXTRA_BLOCKED_CONCENTRATION']",,,,
dca_l2_v2,AAPL,2025-03-24,2025-03-25,panic_bear_extreme_volatility,5.63,0.0,0.0,5.63,['DEFENSIVE_BASE_50'],,,,
dca_l2_v2,ASML,2025-03-24,2025-03-25,panic_bear_extreme_volatility,3.75,0.0,0.0,3.75,['DEFENSIVE_BASE_50'],,,,
dca_l2_v2,KO,2025-03-24,2025-03-25,panic_bear_extreme_volatility,1.88,0.0,0.0,1.88,['DEFENSIVE_BASE_50'],,,,
dca_l2_v2_portfolio,PORTFOLIO,2025-03-24,2025-03-25,,,,,,,37.51,0.0,37.51,249.96
dca_l2_v2,BYDDY,2025-03-31,2025-04-01,panic_bear_extreme_volatility,9.0,0.0,0.0,9.0,['DEFENSIVE_BASE_50'],,,,
dca_l2_v2,MSFT,2025-03-31,2025-04-01,panic_bear_extreme_volatility,6.6,0.0,0.0,6.6,['DEFENSIVE_BASE_50'],,,,
dca_l2_v2,NVDA,2025-03-31,2025-04-01,panic_bear_extreme_volatility,5.4,0.0,0.0,5.4,['DEFENSIVE_BASE_50'],,,,
dca_l2_v2,AAPL,2025-03-31,2025-04-01,panic_bear_extreme_volatility,4.5,0.0,0.0,4.5,['DEFENSIVE_BASE_50'],,,,
dca_l2_v2,ASML,2025-03-31,2025-04-01,panic_bear_extreme_volatility,3.0,0.0,0.0,3.0,['DEFENSIVE_BASE_50'],,,,
dca_l2_v2,KO,2025-03-31,2025-04-01,panic_bear_extreme_volatility,1.5,0.0,0.0,1.5,['DEFENSIVE_BASE_50'],,,,
dca_l2_v2_portfolio,PORTFOLIO,2025-03-31,2025-04-01,,,,,,,30.0,0.0,30.0,370.0
dca_l2_v2,BYDDY,2025-04-07,2025-04-08,panic_bear_extreme_volatility,9.0,0.0,0.0,9.0,['DEFENSIVE_BASE_50'],,,,
dca_l2_v2,MSFT,2025-04-07,2025-04-08,panic_bear_extreme_volatility,6.6,0.0,0.0,6.6,['DEFENSIVE_BASE_50'],,,,
dca_l2_v2,NVDA,2025-04-07,2025-04-08,panic_bear_extreme_volatility,5.4,0.0,0.0,5.4,['DEFENSIVE_BASE_50'],,,,
dca_l2_v2,AAPL,2025-04-07,2025-04-08,panic_bear_extreme_volatility,4.5,0.0,0.0,4.5,['DEFENSIVE_BASE_50'],,,,
dca_l2_v2,ASML,2025-04-07,2025-04-08,panic_bear_extreme_volatility,3.0,0.0,0.0,3.0,['DEFENSIVE_BASE_50'],,,,
dca_l2_v2,KO,2025-04-07,2025-04-08,panic_bear_extreme_volatility,1.5,0.0,0.0,1.5,['DEFENSIVE_BASE_50'],,,,
dca_l2_v2_portfolio,PORTFOLIO,2025-04-07,2025-04-08,,,,,,,30.0,0.0,30.0,340.0
dca_l2_v2,BYDDY,2025-04-14,2025-04-15,panic_bear_extreme_volatility,9.0,0.0,0.0,9.0,['DEFENSIVE_BASE_50'],,,,
dca_l2_v2,MSFT,2025-04-14,2025-04-15,panic_bear_extreme_volatility,6.6,0.0,0.0,6.6,['DEFENSIVE_BASE_50'],,,,
dca_l2_v2,NVDA,2025-04-14,2025-04-15,panic_bear_extreme_volatility,5.4,0.0,0.0,5.4,['DEFENSIVE_BASE_50'],,,,
dca_l2_v2,AAPL,2025-04-14,2025-04-15,panic_bear_extreme_volatility,4.5,0.0,0.0,4.5,['DEFENSIVE_BASE_50'],,,,
dca_l2_v2,ASML,2025-04-14,2025-04-15,panic_bear_extreme_volatility,3.0,0.0,0.0,3.0,['DEFENSIVE_BASE_50'],,,,
dca_l2_v2,KO,2025-04-14,2025-04-15,panic_bear_extreme_volatility,1.5,0.0,0.0,1.5,['DEFENSIVE_BASE_50'],,,,
dca_l2_v2_portfolio,PORTFOLIO,2025-04-14,2025-04-15,,,,,,,30.0,0.0,30.0,310.0
dca_l2_v2,BYDDY,2025-04-21,2025-04-22,panic_bear_extreme_volatility,9.0,0.0,0.0,9.0,['DEFENSIVE_BASE_50'],,,,
dca_l2_v2,MSFT,2025-04-21,2025-04-22,panic_bear_extreme_volatility,6.6,0.0,0.0,6.6,['DEFENSIVE_BASE_50'],,,,
dca_l2_v2,NVDA,2025-04-21,2025-04-22,panic_bear_extreme_volatility,5.4,0.0,0.0,5.4,['DEFENSIVE_BASE_50'],,,,
dca_l2_v2,AAPL,2025-04-21,2025-04-22,panic_bear_extreme_volatility,4.5,0.0,0.0,4.5,['DEFENSIVE_BASE_50'],,,,
dca_l2_v2,ASML,2025-04-21,2025-04-22,panic_bear_extreme_volatility,3.0,0.0,0.0,3.0,['DEFENSIVE_BASE_50'],,,,
dca_l2_v2,KO,2025-04-21,2025-04-22,panic_bear_extreme_volatility,1.5,0.0,0.0,1.5,['DEFENSIVE_BASE_50'],,,,
dca_l2_v2_portfolio,PORTFOLIO,2025-04-21,2025-04-22,,,,,,,30.0,0.0,30.0,280.0
dca_l2_v2,BYDDY,2025-04-28,2025-04-29,panic_bear_extreme_volatility,9.0,0.0,0.0,9.0,['DEFENSIVE_BASE_50'],,,,
dca_l2_v2,MSFT,2025-04-28,2025-04-29,panic_bear_extreme_volatility,6.6,0.0,0.0,6.6,['DEFENSIVE_BASE_50'],,,,
dca_l2_v2,NVDA,2025-04-28,2025-04-29,panic_bear_extreme_volatility,5.4,0.0,0.0,5.4,['DEFENSIVE_BASE_50'],,,,
dca_l2_v2,AAPL,2025-04-28,2025-04-29,panic_bear_extreme_volatility,4.5,0.0,0.0,4.5,['DEFENSIVE_BASE_50'],,,,
dca_l2_v2,ASML,2025-04-28,2025-04-29,panic_bear_extreme_volatility,3.0,0.0,0.0,3.0,['DEFENSIVE_BASE_50'],,,,
dca_l2_v2,KO,2025-04-28,2025-04-29,panic_bear_extreme_volatility,1.5,0.0,0.0,1.5,['DEFENSIVE_BASE_50'],,,,
dca_l2_v2_portfolio,PORTFOLIO,2025-04-28,2025-04-29,,,,,,,30.0,0.0,30.0,250.0
dca_l2_v2,BYDDY,2025-05-05,2025-05-06,panic_bear_extreme_volatility,11.25,0.0,0.0,11.25,['RECOVERY_LATCH_ACTIVE'],,,,
dca_l2_v2,MSFT,2025-05-05,2025-05-06,panic_bear_extreme_volatility,8.25,0.0,0.0,8.25,['RECOVERY_LATCH_ACTIVE'],,,,
dca_l2_v2,NVDA,2025-05-05,2025-05-06,panic_bear_extreme_volatility,6.75,0.0,0.0,6.75,['RECOVERY_LATCH_ACTIVE'],,,,
dca_l2_v2,AAPL,2025-05-05,2025-05-06,panic_bear_extreme_volatility,5.63,0.0,0.0,5.63,['RECOVERY_LATCH_ACTIVE'],,,,
dca_l2_v2,ASML,2025-05-05,2025-05-06,panic_bear_extreme_volatility,3.75,0.0,0.0,3.75,['RECOVERY_LATCH_ACTIVE'],,,,
dca_l2_v2,KO,2025-05-05,2025-05-06,panic_bear_extreme_volatility,1.88,0.0,0.0,1.88,['RECOVERY_LATCH_ACTIVE'],,,,
dca_l2_v2_portfolio,PORTFOLIO,2025-05-05,2025-05-06,,,,,,,37.51,0.0,37.51,362.49
dca_l2_v2,BYDDY,2025-05-12,2025-05-13,normal,22.5,0.0,0.0,22.5,[],,,,
dca_l2_v2,MSFT,2025-05-12,2025-05-13,normal,16.5,0.0,0.0,16.5,[],,,,
dca_l2_v2,NVDA,2025-05-12,2025-05-13,normal,13.5,0.0,0.0,13.5,[],,,,
dca_l2_v2,AAPL,2025-05-12,2025-05-13,medium_drawdown,11.25,1.79,0.0,13.04,['EXTRA_DIP_BUY'],,,,
dca_l2_v2,ASML,2025-05-12,2025-05-13,normal,7.5,0.0,0.0,7.5,[],,,,
dca_l2_v2,KO,2025-05-12,2025-05-13,small_drawdown,3.75,0.09,0.0,3.84,['EXTRA_DIP_BUY'],,,,
dca_l2_v2_portfolio,PORTFOLIO,2025-05-12,2025-05-13,,,,,,,76.88,0.0,76.88,285.61
dca_l2_v2,BYDDY,2025-05-19,2025-05-20,normal,22.5,0.0,0.0,22.5,[],,,,
dca_l2_v2,MSFT,2025-05-19,2025-05-20,normal,16.5,0.0,0.0,16.5,[],,,,
dca_l2_v2,NVDA,2025-05-19,2025-05-20,normal,13.5,0.0,0.0,13.5,"['EXTRA_BLOCKED_CONCENTRATION', 'EXTRA_BLOCKED_CONCENTRATION']",,,,
dca_l2_v2,AAPL,2025-05-19,2025-05-20,medium_drawdown,11.25,1.77,0.0,13.02,['EXTRA_DIP_BUY'],,,,
dca_l2_v2,ASML,2025-05-19,2025-05-20,normal,7.5,0.0,0.0,7.5,[],,,,
dca_l2_v2,KO,2025-05-19,2025-05-20,normal,3.75,0.0,0.0,3.75,[],,,,
dca_l2_v2_portfolio,PORTFOLIO,2025-05-19,2025-05-20,,,,,,,76.77,0.0,76.77,208.84
dca_l2_v2,BYDDY,2025-05-23,2025-05-27,normal,22.5,0.0,0.0,22.5,[],,,,
dca_l2_v2,MSFT,2025-05-23,2025-05-27,normal,16.5,0.0,0.0,16.5,[],,,,
dca_l2_v2,NVDA,2025-05-23,2025-05-27,normal,13.5,0.0,0.0,13.5,"['EXTRA_BLOCKED_CONCENTRATION', 'EXTRA_BLOCKED_CONCENTRATION']",,,,
dca_l2_v2,AAPL,2025-05-23,2025-05-27,medium_drawdown,11.25,1.78,0.0,13.03,['EXTRA_DIP_BUY'],,,,
dca_l2_v2,ASML,2025-05-23,2025-05-27,normal,7.5,0.0,0.0,7.5,[],,,,
dca_l2_v2,KO,2025-05-23,2025-05-27,normal,3.75,0.0,0.0,3.75,[],,,,
dca_l2_v2_portfolio,PORTFOLIO,2025-05-23,2025-05-27,,,,,,,76.78,0.0,76.78,132.06
dca_l2_v2,BYDDY,2025-06-02,2025-06-03,medium_drawdown,22.5,4.53,0.0,27.03,['EXTRA_DIP_BUY'],,,,
dca_l2_v2,MSFT,2025-06-02,2025-06-03,normal,16.5,0.0,0.0,16.5,[],,,,
dca_l2_v2,NVDA,2025-06-02,2025-06-03,normal,13.5,0.0,0.0,13.5,"['EXTRA_BLOCKED_CONCENTRATION', 'EXTRA_BLOCKED_CONCENTRATION']",,,,
dca_l2_v2,AAPL,2025-06-02,2025-06-03,small_drawdown,11.25,1.35,0.0,12.6,['EXTRA_DIP_BUY'],,,,
dca_l2_v2,ASML,2025-06-02,2025-06-03,normal,7.5,0.0,0.0,7.5,[],,,,
dca_l2_v2,KO,2025-06-02,2025-06-03,normal,3.75,0.0,0.0,3.75,[],,,,
dca_l2_v2_portfolio,PORTFOLIO,2025-06-02,2025-06-03,,,,,,,80.88,0.0,80.88,319.12
dca_l2_v2,BYDDY,2025-06-09,2025-06-10,medium_drawdown,22.5,4.1,0.0,26.6,['EXTRA_DIP_BUY'],,,,
dca_l2_v2,MSFT,2025-06-09,2025-06-10,normal,16.5,0.0,0.0,16.5,[],,,,
dca_l2_v2,NVDA,2025-06-09,2025-06-10,normal,13.5,0.0,0.0,13.5,"['EXTRA_BLOCKED_CONCENTRATION', 'EXTRA_BLOCKED_CONCENTRATION']",,,,
dca_l2_v2,AAPL,2025-06-09,2025-06-10,small_drawdown,11.25,1.38,0.0,12.63,['EXTRA_DIP_BUY'],,,,
dca_l2_v2,ASML,2025-06-09,2025-06-10,normal,7.5,0.0,0.0,7.5,[],,,,
dca_l2_v2,KO,2025-06-09,2025-06-10,normal,3.75,0.0,0.0,3.75,[],,,,
dca_l2_v2_portfolio,PORTFOLIO,2025-06-09,2025-06-10,,,,,,,80.48,0.0,80.48,238.64
dca_l2_v2,BYDDY,2025-06-16,2025-06-17,medium_drawdown,22.5,4.05,0.0,26.55,['EXTRA_DIP_BUY'],,,,
dca_l2_v2,MSFT,2025-06-16,2025-06-17,normal,16.5,0.0,0.0,16.5,[],,,,
dca_l2_v2,NVDA,2025-06-16,2025-06-17,normal,13.5,0.0,0.0,13.5,"['EXTRA_BLOCKED_CONCENTRATION', 'EXTRA_BLOCKED_CONCENTRATION']",,,,
dca_l2_v2,AAPL,2025-06-16,2025-06-17,medium_drawdown,11.25,1.58,0.0,12.83,['EXTRA_DIP_BUY'],,,,
dca_l2_v2,ASML,2025-06-16,2025-06-17,normal,7.5,0.0,0.0,7.5,[],,,,
dca_l2_v2,KO,2025-06-16,2025-06-17,normal,3.75,0.0,0.0,3.75,[],,,,
dca_l2_v2_portfolio,PORTFOLIO,2025-06-16,2025-06-17,,,,,,,80.63,0.0,80.63,158.01
dca_l2_v2,BYDDY,2025-06-23,2025-06-24,medium_drawdown,22.5,4.87,0.0,27.37,"['EXTRA_DIP_BUY', 'NORMAL_POOL_BASE_BUDGET_APPLIED', 'NORMAL_POOL_EXTRA_BUDGET_APPLIED']",,,,
dca_l2_v2,MSFT,2025-06-23,2025-06-24,normal,16.5,0.0,0.0,16.5,"['NORMAL_POOL_BASE_BUDGET_APPLIED', 'NORMAL_POOL_EXTRA_BUDGET_APPLIED']",,,,
dca_l2_v2,NVDA,2025-06-23,2025-06-24,normal,13.5,0.0,0.0,13.5,"['EXTRA_BLOCKED_CONCENTRATION', 'EXTRA_BLOCKED_CONCENTRATION', 'NORMAL_POOL_BASE_BUDGET_APPLIED', 'NORMAL_POOL_EXTRA_BUDGET_APPLIED']",,,,
dca_l2_v2,AAPL,2025-06-23,2025-06-24,small_drawdown,11.25,0.12,0.0,11.37,"['EXTRA_DIP_BUY', 'NORMAL_POOL_BASE_BUDGET_APPLIED', 'NORMAL_POOL_EXTRA_BUDGET_APPLIED']",,,,
dca_l2_v2,ASML,2025-06-23,2025-06-24,normal,7.5,0.0,0.0,7.5,"['NORMAL_POOL_BASE_BUDGET_APPLIED', 'NORMAL_POOL_EXTRA_BUDGET_APPLIED']",,,,
dca_l2_v2,KO,2025-06-23,2025-06-24,normal,3.75,0.0,0.0,3.75,"['NORMAL_POOL_BASE_BUDGET_APPLIED', 'NORMAL_POOL_EXTRA_BUDGET_APPLIED']",,,,
dca_l2_v2_portfolio,PORTFOLIO,2025-06-23,2025-06-24,,,,,,,58.01,0.0,58.01,100.0
dca_l2_v2,BYDDY,2025-06-30,2025-07-01,medium_drawdown,18.0,4.48,0.0,22.48,['EXTRA_DIP_BUY'],,,,
dca_l2_v2,MSFT,2025-06-30,2025-07-01,normal,13.2,0.0,0.0,13.2,[],,,,
dca_l2_v2,NVDA,2025-06-30,2025-07-01,normal,10.8,0.0,0.0,10.8,"['EXTRA_BLOCKED_CONCENTRATION', 'EXTRA_BLOCKED_CONCENTRATION']",,,,
dca_l2_v2,AAPL,2025-06-30,2025-07-01,normal,9.0,0.0,0.0,9.0,[],,,,
dca_l2_v2,ASML,2025-06-30,2025-07-01,normal,6.0,0.0,0.0,6.0,[],,,,
dca_l2_v2,KO,2025-06-30,2025-07-01,normal,3.0,0.0,0.0,3.0,[],,,,
dca_l2_v2_portfolio,PORTFOLIO,2025-06-30,2025-07-01,,,,,,,64.48,0.0,64.48,335.52
dca_l2_v2,BYDDY,2025-07-07,2025-07-08,deep_drawdown,18.0,4.87,25.0,47.87,"['EXTRA_DIP_BUY', 'CRASH_FUND_PLANNED']",,,,
dca_l2_v2,MSFT,2025-07-07,2025-07-08,normal,13.2,0.0,0.0,13.2,[],,,,
dca_l2_v2,NVDA,2025-07-07,2025-07-08,normal,10.8,0.0,0.0,10.8,"['EXTRA_BLOCKED_CONCENTRATION', 'EXTRA_BLOCKED_CONCENTRATION']",,,,
dca_l2_v2,AAPL,2025-07-07,2025-07-08,normal,9.0,0.0,0.0,9.0,[],,,,
dca_l2_v2,ASML,2025-07-07,2025-07-08,normal,6.0,0.0,0.0,6.0,[],,,,
dca_l2_v2,KO,2025-07-07,2025-07-08,normal,3.0,0.0,0.0,3.0,[],,,,
dca_l2_v2_portfolio,PORTFOLIO,2025-07-07,2025-07-08,,,,,,,64.87,25.0,89.87,245.65
dca_l2_v2,BYDDY,2025-07-14,2025-07-15,deep_drawdown,18.0,4.81,25.0,47.81,"['EXTRA_DIP_BUY', 'CRASH_FUND_PLANNED']",,,,
dca_l2_v2,MSFT,2025-07-14,2025-07-15,normal,13.2,0.0,0.0,13.2,[],,,,
dca_l2_v2,NVDA,2025-07-14,2025-07-15,normal,10.8,0.0,0.0,10.8,"['EXTRA_BLOCKED_CONCENTRATION', 'EXTRA_BLOCKED_CONCENTRATION']",,,,
dca_l2_v2,AAPL,2025-07-14,2025-07-15,normal,9.0,0.0,0.0,9.0,[],,,,
dca_l2_v2,ASML,2025-07-14,2025-07-15,normal,6.0,0.0,0.0,6.0,[],,,,
dca_l2_v2,KO,2025-07-14,2025-07-15,normal,3.0,0.0,0.0,3.0,[],,,,
dca_l2_v2_portfolio,PORTFOLIO,2025-07-14,2025-07-15,,,,,,,64.81,25.0,89.81,155.84
dca_l2_v2,BYDDY,2025-07-21,2025-07-22,medium_drawdown,18.0,3.77,0.0,21.77,['EXTRA_DIP_BUY'],,,,
dca_l2_v2,MSFT,2025-07-21,2025-07-22,normal,13.2,0.0,0.0,13.2,[],,,,
dca_l2_v2,NVDA,2025-07-21,2025-07-22,normal,10.8,0.0,0.0,10.8,"['EXTRA_BLOCKED_CONCENTRATION', 'EXTRA_BLOCKED_CONCENTRATION']",,,,
dca_l2_v2,AAPL,2025-07-21,2025-07-22,normal,9.0,0.0,0.0,9.0,[],,,,
dca_l2_v2,ASML,2025-07-21,2025-07-22,medium_drawdown,6.0,0.94,0.0,6.94,['EXTRA_DIP_BUY'],,,,
dca_l2_v2,KO,2025-07-21,2025-07-22,normal,3.0,0.0,0.0,3.0,[],,,,
dca_l2_v2_portfolio,PORTFOLIO,2025-07-21,2025-07-22,,,,,,,64.71,0.0,64.71,91.13
dca_l2_v2,BYDDY,2025-07-28,2025-07-29,medium_drawdown,18.0,3.85,0.0,21.85,"['EXTRA_DIP_BUY', 'NORMAL_POOL_BASE_BUDGET_APPLIED', 'NORMAL_POOL_EXTRA_BUDGET_APPLIED']",,,,
dca_l2_v2,MSFT,2025-07-28,2025-07-29,normal,13.2,0.0,0.0,13.2,"['NORMAL_POOL_BASE_BUDGET_APPLIED', 'NORMAL_POOL_EXTRA_BUDGET_APPLIED']",,,,
dca_l2_v2,NVDA,2025-07-28,2025-07-29,normal,10.8,0.0,0.0,10.8,"['EXTRA_BLOCKED_CONCENTRATION', 'EXTRA_BLOCKED_CONCENTRATION', 'NORMAL_POOL_BASE_BUDGET_APPLIED', 'NORMAL_POOL_EXTRA_BUDGET_APPLIED']",,,,
dca_l2_v2,AAPL,2025-07-28,2025-07-29,normal,9.0,0.0,0.0,9.0,"['NORMAL_POOL_BASE_BUDGET_APPLIED', 'NORMAL_POOL_EXTRA_BUDGET_APPLIED']",,,,
dca_l2_v2,ASML,2025-07-28,2025-07-29,medium_drawdown,6.0,0.85,0.0,6.85,"['EXTRA_DIP_BUY', 'NORMAL_POOL_BASE_BUDGET_APPLIED', 'NORMAL_POOL_EXTRA_BUDGET_APPLIED']",,,,
dca_l2_v2,KO,2025-07-28,2025-07-29,small_drawdown,3.0,0.02,0.0,3.02,"['EXTRA_DIP_BUY', 'NORMAL_POOL_BASE_BUDGET_APPLIED', 'NORMAL_POOL_EXTRA_BUDGET_APPLIED']",,,,
dca_l2_v2_portfolio,PORTFOLIO,2025-07-28,2025-07-29,,,,,,,41.13,0.0,41.13,50.0
dca_l2_v2,BYDDY,2025-08-04,2025-08-05,deep_drawdown,22.5,7.71,25.0,55.21,"['EXTRA_DIP_BUY', 'CRASH_FUND_PLANNED']",,,,
dca_l2_v2,MSFT,2025-08-04,2025-08-05,normal,16.5,0.0,0.0,16.5,[],,,,
dca_l2_v2,NVDA,2025-08-04,2025-08-05,normal,13.5,0.0,0.0,13.5,"['EXTRA_BLOCKED_CONCENTRATION', 'EXTRA_BLOCKED_CONCENTRATION']",,,,
dca_l2_v2,AAPL,2025-08-04,2025-08-05,small_drawdown,11.25,0.04,0.0,11.29,['EXTRA_DIP_BUY'],,,,
dca_l2_v2,ASML,2025-08-04,2025-08-05,medium_drawdown,7.5,1.39,0.0,8.89,['EXTRA_DIP_BUY'],,,,
dca_l2_v2,KO,2025-08-04,2025-08-05,normal,3.75,0.0,0.0,3.75,[],,,,
dca_l2_v2_portfolio,PORTFOLIO,2025-08-04,2025-08-05,,,,,,,84.14,25.0,109.14,290.86
dca_l2_v2,BYDDY,2025-08-11,2025-08-12,deep_drawdown,22.5,6.43,25.0,53.93,"['EXTRA_DIP_BUY', 'CRASH_FUND_PLANNED']",,,,
dca_l2_v2,MSFT,2025-08-11,2025-08-12,normal,16.5,0.0,0.0,16.5,[],,,,
dca_l2_v2,NVDA,2025-08-11,2025-08-12,normal,13.5,0.0,0.0,13.5,"['EXTRA_BLOCKED_CONCENTRATION', 'EXTRA_BLOCKED_CONCENTRATION']",,,,
dca_l2_v2,AAPL,2025-08-11,2025-08-12,normal,11.25,0.0,0.0,11.25,[],,,,
dca_l2_v2,ASML,2025-08-11,2025-08-12,medium_drawdown,7.5,1.14,0.0,8.64,['EXTRA_DIP_BUY'],,,,
dca_l2_v2,KO,2025-08-11,2025-08-12,normal,3.75,0.0,0.0,3.75,[],,,,
dca_l2_v2_portfolio,PORTFOLIO,2025-08-11,2025-08-12,,,,,,,82.57,25.0,107.57,183.29
dca_l2_v2,BYDDY,2025-08-18,2025-08-19,deep_drawdown,22.5,5.63,25.0,53.13,"['EXTRA_DIP_BUY', 'CRASH_FUND_PLANNED']",,,,
dca_l2_v2,MSFT,2025-08-18,2025-08-19,normal,16.5,0.0,0.0,16.5,[],,,,
dca_l2_v2,NVDA,2025-08-18,2025-08-19,normal,13.5,0.0,0.0,13.5,"['EXTRA_BLOCKED_CONCENTRATION', 'EXTRA_BLOCKED_CONCENTRATION']",,,,
dca_l2_v2,AAPL,2025-08-18,2025-08-19,normal,11.25,0.0,0.0,11.25,[],,,,
dca_l2_v2,ASML,2025-08-18,2025-08-19,small_drawdown,7.5,0.74,0.0,8.24,['EXTRA_DIP_BUY'],,,,
dca_l2_v2,KO,2025-08-18,2025-08-19,normal,3.75,0.0,0.0,3.75,[],,,,
dca_l2_v2_portfolio,PORTFOLIO,2025-08-18,2025-08-19,,,,,,,81.37,25.0,106.37,76.92
dca_l2_v2,BYDDY,2025-08-25,2025-08-26,medium_drawdown,22.5,5.36,0.0,27.86,"['EXTRA_DIP_BUY', 'NORMAL_POOL_BASE_BUDGET_APPLIED', 'NORMAL_POOL_EXTRA_BUDGET_APPLIED']",,,,
dca_l2_v2,MSFT,2025-08-25,2025-08-26,small_drawdown,16.5,0.29,0.0,16.79,"['EXTRA_DIP_BUY', 'NORMAL_POOL_BASE_BUDGET_APPLIED', 'NORMAL_POOL_EXTRA_BUDGET_APPLIED']",,,,
dca_l2_v2,NVDA,2025-08-25,2025-08-26,normal,13.5,0.0,0.0,13.5,"['EXTRA_BLOCKED_CONCENTRATION', 'EXTRA_BLOCKED_CONCENTRATION', 'NORMAL_POOL_BASE_BUDGET_APPLIED', 'NORMAL_POOL_EXTRA_BUDGET_APPLIED']",,,,
dca_l2_v2,AAPL,2025-08-25,2025-08-26,normal,11.25,0.0,0.0,11.25,"['NORMAL_POOL_BASE_BUDGET_APPLIED', 'NORMAL_POOL_EXTRA_BUDGET_APPLIED']",,,,
dca_l2_v2,ASML,2025-08-25,2025-08-26,small_drawdown,7.5,0.58,0.0,8.08,"['EXTRA_DIP_BUY', 'NORMAL_POOL_BASE_BUDGET_APPLIED', 'NORMAL_POOL_EXTRA_BUDGET_APPLIED']",,,,
dca_l2_v2,KO,2025-08-25,2025-08-26,normal,3.75,0.0,0.0,3.75,"['NORMAL_POOL_BASE_BUDGET_APPLIED', 'NORMAL_POOL_EXTRA_BUDGET_APPLIED']",,,,
dca_l2_v2_portfolio,PORTFOLIO,2025-08-25,2025-08-26,,,,,,,51.93,0.0,51.93,24.99
dca_l2_v2,BYDDY,2025-08-29,2025-09-02,medium_drawdown,18.0,4.41,0.0,22.41,['EXTRA_DIP_BUY'],,,,
dca_l2_v2,MSFT,2025-08-29,2025-09-02,small_drawdown,13.2,0.08,0.0,13.28,['EXTRA_DIP_BUY'],,,,
dca_l2_v2,NVDA,2025-08-29,2025-09-02,normal,10.8,0.0,0.0,10.8,"['EXTRA_BLOCKED_CONCENTRATION', 'EXTRA_BLOCKED_CONCENTRATION']",,,,
dca_l2_v2,AAPL,2025-08-29,2025-09-02,normal,9.0,0.0,0.0,9.0,[],,,,
dca_l2_v2,ASML,2025-08-29,2025-09-02,small_drawdown,6.0,0.68,0.0,6.68,['EXTRA_DIP_BUY'],,,,
dca_l2_v2,KO,2025-08-29,2025-09-02,normal,3.0,0.0,0.0,3.0,[],,,,
dca_l2_v2_portfolio,PORTFOLIO,2025-08-29,2025-09-02,,,,,,,65.17,0.0,65.17,334.83
dca_l2_v2,BYDDY,2025-09-08,2025-09-09,deep_drawdown,18.0,4.58,25.0,47.58,"['EXTRA_DIP_BUY', 'CRASH_FUND_PLANNED']",,,,
dca_l2_v2,MSFT,2025-09-08,2025-09-09,small_drawdown,13.2,0.61,0.0,13.81,['EXTRA_DIP_BUY'],,,,
dca_l2_v2,NVDA,2025-09-08,2025-09-09,small_drawdown,10.8,0.0,0.0,10.8,"['EXTRA_BLOCKED_CONCENTRATION', 'EXTRA_BLOCKED_CONCENTRATION']",,,,
dca_l2_v2,AAPL,2025-09-08,2025-09-09,normal,9.0,0.0,0.0,9.0,[],,,,
dca_l2_v2,ASML,2025-09-08,2025-09-09,normal,6.0,0.0,0.0,6.0,[],,,,
dca_l2_v2,KO,2025-09-08,2025-09-09,small_drawdown,3.0,0.07,0.0,3.07,['EXTRA_DIP_BUY'],,,,
dca_l2_v2_portfolio,PORTFOLIO,2025-09-08,2025-09-09,,,,,,,65.26,25.0,90.26,244.57
dca_l2_v2,BYDDY,2025-09-15,2025-09-16,medium_drawdown,18.0,4.09,0.0,22.09,['EXTRA_DIP_BUY'],,,,
dca_l2_v2,MSFT,2025-09-15,2025-09-16,normal,13.2,0.0,0.0,13.2,[],,,,
dca_l2_v2,NVDA,2025-09-15,2025-09-16,normal,10.8,0.0,0.0,10.8,"['EXTRA_BLOCKED_CONCENTRATION', 'EXTRA_BLOCKED_CONCENTRATION']",,,,
dca_l2_v2,AAPL,2025-09-15,2025-09-16,normal,9.0,0.0,0.0,9.0,[],,,,
dca_l2_v2,ASML,2025-09-15,2025-09-16,normal,6.0,0.0,0.0,6.0,[],,,,
dca_l2_v2,KO,2025-09-15,2025-09-16,small_drawdown,3.0,0.11,0.0,3.11,['EXTRA_DIP_BUY'],,,,
dca_l2_v2_portfolio,PORTFOLIO,2025-09-15,2025-09-16,,,,,,,64.2,0.0,64.2,180.37
dca_l2_v2,BYDDY,2025-09-22,2025-09-23,medium_drawdown,18.0,3.97,0.0,21.97,['EXTRA_DIP_BUY'],,,,
dca_l2_v2,MSFT,2025-09-22,2025-09-23,normal,13.2,0.0,0.0,13.2,[],,,,
dca_l2_v2,NVDA,2025-09-22,2025-09-23,normal,10.8,0.0,0.0,10.8,"['EXTRA_BLOCKED_CONCENTRATION', 'EXTRA_BLOCKED_CONCENTRATION']",,,,
dca_l2_v2,AAPL,2025-09-22,2025-09-23,normal,9.0,0.0,0.0,9.0,[],,,,
dca_l2_v2,ASML,2025-09-22,2025-09-23,normal,6.0,0.0,0.0,6.0,[],,,,
dca_l2_v2,KO,2025-09-22,2025-09-23,small_drawdown,3.0,0.05,0.0,3.05,['EXTRA_DIP_BUY'],,,,
dca_l2_v2_portfolio,PORTFOLIO,2025-09-22,2025-09-23,,,,,,,64.02,0.0,64.02,116.35
dca_l2_v2,BYDDY,2025-09-29,2025-09-30,medium_drawdown,18.0,4.05,0.0,22.05,"['EXTRA_DIP_BUY', 'NORMAL_POOL_BASE_BUDGET_APPLIED', 'NORMAL_POOL_EXTRA_BUDGET_APPLIED']",,,,
dca_l2_v2,MSFT,2025-09-29,2025-09-30,normal,13.2,0.0,0.0,13.2,"['NORMAL_POOL_BASE_BUDGET_APPLIED', 'NORMAL_POOL_EXTRA_BUDGET_APPLIED']",,,,
dca_l2_v2,NVDA,2025-09-29,2025-09-30,normal,10.8,0.0,0.0,10.8,"['EXTRA_BLOCKED_CONCENTRATION', 'EXTRA_BLOCKED_CONCENTRATION', 'NORMAL_POOL_BASE_BUDGET_APPLIED', 'NORMAL_POOL_EXTRA_BUDGET_APPLIED']",,,,
dca_l2_v2,AAPL,2025-09-29,2025-09-30,normal,9.0,0.0,0.0,9.0,"['NORMAL_POOL_BASE_BUDGET_APPLIED', 'NORMAL_POOL_EXTRA_BUDGET_APPLIED']",,,,
dca_l2_v2,ASML,2025-09-29,2025-09-30,normal,6.0,0.0,0.0,6.0,"['NORMAL_POOL_BASE_BUDGET_APPLIED', 'NORMAL_POOL_EXTRA_BUDGET_APPLIED']",,,,
dca_l2_v2,KO,2025-09-29,2025-09-30,small_drawdown,3.0,0.07,0.0,3.07,"['EXTRA_DIP_BUY', 'NORMAL_POOL_BASE_BUDGET_APPLIED', 'NORMAL_POOL_EXTRA_BUDGET_APPLIED']",,,,
dca_l2_v2_portfolio,PORTFOLIO,2025-09-29,2025-09-30,,,,,,,41.36,0.0,41.36,74.99
dca_l2_v2,BYDDY,2025-10-06,2025-10-07,medium_drawdown,22.5,4.5,0.0,27.0,['EXTRA_DIP_BUY'],,,,
dca_l2_v2,MSFT,2025-10-06,2025-10-07,normal,16.5,0.0,0.0,16.5,[],,,,
dca_l2_v2,NVDA,2025-10-06,2025-10-07,normal,13.5,0.0,0.0,13.5,"['EXTRA_BLOCKED_CONCENTRATION', 'EXTRA_BLOCKED_CONCENTRATION']",,,,
dca_l2_v2,AAPL,2025-10-06,2025-10-07,normal,11.25,0.0,0.0,11.25,[],,,,
dca_l2_v2,ASML,2025-10-06,2025-10-07,normal,7.5,0.0,0.0,7.5,[],,,,
dca_l2_v2,KO,2025-10-06,2025-10-07,small_drawdown,3.75,0.08,0.0,3.83,['EXTRA_DIP_BUY'],,,,
dca_l2_v2_portfolio,PORTFOLIO,2025-10-06,2025-10-07,,,,,,,79.58,0.0,79.58,320.42
dca_l2_v2,BYDDY,2025-10-13,2025-10-14,medium_drawdown,22.5,3.06,0.0,25.56,['EXTRA_DIP_BUY'],,,,
dca_l2_v2,MSFT,2025-10-13,2025-10-14,normal,16.5,0.0,0.0,16.5,[],,,,
dca_l2_v2,NVDA,2025-10-13,2025-10-14,normal,13.5,0.0,0.0,13.5,"['EXTRA_BLOCKED_CONCENTRATION', 'EXTRA_BLOCKED_CONCENTRATION']",,,,
dca_l2_v2,AAPL,2025-10-13,2025-10-14,normal,11.25,0.0,0.0,11.25,[],,,,
dca_l2_v2,ASML,2025-10-13,2025-10-14,small_drawdown,7.5,0.12,0.0,7.62,['EXTRA_DIP_BUY'],,,,
dca_l2_v2,KO,2025-10-13,2025-10-14,normal,3.75,0.0,0.0,3.75,[],,,,
dca_l2_v2_portfolio,PORTFOLIO,2025-10-13,2025-10-14,,,,,,,78.18,0.0,78.18,242.24
dca_l2_v2,BYDDY,2025-10-20,2025-10-21,small_drawdown,22.5,2.76,0.0,25.26,['EXTRA_DIP_BUY'],,,,
dca_l2_v2,MSFT,2025-10-20,2025-10-21,normal,16.5,0.0,0.0,16.5,[],,,,
dca_l2_v2,NVDA,2025-10-20,2025-10-21,small_drawdown,13.5,0.0,0.0,13.5,"['EXTRA_BLOCKED_CONCENTRATION', 'EXTRA_BLOCKED_CONCENTRATION']",,,,
dca_l2_v2,AAPL,2025-10-20,2025-10-21,normal,11.25,0.0,0.0,11.25,[],,,,
dca_l2_v2,ASML,2025-10-20,2025-10-21,normal,7.5,0.0,0.0,7.5,[],,,,
dca_l2_v2,KO,2025-10-20,2025-10-21,normal,3.75,0.0,0.0,3.75,[],,,,
dca_l2_v2_portfolio,PORTFOLIO,2025-10-20,2025-10-21,,,,,,,77.76,0.0,77.76,164.48
dca_l2_v2,BYDDY,2025-10-27,2025-10-28,medium_drawdown,22.5,2.91,0.0,25.41,"['EXTRA_DIP_BUY', 'NORMAL_POOL_BASE_BUDGET_APPLIED', 'NORMAL_POOL_EXTRA_BUDGET_APPLIED']",,,,
dca_l2_v2,MSFT,2025-10-27,2025-10-28,normal,16.5,0.0,0.0,16.5,"['NORMAL_POOL_BASE_BUDGET_APPLIED', 'NORMAL_POOL_EXTRA_BUDGET_APPLIED']",,,,
dca_l2_v2,NVDA,2025-10-27,2025-10-28,normal,13.5,0.0,0.0,13.5,"['EXTRA_BLOCKED_CONCENTRATION', 'EXTRA_BLOCKED_CONCENTRATION', 'NORMAL_POOL_BASE_BUDGET_APPLIED', 'NORMAL_POOL_EXTRA_BUDGET_APPLIED']",,,,
dca_l2_v2,AAPL,2025-10-27,2025-10-28,normal,11.25,0.0,0.0,11.25,"['NORMAL_POOL_BASE_BUDGET_APPLIED', 'NORMAL_POOL_EXTRA_BUDGET_APPLIED']",,,,
dca_l2_v2,ASML,2025-10-27,2025-10-28,normal,7.5,0.0,0.0,7.5,"['NORMAL_POOL_BASE_BUDGET_APPLIED', 'NORMAL_POOL_EXTRA_BUDGET_APPLIED']",,,,
dca_l2_v2,KO,2025-10-27,2025-10-28,normal,3.75,0.0,0.0,3.75,"['NORMAL_POOL_BASE_BUDGET_APPLIED', 'NORMAL_POOL_EXTRA_BUDGET_APPLIED']",,,,
dca_l2_v2_portfolio,PORTFOLIO,2025-10-27,2025-10-28,,,,,,,64.48,0.0,64.48,100.0
dca_l2_v2,BYDDY,2025-11-03,2025-11-04,medium_drawdown,22.5,4.72,0.0,27.22,['EXTRA_DIP_BUY'],,,,
dca_l2_v2,MSFT,2025-11-03,2025-11-04,normal,16.5,0.0,0.0,16.5,[],,,,
dca_l2_v2,NVDA,2025-11-03,2025-11-04,normal,13.5,0.0,0.0,13.5,"['EXTRA_BLOCKED_CONCENTRATION', 'EXTRA_BLOCKED_CONCENTRATION']",,,,
dca_l2_v2,AAPL,2025-11-03,2025-11-04,normal,11.25,0.0,0.0,11.25,[],,,,
dca_l2_v2,ASML,2025-11-03,2025-11-04,normal,7.5,0.0,0.0,7.5,[],,,,
dca_l2_v2,KO,2025-11-03,2025-11-04,normal,3.75,0.0,0.0,3.75,[],,,,
dca_l2_v2_portfolio,PORTFOLIO,2025-11-03,2025-11-04,,,,,,,79.72,0.0,79.72,320.28
dca_l2_v2,BYDDY,2025-11-10,2025-11-11,small_drawdown,22.5,2.8,0.0,25.3,['EXTRA_DIP_BUY'],,,,
dca_l2_v2,MSFT,2025-11-10,2025-11-11,small_drawdown,16.5,0.68,0.0,17.18,['EXTRA_DIP_BUY'],,,,
dca_l2_v2,NVDA,2025-11-10,2025-11-11,normal,13.5,0.0,0.0,13.5,"['EXTRA_BLOCKED_CONCENTRATION', 'EXTRA_BLOCKED_CONCENTRATION']",,,,
dca_l2_v2,AAPL,2025-11-10,2025-11-11,normal,11.25,0.0,0.0,11.25,[],,,,
dca_l2_v2,ASML,2025-11-10,2025-11-11,normal,7.5,0.0,0.0,7.5,[],,,,
dca_l2_v2,KO,2025-11-10,2025-11-11,normal,3.75,0.0,0.0,3.75,[],,,,
dca_l2_v2_portfolio,PORTFOLIO,2025-11-10,2025-11-11,,,,,,,78.48,0.0,78.48,241.8
dca_l2_v2,BYDDY,2025-11-17,2025-11-18,panic_bear_extreme_volatility,11.25,0.0,0.0,11.25,['DEFENSIVE_BASE_50'],,,,
dca_l2_v2,MSFT,2025-11-17,2025-11-18,panic_bear_extreme_volatility,8.25,0.0,0.0,8.25,['DEFENSIVE_BASE_50'],,,,
dca_l2_v2,NVDA,2025-11-17,2025-11-18,panic_bear_extreme_volatility,6.75,0.0,0.0,6.75,"['DEFENSIVE_BASE_50', 'EXTRA_BLOCKED_CONCENTRATION']",,,,
dca_l2_v2,AAPL,2025-11-17,2025-11-18,panic_bear_extreme_volatility,5.63,0.0,0.0,5.63,['DEFENSIVE_BASE_50'],,,,
dca_l2_v2,ASML,2025-11-17,2025-11-18,panic_bear_extreme_volatility,3.75,0.0,0.0,3.75,['DEFENSIVE_BASE_50'],,,,
dca_l2_v2,KO,2025-11-17,2025-11-18,panic_bear_extreme_volatility,1.88,0.0,0.0,1.88,['DEFENSIVE_BASE_50'],,,,
dca_l2_v2_portfolio,PORTFOLIO,2025-11-17,2025-11-18,,,,,,,37.51,0.0,37.51,204.29
dca_l2_v2,BYDDY,2025-11-24,2025-11-25,panic_bear_extreme_volatility,11.25,0.0,0.0,11.25,['DEFENSIVE_BASE_50'],,,,
dca_l2_v2,MSFT,2025-11-24,2025-11-25,panic_bear_extreme_volatility,8.25,0.0,0.0,8.25,['DEFENSIVE_BASE_50'],,,,
dca_l2_v2,NVDA,2025-11-24,2025-11-25,panic_bear_extreme_volatility,6.75,0.0,0.0,6.75,"['DEFENSIVE_BASE_50', 'EXTRA_BLOCKED_CONCENTRATION']",,,,
dca_l2_v2,AAPL,2025-11-24,2025-11-25,panic_bear_extreme_volatility,5.63,0.0,0.0,5.63,['DEFENSIVE_BASE_50'],,,,
dca_l2_v2,ASML,2025-11-24,2025-11-25,panic_bear_extreme_volatility,3.75,0.0,0.0,3.75,['DEFENSIVE_BASE_50'],,,,
dca_l2_v2,KO,2025-11-24,2025-11-25,panic_bear_extreme_volatility,1.88,0.0,0.0,1.88,['DEFENSIVE_BASE_50'],,,,
dca_l2_v2_portfolio,PORTFOLIO,2025-11-24,2025-11-25,,,,,,,37.51,0.0,37.51,166.78
dca_l2_v2,BYDDY,2025-12-01,2025-12-02,panic_bear_extreme_volatility,9.0,0.0,0.0,9.0,['RECOVERY_LATCH_ACTIVE'],,,,
dca_l2_v2,MSFT,2025-12-01,2025-12-02,panic_bear_extreme_volatility,6.6,0.0,0.0,6.6,['RECOVERY_LATCH_ACTIVE'],,,,
dca_l2_v2,NVDA,2025-12-01,2025-12-02,panic_bear_extreme_volatility,5.4,0.0,0.0,5.4,"['RECOVERY_LATCH_ACTIVE', 'EXTRA_BLOCKED_CONCENTRATION']",,,,
dca_l2_v2,AAPL,2025-12-01,2025-12-02,panic_bear_extreme_volatility,4.5,0.0,0.0,4.5,['RECOVERY_LATCH_ACTIVE'],,,,
dca_l2_v2,ASML,2025-12-01,2025-12-02,panic_bear_extreme_volatility,3.0,0.0,0.0,3.0,['RECOVERY_LATCH_ACTIVE'],,,,
dca_l2_v2,KO,2025-12-01,2025-12-02,panic_bear_extreme_volatility,1.5,0.0,0.0,1.5,['RECOVERY_LATCH_ACTIVE'],,,,
dca_l2_v2_portfolio,PORTFOLIO,2025-12-01,2025-12-02,,,,,,,30.0,0.0,30.0,370.0
dca_l2_v2,BYDDY,2025-12-08,2025-12-09,medium_drawdown,18.0,2.62,0.0,20.62,['EXTRA_DIP_BUY'],,,,
dca_l2_v2,MSFT,2025-12-08,2025-12-09,small_drawdown,13.2,1.4,0.0,14.6,['EXTRA_DIP_BUY'],,,,
dca_l2_v2,NVDA,2025-12-08,2025-12-09,medium_drawdown,10.8,0.0,0.0,10.8,"['EXTRA_BLOCKED_CONCENTRATION', 'EXTRA_BLOCKED_CONCENTRATION']",,,,
dca_l2_v2,AAPL,2025-12-08,2025-12-09,normal,9.0,0.0,0.0,9.0,[],,,,
dca_l2_v2,ASML,2025-12-08,2025-12-09,normal,6.0,0.0,0.0,6.0,[],,,,
dca_l2_v2,KO,2025-12-08,2025-12-09,normal,3.0,0.0,0.0,3.0,[],,,,
dca_l2_v2_portfolio,PORTFOLIO,2025-12-08,2025-12-09,,,,,,,64.02,0.0,64.02,305.98
dca_l2_v2,BYDDY,2025-12-15,2025-12-16,panic_bear_extreme_volatility,9.0,0.0,0.0,9.0,['DEFENSIVE_BASE_50'],,,,
dca_l2_v2,MSFT,2025-12-15,2025-12-16,panic_bear_extreme_volatility,6.6,0.0,0.0,6.6,['DEFENSIVE_BASE_50'],,,,
dca_l2_v2,NVDA,2025-12-15,2025-12-16,panic_bear_extreme_volatility,5.4,0.0,0.0,5.4,"['DEFENSIVE_BASE_50', 'EXTRA_BLOCKED_CONCENTRATION']",,,,
dca_l2_v2,AAPL,2025-12-15,2025-12-16,panic_bear_extreme_volatility,4.5,0.0,0.0,4.5,['DEFENSIVE_BASE_50'],,,,
dca_l2_v2,ASML,2025-12-15,2025-12-16,panic_bear_extreme_volatility,3.0,0.0,0.0,3.0,['DEFENSIVE_BASE_50'],,,,
dca_l2_v2,KO,2025-12-15,2025-12-16,panic_bear_extreme_volatility,1.5,0.0,0.0,1.5,['DEFENSIVE_BASE_50'],,,,
dca_l2_v2_portfolio,PORTFOLIO,2025-12-15,2025-12-16,,,,,,,30.0,0.0,30.0,275.98
dca_l2_v2,BYDDY,2025-12-22,2025-12-23,panic_bear_extreme_volatility,9.0,0.0,0.0,9.0,['RECOVERY_LATCH_ACTIVE'],,,,
dca_l2_v2,MSFT,2025-12-22,2025-12-23,panic_bear_extreme_volatility,6.6,0.0,0.0,6.6,['RECOVERY_LATCH_ACTIVE'],,,,
dca_l2_v2,NVDA,2025-12-22,2025-12-23,panic_bear_extreme_volatility,5.4,0.0,0.0,5.4,"['RECOVERY_LATCH_ACTIVE', 'EXTRA_BLOCKED_CONCENTRATION']",,,,
dca_l2_v2,AAPL,2025-12-22,2025-12-23,panic_bear_extreme_volatility,4.5,0.0,0.0,4.5,['RECOVERY_LATCH_ACTIVE'],,,,
dca_l2_v2,ASML,2025-12-22,2025-12-23,panic_bear_extreme_volatility,3.0,0.0,0.0,3.0,['RECOVERY_LATCH_ACTIVE'],,,,
dca_l2_v2,KO,2025-12-22,2025-12-23,panic_bear_extreme_volatility,1.5,0.0,0.0,1.5,['RECOVERY_LATCH_ACTIVE'],,,,
dca_l2_v2_portfolio,PORTFOLIO,2025-12-22,2025-12-23,,,,,,,30.0,0.0,30.0,245.98
dca_l2_v2,BYDDY,2025-12-29,2025-12-30,small_drawdown,18.0,2.09,0.0,20.09,['EXTRA_DIP_BUY'],,,,
dca_l2_v2,MSFT,2025-12-29,2025-12-30,small_drawdown,13.2,1.64,0.0,14.84,['EXTRA_DIP_BUY'],,,,
dca_l2_v2,NVDA,2025-12-29,2025-12-30,small_drawdown,10.8,0.0,0.0,10.8,"['EXTRA_BLOCKED_CONCENTRATION', 'EXTRA_BLOCKED_CONCENTRATION']",,,,
dca_l2_v2,AAPL,2025-12-29,2025-12-30,normal,9.0,0.0,0.0,9.0,[],,,,
dca_l2_v2,ASML,2025-12-29,2025-12-30,small_drawdown,6.0,0.23,0.0,6.23,['EXTRA_DIP_BUY'],,,,
dca_l2_v2,KO,2025-12-29,2025-12-30,normal,3.0,0.0,0.0,3.0,[],,,,
dca_l2_v2_portfolio,PORTFOLIO,2025-12-29,2025-12-30,,,,,,,63.96,0.0,63.96,182.02
dca_l2_v2,BYDDY,2026-01-05,2026-01-06,small_drawdown,22.5,1.79,0.0,24.29,['EXTRA_DIP_BUY'],,,,
dca_l2_v2,MSFT,2026-01-05,2026-01-06,medium_drawdown,16.5,2.6,0.0,19.1,['EXTRA_DIP_BUY'],,,,
dca_l2_v2,NVDA,2026-01-05,2026-01-06,small_drawdown,13.5,0.0,0.0,13.5,"['EXTRA_BLOCKED_CONCENTRATION', 'EXTRA_BLOCKED_CONCENTRATION']",,,,
dca_l2_v2,AAPL,2026-01-05,2026-01-06,small_drawdown,11.25,0.45,0.0,11.7,['EXTRA_DIP_BUY'],,,,
dca_l2_v2,ASML,2026-01-05,2026-01-06,normal,7.5,0.0,0.0,7.5,[],,,,
dca_l2_v2,KO,2026-01-05,2026-01-06,small_drawdown,3.75,0.13,0.0,3.88,['EXTRA_DIP_BUY'],,,,
dca_l2_v2_portfolio,PORTFOLIO,2026-01-05,2026-01-06,,,,,,,79.97,0.0,79.97,320.03
dca_l2_v2,BYDDY,2026-01-12,2026-01-13,small_drawdown,22.5,1.8,0.0,24.3,['EXTRA_DIP_BUY'],,,,
dca_l2_v2,MSFT,2026-01-12,2026-01-13,medium_drawdown,16.5,2.43,0.0,18.93,['EXTRA_DIP_BUY'],,,,
dca_l2_v2,NVDA,2026-01-12,2026-01-13,medium_drawdown,13.5,0.0,0.0,13.5,"['EXTRA_BLOCKED_CONCENTRATION', 'EXTRA_BLOCKED_CONCENTRATION']",,,,
dca_l2_v2,AAPL,2026-01-12,2026-01-13,small_drawdown,11.25,1.14,0.0,12.39,['EXTRA_DIP_BUY'],,,,
dca_l2_v2,ASML,2026-01-12,2026-01-13,normal,7.5,0.0,0.0,7.5,[],,,,
dca_l2_v2,KO,2026-01-12,2026-01-13,normal,3.75,0.0,0.0,3.75,[],,,,
dca_l2_v2_portfolio,PORTFOLIO,2026-01-12,2026-01-13,,,,,,,80.37,0.0,80.37,239.66
dca_l2_v2,BYDDY,2026-01-16,2026-01-20,normal,22.5,0.0,0.0,22.5,[],,,,
dca_l2_v2,MSFT,2026-01-16,2026-01-20,medium_drawdown,16.5,2.25,0.0,18.75,['EXTRA_DIP_BUY'],,,,
dca_l2_v2,NVDA,2026-01-16,2026-01-20,small_drawdown,13.5,0.0,0.0,13.5,"['EXTRA_BLOCKED_CONCENTRATION', 'EXTRA_BLOCKED_CONCENTRATION']",,,,
dca_l2_v2,AAPL,2026-01-16,2026-01-20,medium_drawdown,11.25,1.51,0.0,12.76,['EXTRA_DIP_BUY'],,,,
dca_l2_v2,ASML,2026-01-16,2026-01-20,normal,7.5,0.0,0.0,7.5,[],,,,
dca_l2_v2,KO,2026-01-16,2026-01-20,normal,3.75,0.0,0.0,3.75,[],,,,
dca_l2_v2_portfolio,PORTFOLIO,2026-01-16,2026-01-20,,,,,,,78.76,0.0,78.76,160.9
dca_l2_v2,BYDDY,2026-01-26,2026-01-27,normal,22.5,0.0,0.0,22.5,"['NORMAL_POOL_BASE_BUDGET_APPLIED', 'NORMAL_POOL_EXTRA_BUDGET_APPLIED']",,,,
dca_l2_v2,MSFT,2026-01-26,2026-01-27,small_drawdown,16.5,1.16,0.0,17.66,"['EXTRA_DIP_BUY', 'NORMAL_POOL_BASE_BUDGET_APPLIED', 'NORMAL_POOL_EXTRA_BUDGET_APPLIED']",,,,
dca_l2_v2,NVDA,2026-01-26,2026-01-27,small_drawdown,13.5,0.0,0.0,13.5,"['EXTRA_BLOCKED_CONCENTRATION', 'EXTRA_BLOCKED_CONCENTRATION', 'NORMAL_POOL_BASE_BUDGET_APPLIED', 'NORMAL_POOL_EXTRA_BUDGET_APPLIED']",,,,
dca_l2_v2,AAPL,2026-01-26,2026-01-27,medium_drawdown,11.25,1.51,0.0,12.76,"['EXTRA_DIP_BUY', 'NORMAL_POOL_BASE_BUDGET_APPLIED', 'NORMAL_POOL_EXTRA_BUDGET_APPLIED']",,,,
dca_l2_v2,ASML,2026-01-26,2026-01-27,normal,7.5,0.0,0.0,7.5,"['NORMAL_POOL_BASE_BUDGET_APPLIED', 'NORMAL_POOL_EXTRA_BUDGET_APPLIED']",,,,
dca_l2_v2,KO,2026-01-26,2026-01-27,normal,3.75,0.0,0.0,3.75,"['NORMAL_POOL_BASE_BUDGET_APPLIED', 'NORMAL_POOL_EXTRA_BUDGET_APPLIED']",,,,
dca_l2_v2_portfolio,PORTFOLIO,2026-01-26,2026-01-27,,,,,,,60.91,0.0,60.91,99.99
dca_l2_v2,BYDDY,2026-02-02,2026-02-03,medium_drawdown,22.5,3.13,0.0,25.63,['EXTRA_DIP_BUY'],,,,
dca_l2_v2,MSFT,2026-02-02,2026-02-03,medium_drawdown,16.5,3.39,0.0,19.89,['EXTRA_DIP_BUY'],,,,
dca_l2_v2,NVDA,2026-02-02,2026-02-03,normal,13.5,0.0,0.0,13.5,"['EXTRA_BLOCKED_CONCENTRATION', 'EXTRA_BLOCKED_CONCENTRATION']",,,,
dca_l2_v2,AAPL,2026-02-02,2026-02-03,small_drawdown,11.25,0.18,0.0,11.43,['EXTRA_DIP_BUY'],,,,
dca_l2_v2,ASML,2026-02-02,2026-02-03,normal,7.5,0.0,0.0,7.5,[],,,,
dca_l2_v2,KO,2026-02-02,2026-02-03,normal,3.75,0.0,0.0,3.75,[],,,,
dca_l2_v2_portfolio,PORTFOLIO,2026-02-02,2026-02-03,,,,,,,81.7,0.0,81.7,318.3
dca_l2_v2,BYDDY,2026-02-09,2026-02-10,panic_bear_extreme_volatility,11.25,0.0,0.0,11.25,['DEFENSIVE_BASE_50'],,,,
dca_l2_v2,MSFT,2026-02-09,2026-02-10,panic_bear_extreme_volatility,8.25,0.0,0.0,8.25,['DEFENSIVE_BASE_50'],,,,
dca_l2_v2,NVDA,2026-02-09,2026-02-10,panic_bear_extreme_volatility,6.75,0.0,0.0,6.75,"['DEFENSIVE_BASE_50', 'EXTRA_BLOCKED_CONCENTRATION']",,,,
dca_l2_v2,AAPL,2026-02-09,2026-02-10,panic_bear_extreme_volatility,5.63,0.0,0.0,5.63,['DEFENSIVE_BASE_50'],,,,
dca_l2_v2,ASML,2026-02-09,2026-02-10,panic_bear_extreme_volatility,3.75,0.0,0.0,3.75,['DEFENSIVE_BASE_50'],,,,
dca_l2_v2,KO,2026-02-09,2026-02-10,panic_bear_extreme_volatility,1.88,0.0,0.0,1.88,['DEFENSIVE_BASE_50'],,,,
dca_l2_v2_portfolio,PORTFOLIO,2026-02-09,2026-02-10,,,,,,,37.51,0.0,37.51,280.79
dca_l2_v2,BYDDY,2026-02-13,2026-02-17,panic_bear_extreme_volatility,11.25,0.0,0.0,11.25,['DEFENSIVE_BASE_50'],,,,
dca_l2_v2,MSFT,2026-02-13,2026-02-17,panic_bear_extreme_volatility,8.25,0.0,0.0,8.25,['DEFENSIVE_BASE_50'],,,,
dca_l2_v2,NVDA,2026-02-13,2026-02-17,panic_bear_extreme_volatility,6.75,0.0,0.0,6.75,"['DEFENSIVE_BASE_50', 'EXTRA_BLOCKED_CONCENTRATION']",,,,
dca_l2_v2,AAPL,2026-02-13,2026-02-17,panic_bear_extreme_volatility,5.63,0.0,0.0,5.63,['DEFENSIVE_BASE_50'],,,,
dca_l2_v2,ASML,2026-02-13,2026-02-17,panic_bear_extreme_volatility,3.75,0.0,0.0,3.75,['DEFENSIVE_BASE_50'],,,,
dca_l2_v2,KO,2026-02-13,2026-02-17,panic_bear_extreme_volatility,1.88,0.0,0.0,1.88,['DEFENSIVE_BASE_50'],,,,
dca_l2_v2_portfolio,PORTFOLIO,2026-02-13,2026-02-17,,,,,,,37.51,0.0,37.51,243.28
dca_l2_v2,BYDDY,2026-02-23,2026-02-24,panic_bear_extreme_volatility,11.25,0.0,0.0,11.25,['DEFENSIVE_BASE_50'],,,,
dca_l2_v2,MSFT,2026-02-23,2026-02-24,panic_bear_extreme_volatility,8.25,0.0,0.0,8.25,['DEFENSIVE_BASE_50'],,,,
dca_l2_v2,NVDA,2026-02-23,2026-02-24,panic_bear_extreme_volatility,6.75,0.0,0.0,6.75,"['DEFENSIVE_BASE_50', 'EXTRA_BLOCKED_CONCENTRATION']",,,,
dca_l2_v2,AAPL,2026-02-23,2026-02-24,panic_bear_extreme_volatility,5.63,0.0,0.0,5.63,['DEFENSIVE_BASE_50'],,,,
dca_l2_v2,ASML,2026-02-23,2026-02-24,panic_bear_extreme_volatility,3.75,0.0,0.0,3.75,['DEFENSIVE_BASE_50'],,,,
dca_l2_v2,KO,2026-02-23,2026-02-24,panic_bear_extreme_volatility,1.88,0.0,0.0,1.88,['DEFENSIVE_BASE_50'],,,,
dca_l2_v2_portfolio,PORTFOLIO,2026-02-23,2026-02-24,,,,,,,37.51,0.0,37.51,205.77
dca_l2_v2,BYDDY,2026-03-02,2026-03-03,panic_bear_extreme_volatility,9.0,0.0,0.0,9.0,['DEFENSIVE_BASE_50'],,,,
dca_l2_v2,MSFT,2026-03-02,2026-03-03,panic_bear_extreme_volatility,6.6,0.0,0.0,6.6,['DEFENSIVE_BASE_50'],,,,
dca_l2_v2,NVDA,2026-03-02,2026-03-03,panic_bear_extreme_volatility,5.4,0.0,0.0,5.4,"['DEFENSIVE_BASE_50', 'EXTRA_BLOCKED_CONCENTRATION']",,,,
dca_l2_v2,AAPL,2026-03-02,2026-03-03,panic_bear_extreme_volatility,4.5,0.0,0.0,4.5,['DEFENSIVE_BASE_50'],,,,
dca_l2_v2,ASML,2026-03-02,2026-03-03,panic_bear_extreme_volatility,3.0,0.0,0.0,3.0,['DEFENSIVE_BASE_50'],,,,
dca_l2_v2,KO,2026-03-02,2026-03-03,panic_bear_extreme_volatility,1.5,0.0,0.0,1.5,['DEFENSIVE_BASE_50'],,,,
dca_l2_v2_portfolio,PORTFOLIO,2026-03-02,2026-03-03,,,,,,,30.0,0.0,30.0,370.0
dca_l2_v2,BYDDY,2026-03-09,2026-03-10,panic_bear_extreme_volatility,9.0,0.0,0.0,9.0,['DEFENSIVE_BASE_50'],,,,
dca_l2_v2,MSFT,2026-03-09,2026-03-10,panic_bear_extreme_volatility,6.6,0.0,0.0,6.6,['DEFENSIVE_BASE_50'],,,,
dca_l2_v2,NVDA,2026-03-09,2026-03-10,panic_bear_extreme_volatility,5.4,0.0,0.0,5.4,"['DEFENSIVE_BASE_50', 'EXTRA_BLOCKED_CONCENTRATION']",,,,
dca_l2_v2,AAPL,2026-03-09,2026-03-10,panic_bear_extreme_volatility,4.5,0.0,0.0,4.5,['DEFENSIVE_BASE_50'],,,,
dca_l2_v2,ASML,2026-03-09,2026-03-10,panic_bear_extreme_volatility,3.0,0.0,0.0,3.0,['DEFENSIVE_BASE_50'],,,,
dca_l2_v2,KO,2026-03-09,2026-03-10,panic_bear_extreme_volatility,1.5,0.0,0.0,1.5,['DEFENSIVE_BASE_50'],,,,
dca_l2_v2_portfolio,PORTFOLIO,2026-03-09,2026-03-10,,,,,,,30.0,0.0,30.0,340.0
dca_l2_v2,BYDDY,2026-03-16,2026-03-17,panic_bear_extreme_volatility,9.0,0.0,0.0,9.0,['DEFENSIVE_BASE_50'],,,,
dca_l2_v2,MSFT,2026-03-16,2026-03-17,panic_bear_extreme_volatility,6.6,0.0,0.0,6.6,['DEFENSIVE_BASE_50'],,,,
dca_l2_v2,NVDA,2026-03-16,2026-03-17,panic_bear_extreme_volatility,5.4,0.0,0.0,5.4,"['DEFENSIVE_BASE_50', 'EXTRA_BLOCKED_CONCENTRATION']",,,,
dca_l2_v2,AAPL,2026-03-16,2026-03-17,panic_bear_extreme_volatility,4.5,0.0,0.0,4.5,['DEFENSIVE_BASE_50'],,,,
dca_l2_v2,ASML,2026-03-16,2026-03-17,panic_bear_extreme_volatility,3.0,0.0,0.0,3.0,['DEFENSIVE_BASE_50'],,,,
dca_l2_v2,KO,2026-03-16,2026-03-17,panic_bear_extreme_volatility,1.5,0.0,0.0,1.5,['DEFENSIVE_BASE_50'],,,,
dca_l2_v2_portfolio,PORTFOLIO,2026-03-16,2026-03-17,,,,,,,30.0,0.0,30.0,310.0
dca_l2_v2,BYDDY,2026-03-23,2026-03-24,panic_bear_extreme_volatility,9.0,0.0,0.0,9.0,['DEFENSIVE_BASE_50'],,,,
dca_l2_v2,MSFT,2026-03-23,2026-03-24,panic_bear_extreme_volatility,6.6,0.0,0.0,6.6,['DEFENSIVE_BASE_50'],,,,
dca_l2_v2,NVDA,2026-03-23,2026-03-24,panic_bear_extreme_volatility,5.4,0.0,0.0,5.4,"['DEFENSIVE_BASE_50', 'EXTRA_BLOCKED_CONCENTRATION']",,,,
dca_l2_v2,AAPL,2026-03-23,2026-03-24,panic_bear_extreme_volatility,4.5,0.0,0.0,4.5,['DEFENSIVE_BASE_50'],,,,
dca_l2_v2,ASML,2026-03-23,2026-03-24,panic_bear_extreme_volatility,3.0,0.0,0.0,3.0,['DEFENSIVE_BASE_50'],,,,
dca_l2_v2,KO,2026-03-23,2026-03-24,panic_bear_extreme_volatility,1.5,0.0,0.0,1.5,['DEFENSIVE_BASE_50'],,,,
dca_l2_v2_portfolio,PORTFOLIO,2026-03-23,2026-03-24,,,,,,,30.0,0.0,30.0,280.0
dca_l2_v2,BYDDY,2026-03-30,2026-03-31,panic_bear_extreme_volatility,9.0,0.0,0.0,9.0,['DEFENSIVE_BASE_50'],,,,
dca_l2_v2,MSFT,2026-03-30,2026-03-31,panic_bear_extreme_volatility,6.6,0.0,0.0,6.6,['DEFENSIVE_BASE_50'],,,,
dca_l2_v2,NVDA,2026-03-30,2026-03-31,panic_bear_extreme_volatility,5.4,0.0,0.0,5.4,"['DEFENSIVE_BASE_50', 'EXTRA_BLOCKED_CONCENTRATION']",,,,
dca_l2_v2,AAPL,2026-03-30,2026-03-31,panic_bear_extreme_volatility,4.5,0.0,0.0,4.5,['DEFENSIVE_BASE_50'],,,,
dca_l2_v2,ASML,2026-03-30,2026-03-31,panic_bear_extreme_volatility,3.0,0.0,0.0,3.0,['DEFENSIVE_BASE_50'],,,,
dca_l2_v2,KO,2026-03-30,2026-03-31,panic_bear_extreme_volatility,1.5,0.0,0.0,1.5,['DEFENSIVE_BASE_50'],,,,
dca_l2_v2_portfolio,PORTFOLIO,2026-03-30,2026-03-31,,,,,,,30.0,0.0,30.0,250.0
dca_l2_v2,BYDDY,2026-04-06,2026-04-07,panic_bear_extreme_volatility,11.25,0.0,0.0,11.25,['DEFENSIVE_BASE_50'],,,,
dca_l2_v2,MSFT,2026-04-06,2026-04-07,panic_bear_extreme_volatility,8.25,0.0,0.0,8.25,['DEFENSIVE_BASE_50'],,,,
dca_l2_v2,NVDA,2026-04-06,2026-04-07,panic_bear_extreme_volatility,6.75,0.0,0.0,6.75,"['DEFENSIVE_BASE_50', 'EXTRA_BLOCKED_CONCENTRATION']",,,,
dca_l2_v2,AAPL,2026-04-06,2026-04-07,panic_bear_extreme_volatility,5.63,0.0,0.0,5.63,['DEFENSIVE_BASE_50'],,,,
dca_l2_v2,ASML,2026-04-06,2026-04-07,panic_bear_extreme_volatility,3.75,0.0,0.0,3.75,['DEFENSIVE_BASE_50'],,,,
dca_l2_v2,KO,2026-04-06,2026-04-07,panic_bear_extreme_volatility,1.88,0.0,0.0,1.88,['DEFENSIVE_BASE_50'],,,,
dca_l2_v2_portfolio,PORTFOLIO,2026-04-06,2026-04-07,,,,,,,37.51,0.0,37.51,362.49
dca_l2_v2,BYDDY,2026-04-13,2026-04-14,panic_bear_extreme_volatility,11.25,0.0,0.0,11.25,['RECOVERY_LATCH_ACTIVE'],,,,
dca_l2_v2,MSFT,2026-04-13,2026-04-14,panic_bear_extreme_volatility,8.25,0.0,0.0,8.25,['RECOVERY_LATCH_ACTIVE'],,,,
dca_l2_v2,NVDA,2026-04-13,2026-04-14,panic_bear_extreme_volatility,6.75,0.0,0.0,6.75,"['RECOVERY_LATCH_ACTIVE', 'EXTRA_BLOCKED_CONCENTRATION']",,,,
dca_l2_v2,AAPL,2026-04-13,2026-04-14,panic_bear_extreme_volatility,5.63,0.0,0.0,5.63,['RECOVERY_LATCH_ACTIVE'],,,,
dca_l2_v2,ASML,2026-04-13,2026-04-14,panic_bear_extreme_volatility,3.75,0.0,0.0,3.75,['RECOVERY_LATCH_ACTIVE'],,,,
dca_l2_v2,KO,2026-04-13,2026-04-14,panic_bear_extreme_volatility,1.88,0.0,0.0,1.88,['RECOVERY_LATCH_ACTIVE'],,,,
dca_l2_v2_portfolio,PORTFOLIO,2026-04-13,2026-04-14,,,,,,,37.51,0.0,37.51,324.98
dca_l2_v2,BYDDY,2026-04-20,2026-04-21,normal,22.5,0.0,0.0,22.5,[],,,,
dca_l2_v2,MSFT,2026-04-20,2026-04-21,normal,16.5,0.0,0.0,16.5,[],,,,
dca_l2_v2,NVDA,2026-04-20,2026-04-21,normal,13.5,0.0,0.0,13.5,"['EXTRA_BLOCKED_CONCENTRATION', 'EXTRA_BLOCKED_CONCENTRATION']",,,,
dca_l2_v2,AAPL,2026-04-20,2026-04-21,normal,11.25,0.0,0.0,11.25,[],,,,
dca_l2_v2,ASML,2026-04-20,2026-04-21,normal,7.5,0.0,0.0,7.5,[],,,,
dca_l2_v2,KO,2026-04-20,2026-04-21,small_drawdown,3.75,0.17,0.0,3.92,['EXTRA_DIP_BUY'],,,,
dca_l2_v2_portfolio,PORTFOLIO,2026-04-20,2026-04-21,,,,,,,75.17,0.0,75.17,249.81
dca_l2_v2,BYDDY,2026-04-27,2026-04-28,small_drawdown,22.5,0.36,0.0,22.86,['EXTRA_DIP_BUY'],,,,
dca_l2_v2,MSFT,2026-04-27,2026-04-28,normal,16.5,0.0,0.0,16.5,[],,,,
dca_l2_v2,NVDA,2026-04-27,2026-04-28,normal,13.5,0.0,0.0,13.5,"['EXTRA_BLOCKED_CONCENTRATION', 'EXTRA_BLOCKED_CONCENTRATION']",,,,
dca_l2_v2,AAPL,2026-04-27,2026-04-28,normal,11.25,0.0,0.0,11.25,[],,,,
dca_l2_v2,ASML,2026-04-27,2026-04-28,small_drawdown,7.5,0.18,0.0,7.68,['EXTRA_DIP_BUY'],,,,
dca_l2_v2,KO,2026-04-27,2026-04-28,small_drawdown,3.75,0.18,0.0,3.93,['EXTRA_DIP_BUY'],,,,
dca_l2_v2_portfolio,PORTFOLIO,2026-04-27,2026-04-28,,,,,,,75.72,0.0,75.72,174.09
dca_l2_v2,BYDDY,2026-05-04,2026-05-05,small_drawdown,22.5,2.13,0.0,24.63,['EXTRA_DIP_BUY'],,,,
dca_l2_v2,MSFT,2026-05-04,2026-05-05,normal,16.5,0.0,0.0,16.5,[],,,,
dca_l2_v2,NVDA,2026-05-04,2026-05-05,small_drawdown,13.5,0.0,0.0,13.5,"['EXTRA_BLOCKED_CONCENTRATION', 'EXTRA_BLOCKED_CONCENTRATION']",,,,
dca_l2_v2,AAPL,2026-05-04,2026-05-05,normal,11.25,0.0,0.0,11.25,[],,,,
dca_l2_v2,ASML,2026-05-04,2026-05-05,small_drawdown,7.5,0.75,0.0,8.25,['EXTRA_DIP_BUY'],,,,
dca_l2_v2,KO,2026-05-04,2026-05-05,normal,3.75,0.0,0.0,3.75,[],,,,
dca_l2_v2_portfolio,PORTFOLIO,2026-05-04,2026-05-05,,,,,,,77.88,0.0,77.88,322.12
dca_l2_v2,BYDDY,2026-05-11,2026-05-12,small_drawdown,22.5,2.56,0.0,25.06,['EXTRA_DIP_BUY'],,,,
dca_l2_v2,MSFT,2026-05-11,2026-05-12,normal,16.5,0.0,0.0,16.5,[],,,,
dca_l2_v2,NVDA,2026-05-11,2026-05-12,normal,13.5,0.0,0.0,13.5,"['EXTRA_BLOCKED_CONCENTRATION', 'EXTRA_BLOCKED_CONCENTRATION']",,,,
dca_l2_v2,AAPL,2026-05-11,2026-05-12,normal,11.25,0.0,0.0,11.25,[],,,,
dca_l2_v2,ASML,2026-05-11,2026-05-12,normal,7.5,0.0,0.0,7.5,[],,,,
dca_l2_v2,KO,2026-05-11,2026-05-12,normal,3.75,0.0,0.0,3.75,[],,,,
dca_l2_v2_portfolio,PORTFOLIO,2026-05-11,2026-05-12,,,,,,,77.56,0.0,77.56,244.56
dca_l2_v2,BYDDY,2026-05-18,2026-05-19,medium_drawdown,22.5,4.59,0.0,27.09,['EXTRA_DIP_BUY'],,,,
dca_l2_v2,MSFT,2026-05-18,2026-05-19,normal,16.5,0.0,0.0,16.5,[],,,,
dca_l2_v2,NVDA,2026-05-18,2026-05-19,small_drawdown,13.5,0.0,0.0,13.5,"['EXTRA_BLOCKED_CONCENTRATION', 'EXTRA_BLOCKED_CONCENTRATION']",,,,
dca_l2_v2,AAPL,2026-05-18,2026-05-19,normal,11.25,0.0,0.0,11.25,[],,,,
dca_l2_v2,ASML,2026-05-18,2026-05-19,small_drawdown,7.5,0.47,0.0,7.97,['EXTRA_DIP_BUY'],,,,
dca_l2_v2,KO,2026-05-18,2026-05-19,normal,3.75,0.0,0.0,3.75,[],,,,
dca_l2_v2_portfolio,PORTFOLIO,2026-05-18,2026-05-19,,,,,,,80.06,0.0,80.06,164.5
dca_l2_v2,BYDDY,2026-05-22,2026-05-26,medium_drawdown,22.5,5.39,0.0,27.89,"['EXTRA_DIP_BUY', 'NORMAL_POOL_BASE_BUDGET_APPLIED', 'NORMAL_POOL_EXTRA_BUDGET_APPLIED']",,,,
dca_l2_v2,MSFT,2026-05-22,2026-05-26,normal,16.5,0.0,0.0,16.5,"['NORMAL_POOL_BASE_BUDGET_APPLIED', 'NORMAL_POOL_EXTRA_BUDGET_APPLIED']",,,,
dca_l2_v2,NVDA,2026-05-22,2026-05-26,small_drawdown,13.5,0.0,0.0,13.5,"['EXTRA_BLOCKED_CONCENTRATION', 'EXTRA_BLOCKED_CONCENTRATION', 'NORMAL_POOL_BASE_BUDGET_APPLIED', 'NORMAL_POOL_EXTRA_BUDGET_APPLIED']",,,,
dca_l2_v2,AAPL,2026-05-22,2026-05-26,normal,11.25,0.0,0.0,11.25,"['NORMAL_POOL_BASE_BUDGET_APPLIED', 'NORMAL_POOL_EXTRA_BUDGET_APPLIED']",,,,
dca_l2_v2,ASML,2026-05-22,2026-05-26,normal,7.5,0.0,0.0,7.5,"['NORMAL_POOL_BASE_BUDGET_APPLIED', 'NORMAL_POOL_EXTRA_BUDGET_APPLIED']",,,,
dca_l2_v2,KO,2026-05-22,2026-05-26,normal,3.75,0.0,0.0,3.75,"['NORMAL_POOL_BASE_BUDGET_APPLIED', 'NORMAL_POOL_EXTRA_BUDGET_APPLIED']",,,,
dca_l2_v2_portfolio,PORTFOLIO,2026-05-22,2026-05-26,,,,,,,64.51,0.0,64.51,99.99
dca_l2_v2,BYDDY,2026-06-01,2026-06-02,medium_drawdown,18.0,4.19,0.0,22.19,['EXTRA_DIP_BUY'],,,,
dca_l2_v2,MSFT,2026-06-01,2026-06-02,normal,13.2,0.0,0.0,13.2,[],,,,
dca_l2_v2,NVDA,2026-06-01,2026-06-02,normal,10.8,0.0,0.0,10.8,"['EXTRA_BLOCKED_CONCENTRATION', 'EXTRA_BLOCKED_CONCENTRATION']",,,,
dca_l2_v2,AAPL,2026-06-01,2026-06-02,normal,9.0,0.0,0.0,9.0,[],,,,
dca_l2_v2,ASML,2026-06-01,2026-06-02,normal,6.0,0.0,0.0,6.0,[],,,,
dca_l2_v2,KO,2026-06-01,2026-06-02,normal,3.0,0.0,0.0,3.0,[],,,,
dca_l2_v2_portfolio,PORTFOLIO,2026-06-01,2026-06-02,,,,,,,64.19,0.0,64.19,335.81
dca_l2_v2,BYDDY,2026-06-08,2026-06-09,deep_drawdown,18.0,5.13,25.0,48.13,"['EXTRA_DIP_BUY', 'CRASH_FUND_PLANNED']",,,,
dca_l2_v2,MSFT,2026-06-08,2026-06-09,medium_drawdown,13.2,1.75,0.0,14.95,['EXTRA_DIP_BUY'],,,,
dca_l2_v2,NVDA,2026-06-08,2026-06-09,medium_drawdown,10.8,0.0,0.0,10.8,"['EXTRA_BLOCKED_CONCENTRATION', 'EXTRA_BLOCKED_CONCENTRATION']",,,,
dca_l2_v2,AAPL,2026-06-08,2026-06-09,normal,9.0,0.0,0.0,9.0,[],,,,
dca_l2_v2,ASML,2026-06-08,2026-06-09,normal,6.0,0.0,0.0,6.0,[],,,,
dca_l2_v2,KO,2026-06-08,2026-06-09,normal,3.0,0.0,0.0,3.0,[],,,,
dca_l2_v2_portfolio,PORTFOLIO,2026-06-08,2026-06-09,,,,,,,66.88,25.0,91.88,243.93
dca_l2_v2,BYDDY,2026-06-15,2026-06-16,deep_drawdown,18.0,5.52,25.0,48.52,"['EXTRA_DIP_BUY', 'CRASH_FUND_PLANNED']",,,,
dca_l2_v2,MSFT,2026-06-15,2026-06-16,medium_drawdown,13.2,2.18,0.0,15.38,['EXTRA_DIP_BUY'],,,,
dca_l2_v2,NVDA,2026-06-15,2026-06-16,small_drawdown,10.8,0.0,0.0,10.8,"['EXTRA_BLOCKED_CONCENTRATION', 'EXTRA_BLOCKED_CONCENTRATION']",,,,
dca_l2_v2,AAPL,2026-06-15,2026-06-16,small_drawdown,9.0,0.22,0.0,9.22,['EXTRA_DIP_BUY'],,,,
dca_l2_v2,ASML,2026-06-15,2026-06-16,normal,6.0,0.0,0.0,6.0,[],,,,
dca_l2_v2,KO,2026-06-15,2026-06-16,normal,3.0,0.0,0.0,3.0,[],,,,
dca_l2_v2_portfolio,PORTFOLIO,2026-06-15,2026-06-16,,,,,,,67.92,25.0,92.92,151.01
dca_l2_v2,BYDDY,2026-06-22,2026-06-23,deep_drawdown,18.0,0.0,0.0,18.0,['EXTRA_BLOCKED_STRONG_DOWNTREND'],,,,
dca_l2_v2,MSFT,2026-06-22,2026-06-23,deep_drawdown,13.2,3.35,10.58,27.13,"['EXTRA_DIP_BUY', 'CRASH_FUND_PLANNED']",,,,
dca_l2_v2,NVDA,2026-06-22,2026-06-23,medium_drawdown,10.8,0.0,0.0,10.8,"['EXTRA_BLOCKED_CONCENTRATION', 'EXTRA_BLOCKED_CONCENTRATION']",,,,
dca_l2_v2,AAPL,2026-06-22,2026-06-23,small_drawdown,9.0,0.17,0.0,9.17,['EXTRA_DIP_BUY'],,,,
dca_l2_v2,ASML,2026-06-22,2026-06-23,normal,6.0,0.0,0.0,6.0,[],,,,
dca_l2_v2,KO,2026-06-22,2026-06-23,normal,3.0,0.0,0.0,3.0,[],,,,
dca_l2_v2_portfolio,PORTFOLIO,2026-06-22,2026-06-23,,,,,,,63.52,10.58,74.1,76.91
dca_l2_v2,BYDDY,2026-06-29,2026-06-30,deep_drawdown,18.0,0.0,0.0,18.0,"['EXTRA_BLOCKED_STRONG_DOWNTREND', 'NORMAL_POOL_BASE_BUDGET_APPLIED', 'NORMAL_POOL_EXTRA_BUDGET_APPLIED']",,,,
dca_l2_v2,MSFT,2026-06-29,2026-06-30,medium_drawdown,13.2,3.29,0.0,16.49,"['EXTRA_DIP_BUY', 'NORMAL_POOL_BASE_BUDGET_APPLIED', 'NORMAL_POOL_EXTRA_BUDGET_APPLIED']",,,,
dca_l2_v2,NVDA,2026-06-29,2026-06-30,medium_drawdown,10.8,0.0,0.0,10.8,"['EXTRA_BLOCKED_CONCENTRATION', 'EXTRA_BLOCKED_CONCENTRATION', 'NORMAL_POOL_BASE_BUDGET_APPLIED', 'NORMAL_POOL_EXTRA_BUDGET_APPLIED']",,,,
dca_l2_v2,AAPL,2026-06-29,2026-06-30,medium_drawdown,9.0,1.19,0.0,10.19,"['EXTRA_DIP_BUY', 'NORMAL_POOL_BASE_BUDGET_APPLIED', 'NORMAL_POOL_EXTRA_BUDGET_APPLIED']",,,,
dca_l2_v2,ASML,2026-06-29,2026-06-30,normal,6.0,0.0,0.0,6.0,"['NORMAL_POOL_BASE_BUDGET_APPLIED', 'NORMAL_POOL_EXTRA_BUDGET_APPLIED']",,,,
dca_l2_v2,KO,2026-06-29,2026-06-30,normal,3.0,0.0,0.0,3.0,"['NORMAL_POOL_BASE_BUDGET_APPLIED', 'NORMAL_POOL_EXTRA_BUDGET_APPLIED']",,,,
dca_l2_v2_portfolio,PORTFOLIO,2026-06-29,2026-06-30,,,,,,,37.49,0.0,37.49,39.42
dca_l2_v2,BYDDY,2026-07-06,2026-07-07,deep_drawdown,22.5,6.6,25.0,54.1,"['EXTRA_DIP_BUY', 'CRASH_FUND_PLANNED']",,,,
dca_l2_v2,MSFT,2026-07-06,2026-07-07,medium_drawdown,16.5,3.3,0.0,19.8,['EXTRA_DIP_BUY'],,,,
dca_l2_v2,NVDA,2026-07-06,2026-07-07,medium_drawdown,13.5,0.0,0.0,13.5,"['EXTRA_BLOCKED_CONCENTRATION', 'EXTRA_BLOCKED_CONCENTRATION']",,,,
dca_l2_v2,AAPL,2026-07-06,2026-07-07,normal,11.25,0.0,0.0,11.25,[],,,,
dca_l2_v2,ASML,2026-07-06,2026-07-07,small_drawdown,7.5,0.61,0.0,8.11,['EXTRA_DIP_BUY'],,,,
dca_l2_v2,KO,2026-07-06,2026-07-07,normal,3.75,0.0,0.0,3.75,[],,,,
dca_l2_v2_portfolio,PORTFOLIO,2026-07-06,2026-07-07,,,,,,,85.51,25.0,110.51,289.49
dca_l2_v2,BYDDY,2026-07-13,2026-07-14,panic_bear_extreme_volatility,11.25,0.0,0.0,11.25,['DEFENSIVE_BASE_50'],,,,
dca_l2_v2,MSFT,2026-07-13,2026-07-14,panic_bear_extreme_volatility,8.25,0.0,0.0,8.25,['DEFENSIVE_BASE_50'],,,,
dca_l2_v2,NVDA,2026-07-13,2026-07-14,panic_bear_extreme_volatility,6.75,0.0,0.0,6.75,"['DEFENSIVE_BASE_50', 'EXTRA_BLOCKED_CONCENTRATION']",,,,
dca_l2_v2,AAPL,2026-07-13,2026-07-14,panic_bear_extreme_volatility,5.63,0.0,0.0,5.63,['DEFENSIVE_BASE_50'],,,,
dca_l2_v2,ASML,2026-07-13,2026-07-14,panic_bear_extreme_volatility,3.75,0.0,0.0,3.75,['DEFENSIVE_BASE_50'],,,,
dca_l2_v2,KO,2026-07-13,2026-07-14,panic_bear_extreme_volatility,1.88,0.0,0.0,1.88,['DEFENSIVE_BASE_50'],,,,
dca_l2_v2_portfolio,PORTFOLIO,2026-07-13,2026-07-14,,,,,,,37.51,0.0,37.51,251.98
dca_l2_v2,BYDDY,2026-07-20,2026-07-21,panic_bear_extreme_volatility,11.25,0.0,0.0,11.25,['DEFENSIVE_BASE_50'],,,,
dca_l2_v2,MSFT,2026-07-20,2026-07-21,panic_bear_extreme_volatility,8.25,0.0,0.0,8.25,['DEFENSIVE_BASE_50'],,,,
dca_l2_v2,NVDA,2026-07-20,2026-07-21,panic_bear_extreme_volatility,6.75,0.0,0.0,6.75,"['DEFENSIVE_BASE_50', 'EXTRA_BLOCKED_CONCENTRATION']",,,,
dca_l2_v2,AAPL,2026-07-20,2026-07-21,panic_bear_extreme_volatility,5.63,0.0,0.0,5.63,['DEFENSIVE_BASE_50'],,,,
dca_l2_v2,ASML,2026-07-20,2026-07-21,panic_bear_extreme_volatility,3.75,0.0,0.0,3.75,['DEFENSIVE_BASE_50'],,,,
dca_l2_v2,KO,2026-07-20,2026-07-21,panic_bear_extreme_volatility,1.88,0.0,0.0,1.88,['DEFENSIVE_BASE_50'],,,,
dca_l2_v2_portfolio,PORTFOLIO,2026-07-20,2026-07-21,,,,,,,37.51,0.0,37.51,214.47
dca_l2_v2,BYDDY,2026-07-27,2026-07-28,panic_bear_extreme_volatility,11.25,0.0,0.0,11.25,['DEFENSIVE_BASE_50'],,,,
dca_l2_v2,MSFT,2026-07-27,2026-07-28,panic_bear_extreme_volatility,8.25,0.0,0.0,8.25,['DEFENSIVE_BASE_50'],,,,
dca_l2_v2,NVDA,2026-07-27,2026-07-28,panic_bear_extreme_volatility,6.75,0.0,0.0,6.75,"['DEFENSIVE_BASE_50', 'EXTRA_BLOCKED_CONCENTRATION']",,,,
dca_l2_v2,AAPL,2026-07-27,2026-07-28,panic_bear_extreme_volatility,5.63,0.0,0.0,5.63,['DEFENSIVE_BASE_50'],,,,
dca_l2_v2,ASML,2026-07-27,2026-07-28,panic_bear_extreme_volatility,3.75,0.0,0.0,3.75,['DEFENSIVE_BASE_50'],,,,
dca_l2_v2,KO,2026-07-27,2026-07-28,panic_bear_extreme_volatility,1.88,0.0,0.0,1.88,['DEFENSIVE_BASE_50'],,,,
dca_l2_v2_portfolio,PORTFOLIO,2026-07-27,2026-07-28,,,,,,,37.51,0.0,37.51,176.96
dca_l2_v2,BYDDY,2026-08-03,2026-08-04,panic_bear_extreme_volatility,22.5,0.0,0.0,22.5,['DEFENSIVE_BASE_50'],,,,
dca_l2_v2,MSFT,2026-08-03,2026-08-04,panic_bear_extreme_volatility,16.5,0.0,0.0,16.5,['DEFENSIVE_BASE_50'],,,,
dca_l2_v2,NVDA,2026-08-03,2026-08-04,panic_bear_extreme_volatility,13.5,0.0,0.0,13.5,"['DEFENSIVE_BASE_50', 'EXTRA_BLOCKED_CONCENTRATION']",,,,
dca_l2_v2,AAPL,2026-08-03,2026-08-04,panic_bear_extreme_volatility,11.25,0.0,0.0,11.25,['DEFENSIVE_BASE_50'],,,,
dca_l2_v2,ASML,2026-08-03,2026-08-04,panic_bear_extreme_volatility,7.5,0.0,0.0,7.5,['DEFENSIVE_BASE_50'],,,,
dca_l2_v2,KO,2026-08-03,2026-08-04,panic_bear_extreme_volatility,3.75,0.0,0.0,3.75,['DEFENSIVE_BASE_50'],,,,
dca_l2_v2_portfolio,PORTFOLIO,2026-08-03,2026-08-04,,,,,,,75.0,0.0,75.0,325.0
dca_l2_v2,BYDDY,2026-08-10,2026-08-11,panic_bear_extreme_volatility,22.5,0.0,0.0,22.5,['RECOVERY_LATCH_ACTIVE'],,,,
dca_l2_v2,MSFT,2026-08-10,2026-08-11,panic_bear_extreme_volatility,16.5,0.0,0.0,16.5,['RECOVERY_LATCH_ACTIVE'],,,,
dca_l2_v2,NVDA,2026-08-10,2026-08-11,panic_bear_extreme_volatility,13.5,0.0,0.0,13.5,"['RECOVERY_LATCH_ACTIVE', 'EXTRA_BLOCKED_CONCENTRATION']",,,,
dca_l2_v2,AAPL,2026-08-10,2026-08-11,panic_bear_extreme_volatility,11.25,0.0,0.0,11.25,['RECOVERY_LATCH_ACTIVE'],,,,
dca_l2_v2,ASML,2026-08-10,2026-08-11,panic_bear_extreme_volatility,7.5,0.0,0.0,7.5,['RECOVERY_LATCH_ACTIVE'],,,,
dca_l2_v2,KO,2026-08-10,2026-08-11,panic_bear_extreme_volatility,3.75,0.0,0.0,3.75,['RECOVERY_LATCH_ACTIVE'],,,,
dca_l2_v2_portfolio,PORTFOLIO,2026-08-10,2026-08-11,,,,,,,75.0,0.0,75.0,250.0
