strategy,symbol,signal_date,execution_date,status,execution_price,gross_invested,commission,slippage_cost,base,extra,crash
fixed,BYDDY,2021-06-07,2021-06-08,executed,8.34304844,30.0,0.03,0.01,22.5,0.0,7.5
reserve_fixed,BYDDY,2021-06-07,2021-06-08,executed,8.34304844,22.5,0.02,0.01,22.5,0.0,0.0
fixed,MSFT,2021-06-07,2021-06-08,executed,244.53834507,22.0,0.02,0.01,16.5,0.0,5.5
reserve_fixed,MSFT,2021-06-07,2021-06-08,executed,244.53834507,16.5,0.02,0.01,16.5,0.0,0.0
fixed,NVDA,2021-06-07,2021-06-08,executed,17.45203666,18.0,0.02,0.01,13.5,0.0,4.5
reserve_fixed,NVDA,2021-06-07,2021-06-08,executed,17.45203666,13.5,0.01,0.01,13.5,0.0,0.0
fixed,AAPL,2021-06-07,2021-06-08,executed,123.35890263,15.0,0.01,0.01,11.25,0.0,3.75
reserve_fixed,AAPL,2021-06-07,2021-06-08,executed,123.35890263,11.25,0.01,0.01,11.25,0.0,0.0
fixed,ASML,2021-06-07,2021-06-08,executed,659.28466459,10.0,0.01,0.01,7.5,0.0,2.5
reserve_fixed,ASML,2021-06-07,2021-06-08,executed,659.28466459,7.5,0.01,0.0,7.5,0.0,0.0
fixed,KO,2021-06-07,2021-06-08,executed,47.89154981,5.0,0.01,0.0,3.75,0.0,1.25
reserve_fixed,KO,2021-06-07,2021-06-08,executed,47.89154981,3.75,0.0,0.0,3.75,0.0,0.0
dca_l2_v2,BYDDY,2021-06-07,2021-06-08,executed,8.34304844,22.5,0.02,0.01,22.5,0.0,0.0
dca_l2_v2,MSFT,2021-06-07,2021-06-08,executed,244.53834507,16.5,0.02,0.01,16.5,0.0,0.0
dca_l2_v2,NVDA,2021-06-07,2021-06-08,executed,17.45203666,13.5,0.01,0.01,13.5,0.0,0.0
dca_l2_v2,AAPL,2021-06-07,2021-06-08,executed,123.35890263,11.25,0.01,0.01,11.25,0.0,0.0
dca_l2_v2,ASML,2021-06-07,2021-06-08,executed,659.28466459,7.5,0.01,0.0,7.5,0.0,0.0
dca_l2_v2,KO,2021-06-07,2021-06-08,executed,47.89154981,3.75,0.0,0.0,3.75,0.0,0.0
fixed,BYDDY,2021-06-14,2021-06-15,executed,9.25463601,30.0,0.03,0.01,22.5,0.0,7.5
reserve_fixed,BYDDY,2021-06-14,2021-06-15,executed,9.25463601,22.5,0.02,0.01,22.5,0.0,0.0
fixed,MSFT,2021-06-14,2021-06-15,executed,248.95640299,22.0,0.02,0.01,16.5,0.0,5.5
reserve_fixed,MSFT,2021-06-14,2021-06-15,executed,248.95640299,16.5,0.02,0.01,16.5,0.0,0.0
fixed,NVDA,2021-06-14,2021-06-15,executed,17.84221365,18.0,0.02,0.01,13.5,0.0,4.5
reserve_fixed,NVDA,2021-06-14,2021-06-15,executed,17.84221365,13.5,0.01,0.01,13.5,0.0,0.0
fixed,AAPL,2021-06-14,2021-06-15,executed,126.61341707,15.0,0.01,0.01,11.25,0.0,3.75
reserve_fixed,AAPL,2021-06-14,2021-06-15,executed,126.61341707,11.25,0.01,0.01,11.25,0.0,0.0
fixed,ASML,2021-06-14,2021-06-15,executed,675.44543094,10.0,0.01,0.01,7.5,0.0,2.5
reserve_fixed,ASML,2021-06-14,2021-06-15,executed,675.44543094,7.5,0.01,0.0,7.5,0.0,0.0
fixed,KO,2021-06-14,2021-06-15,executed,47.84923366,5.0,0.01,0.0,3.75,0.0,1.25
reserve_fixed,KO,2021-06-14,2021-06-15,executed,47.84923366,3.75,0.0,0.0,3.75,0.0,0.0
dca_l2_v2,BYDDY,2021-06-14,2021-06-15,executed,9.25463601,22.5,0.02,0.01,22.5,0.0,0.0
dca_l2_v2,MSFT,2021-06-14,2021-06-15,executed,248.95640299,16.5,0.02,0.01,16.5,0.0,0.0
dca_l2_v2,NVDA,2021-06-14,2021-06-15,executed,17.84221365,13.5,0.01,0.01,13.5,0.0,0.0
dca_l2_v2,AAPL,2021-06-14,2021-06-15,executed,126.61341707,11.25,0.01,0.01,11.25,0.0,0.0
dca_l2_v2,ASML,2021-06-14,2021-06-15,executed,675.44543094,7.5,0.01,0.0,7.5,0.0,0.0
dca_l2_v2,KO,2021-06-14,2021-06-15,executed,47.84923366,3.75,0.0,0.0,3.75,0.0,0.0
fixed,BYDDY,2021-06-21,2021-06-22,executed,9.33348941,30.0,0.03,0.01,22.5,0.0,7.5
reserve_fixed,BYDDY,2021-06-21,2021-06-22,executed,9.33348941,22.5,0.02,0.01,22.5,0.0,0.0
fixed,MSFT,2021-06-21,2021-06-22,executed,251.78364991,22.0,0.02,0.01,16.5,0.0,5.5
reserve_fixed,MSFT,2021-06-21,2021-06-22,executed,251.78364991,16.5,0.02,0.01,16.5,0.0,0.0
fixed,NVDA,2021-06-21,2021-06-22,executed,18.39644663,18.0,0.02,0.01,13.5,0.0,4.5
reserve_fixed,NVDA,2021-06-21,2021-06-22,executed,18.39644663,13.5,0.01,0.01,13.5,0.0,0.0
fixed,AAPL,2021-06-21,2021-06-22,executed,128.74735451,15.0,0.01,0.01,11.25,0.0,3.75
reserve_fixed,AAPL,2021-06-21,2021-06-22,executed,128.74735451,11.25,0.01,0.01,11.25,0.0,0.0
fixed,ASML,2021-06-21,2021-06-22,executed,649.56714126,10.0,0.01,0.01,7.5,0.0,2.5
reserve_fixed,ASML,2021-06-21,2021-06-22,executed,649.56714126,7.5,0.01,0.0,7.5,0.0,0.0
fixed,KO,2021-06-21,2021-06-22,executed,46.61397634,5.0,0.01,0.0,3.75,0.0,1.25
reserve_fixed,KO,2021-06-21,2021-06-22,executed,46.61397634,3.75,0.0,0.0,3.75,0.0,0.0
dca_l2_v2,BYDDY,2021-06-21,2021-06-22,executed,9.33348941,22.49,0.02,0.01,22.49,0.0,0.0
dca_l2_v2,MSFT,2021-06-21,2021-06-22,executed,251.78364991,16.49,0.02,0.01,16.49,0.0,0.0
dca_l2_v2,NVDA,2021-06-21,2021-06-22,executed,18.39644663,13.49,0.01,0.01,13.49,0.0,0.0
dca_l2_v2,AAPL,2021-06-21,2021-06-22,executed,128.74735451,11.24,0.01,0.01,11.24,0.0,0.0
dca_l2_v2,ASML,2021-06-21,2021-06-22,executed,649.56714126,7.5,0.01,0.0,7.5,0.0,0.0
dca_l2_v2,KO,2021-06-21,2021-06-22,executed,46.61397634,3.75,0.0,0.0,3.75,0.0,0.0
fixed,BYDDY,2021-06-28,2021-06-29,executed,9.86131319,30.0,0.03,0.01,22.5,0.0,7.5
reserve_fixed,BYDDY,2021-06-28,2021-06-29,executed,9.86131319,22.5,0.02,0.01,22.5,0.0,0.0
fixed,MSFT,2021-06-28,2021-06-29,executed,257.67762543,22.0,0.02,0.01,16.5,0.0,5.5
reserve_fixed,MSFT,2021-06-28,2021-06-29,executed,257.67762543,16.5,0.02,0.01,16.5,0.0,0.0
fixed,NVDA,2021-06-28,2021-06-29,executed,19.80171591,18.0,0.02,0.01,13.5,0.0,4.5
reserve_fixed,NVDA,2021-06-28,2021-06-29,executed,19.80171591,13.5,0.01,0.01,13.5,0.0,0.0
fixed,AAPL,2021-06-28,2021-06-29,executed,131.34896466,15.0,0.01,0.01,11.25,0.0,3.75
reserve_fixed,AAPL,2021-06-28,2021-06-29,executed,131.34896466,11.25,0.01,0.01,11.25,0.0,0.0
fixed,ASML,2021-06-28,2021-06-29,executed,668.14293752,10.0,0.01,0.01,7.5,0.0,2.5
reserve_fixed,ASML,2021-06-28,2021-06-29,executed,668.14293752,7.5,0.01,0.0,7.5,0.0,0.0
fixed,KO,2021-06-28,2021-06-29,executed,46.43383231,4.6,0.0,0.0,3.75,0.0,1.25
reserve_fixed,KO,2021-06-28,2021-06-29,executed,46.43383231,3.75,0.0,0.0,3.75,0.0,0.0
dca_l2_v2,BYDDY,2021-06-28,2021-06-29,executed,9.86131319,15.73,0.02,0.01,15.73,0.0,0.0
dca_l2_v2,MSFT,2021-06-28,2021-06-29,executed,257.67762543,11.54,0.01,0.01,11.54,0.0,0.0
dca_l2_v2,NVDA,2021-06-28,2021-06-29,executed,19.80171591,9.44,0.01,0.0,9.44,0.0,0.0
dca_l2_v2,AAPL,2021-06-28,2021-06-29,executed,131.34896466,7.87,0.01,0.0,7.87,0.0,0.0
dca_l2_v2,ASML,2021-06-28,2021-06-29,executed,668.14293752,5.24,0.01,0.0,5.24,0.0,0.0
dca_l2_v2,KO,2021-06-28,2021-06-29,executed,46.43383231,2.62,0.0,0.0,2.62,0.0,0.0
fixed,BYDDY,2021-07-02,2021-07-06,executed,9.20957849,30.0,0.03,0.01,22.5,0.0,7.5
reserve_fixed,BYDDY,2021-07-02,2021-07-06,executed,9.20957849,22.5,0.02,0.01,22.5,0.0,0.0
fixed,MSFT,2021-07-02,2021-07-06,executed,266.45632758,22.0,0.02,0.01,16.5,0.0,5.5
reserve_fixed,MSFT,2021-07-02,2021-07-06,executed,266.45632758,16.5,0.02,0.01,16.5,0.0,0.0
fixed,NVDA,2021-07-02,2021-07-06,executed,20.65324046,18.0,0.02,0.01,13.5,0.0,4.5
reserve_fixed,NVDA,2021-07-02,2021-07-06,executed,20.65324046,13.5,0.01,0.01,13.5,0.0,0.0
fixed,AAPL,2021-07-02,2021-07-06,executed,136.48405492,15.0,0.01,0.01,11.25,0.0,3.75
reserve_fixed,AAPL,2021-07-02,2021-07-06,executed,136.48405492,11.25,0.01,0.01,11.25,0.0,0.0
fixed,ASML,2021-07-02,2021-07-06,executed,658.11063887,10.0,0.01,0.01,7.5,0.0,2.5
reserve_fixed,ASML,2021-07-02,2021-07-06,executed,658.11063887,7.5,0.01,0.0,7.5,0.0,0.0
fixed,KO,2021-07-02,2021-07-06,executed,46.3137363,5.0,0.01,0.0,3.75,0.0,1.25
reserve_fixed,KO,2021-07-02,2021-07-06,executed,46.3137363,3.75,0.0,0.0,3.75,0.0,0.0
dca_l2_v2,BYDDY,2021-07-02,2021-07-06,executed,9.20957849,23.69,0.02,0.01,22.5,1.19,0.0
dca_l2_v2,MSFT,2021-07-02,2021-07-06,executed,266.45632758,16.5,0.02,0.01,16.5,0.0,0.0
dca_l2_v2,NVDA,2021-07-02,2021-07-06,executed,20.65324046,13.5,0.01,0.01,13.5,0.0,0.0
dca_l2_v2,AAPL,2021-07-02,2021-07-06,executed,136.48405492,11.25,0.01,0.01,11.25,0.0,0.0
dca_l2_v2,ASML,2021-07-02,2021-07-06,executed,658.11063887,7.5,0.01,0.0,7.5,0.0,0.0
dca_l2_v2,KO,2021-07-02,2021-07-06,executed,46.3137363,3.75,0.0,0.0,3.75,0.0,0.0
fixed,BYDDY,2021-07-12,2021-07-13,executed,9.64085002,30.0,0.03,0.01,22.5,0.0,7.5
reserve_fixed,BYDDY,2021-07-12,2021-07-13,executed,9.64085002,22.5,0.02,0.01,22.5,0.0,0.0
fixed,MSFT,2021-07-12,2021-07-13,executed,265.96748028,22.0,0.02,0.01,16.5,0.0,5.5
reserve_fixed,MSFT,2021-07-12,2021-07-13,executed,265.96748028,16.5,0.02,0.01,16.5,0.0,0.0
fixed,NVDA,2021-07-12,2021-07-13,executed,20.31760673,18.0,0.02,0.01,13.5,0.0,4.5
reserve_fixed,NVDA,2021-07-12,2021-07-13,executed,20.31760673,13.5,0.01,0.01,13.5,0.0,0.0
fixed,AAPL,2021-07-12,2021-07-13,executed,140.34266827,15.0,0.01,0.01,11.25,0.0,3.75
reserve_fixed,AAPL,2021-07-12,2021-07-13,executed,140.34266827,11.25,0.01,0.01,11.25,0.0,0.0
fixed,ASML,2021-07-12,2021-07-13,executed,674.15666588,10.0,0.01,0.01,7.5,0.0,2.5
reserve_fixed,ASML,2021-07-12,2021-07-13,executed,674.15666588,7.5,0.01,0.0,7.5,0.0,0.0
fixed,KO,2021-07-12,2021-07-13,executed,47.13724985,5.0,0.01,0.0,3.75,0.0,1.25
reserve_fixed,KO,2021-07-12,2021-07-13,executed,47.13724985,3.75,0.0,0.0,3.75,0.0,0.0
dca_l2_v2,BYDDY,2021-07-12,2021-07-13,executed,9.64085002,22.5,0.02,0.01,22.5,0.0,0.0
dca_l2_v2,MSFT,2021-07-12,2021-07-13,executed,265.96748028,16.5,0.02,0.01,16.5,0.0,0.0
dca_l2_v2,NVDA,2021-07-12,2021-07-13,executed,20.31760673,13.5,0.01,0.01,13.5,0.0,0.0
dca_l2_v2,AAPL,2021-07-12,2021-07-13,executed,140.34266827,11.25,0.01,0.01,11.25,0.0,0.0
dca_l2_v2,ASML,2021-07-12,2021-07-13,executed,674.15666588,7.5,0.01,0.0,7.5,0.0,0.0
dca_l2_v2,KO,2021-07-12,2021-07-13,executed,47.13724985,3.75,0.0,0.0,3.75,0.0,0.0
fixed,BYDDY,2021-07-19,2021-07-20,executed,8.53692333,30.0,0.03,0.01,22.5,0.0,7.5
reserve_fixed,BYDDY,2021-07-19,2021-07-20,executed,8.53692333,22.5,0.02,0.01,22.5,0.0,0.0
fixed,MSFT,2021-07-19,2021-07-20,executed,266.45627856,22.0,0.02,0.01,16.5,0.0,5.5
reserve_fixed,MSFT,2021-07-19,2021-07-20,executed,266.45627856,16.5,0.02,0.01,16.5,0.0,0.0
fixed,NVDA,2021-07-19,2021-07-20,executed,18.65389729,18.0,0.02,0.01,13.5,0.0,4.5
reserve_fixed,NVDA,2021-07-19,2021-07-20,executed,18.65389729,13.5,0.01,0.01,13.5,0.0,0.0
fixed,AAPL,2021-07-19,2021-07-20,executed,139.78728271,15.0,0.01,0.01,11.25,0.0,3.75
reserve_fixed,AAPL,2021-07-19,2021-07-20,executed,139.78728271,11.25,0.01,0.01,11.25,0.0,0.0
fixed,ASML,2021-07-19,2021-07-20,executed,646.10220466,10.0,0.01,0.01,7.5,0.0,2.5
reserve_fixed,ASML,2021-07-19,2021-07-20,executed,646.10220466,7.5,0.01,0.0,7.5,0.0,0.0
fixed,KO,2021-07-19,2021-07-20,executed,47.80634423,5.0,0.01,0.0,3.75,0.0,1.25
reserve_fixed,KO,2021-07-19,2021-07-20,executed,47.80634423,3.75,0.0,0.0,3.75,0.0,0.0
dca_l2_v2,BYDDY,2021-07-19,2021-07-20,executed,8.53692333,26.3,0.03,0.01,22.5,3.8,0.0
dca_l2_v2,MSFT,2021-07-19,2021-07-20,executed,266.45627856,16.5,0.02,0.01,16.5,0.0,0.0
dca_l2_v2,NVDA,2021-07-19,2021-07-20,executed,18.65389729,14.94,0.01,0.01,13.5,1.44,0.0
dca_l2_v2,AAPL,2021-07-19,2021-07-20,executed,139.78728271,11.25,0.01,0.01,11.25,0.0,0.0
dca_l2_v2,ASML,2021-07-19,2021-07-20,executed,646.10220466,7.5,0.01,0.0,7.5,0.0,0.0
dca_l2_v2,KO,2021-07-19,2021-07-20,executed,47.80634423,3.75,0.0,0.0,3.75,0.0,0.0
fixed,BYDDY,2021-07-26,2021-07-27,executed,8.4500259,30.0,0.03,0.01,22.5,0.0,7.5
reserve_fixed,BYDDY,2021-07-26,2021-07-27,executed,8.4500259,22.5,0.02,0.01,22.5,0.0,0.0
fixed,MSFT,2021-07-26,2021-07-27,executed,277.38174156,22.0,0.02,0.01,16.5,0.0,5.5
reserve_fixed,MSFT,2021-07-26,2021-07-27,executed,277.38174156,16.5,0.02,0.01,16.5,0.0,0.0
fixed,NVDA,2021-07-26,2021-07-27,executed,19.18672357,18.0,0.02,0.01,13.5,0.0,4.5
reserve_fixed,NVDA,2021-07-26,2021-07-27,executed,19.18672357,13.5,0.01,0.01,13.5,0.0,0.0
fixed,AAPL,2021-07-26,2021-07-27,executed,145.30236988,15.0,0.01,0.01,11.25,0.0,3.75
reserve_fixed,AAPL,2021-07-26,2021-07-27,executed,145.30236988,11.25,0.01,0.01,11.25,0.0,0.0
fixed,ASML,2021-07-26,2021-07-27,executed,717.03549258,10.0,0.01,0.01,7.5,0.0,2.5
reserve_fixed,ASML,2021-07-26,2021-07-27,executed,717.03549258,7.5,0.01,0.0,7.5,0.0,0.0
fixed,KO,2021-07-26,2021-07-27,executed,48.99014883,4.6,0.0,0.0,3.75,0.0,1.25
reserve_fixed,KO,2021-07-26,2021-07-27,executed,48.99014883,3.75,0.0,0.0,3.75,0.0,0.0
dca_l2_v2,BYDDY,2021-07-26,2021-07-27,executed,8.4500259,20.57,0.02,0.01,20.57,0.0,0.0
dca_l2_v2,MSFT,2021-07-26,2021-07-27,executed,277.38174156,15.09,0.02,0.01,15.09,0.0,0.0
dca_l2_v2,NVDA,2021-07-26,2021-07-27,executed,19.18672357,12.34,0.01,0.01,12.34,0.0,0.0
dca_l2_v2,AAPL,2021-07-26,2021-07-27,executed,145.30236988,10.29,0.01,0.01,10.29,0.0,0.0
dca_l2_v2,ASML,2021-07-26,2021-07-27,executed,717.03549258,6.86,0.01,0.0,6.86,0.0,0.0
dca_l2_v2,KO,2021-07-26,2021-07-27,executed,48.99014883,3.43,0.0,0.0,3.43,0.0,0.0
fixed,BYDDY,2021-08-02,2021-08-03,executed,10.61925698,24.0,0.02,0.01,18.0,0.0,6.0
reserve_fixed,BYDDY,2021-08-02,2021-08-03,executed,10.61925698,18.0,0.02,0.01,18.0,0.0,0.0
fixed,MSFT,2021-08-02,2021-08-03,executed,273.53863397,17.6,0.02,0.01,13.2,0.0,4.4
reserve_fixed,MSFT,2021-08-02,2021-08-03,executed,273.53863397,13.2,0.01,0.01,13.2,0.0,0.0
fixed,NVDA,2021-08-02,2021-08-03,executed,19.65979499,14.4,0.01,0.01,10.8,0.0,3.6
reserve_fixed,NVDA,2021-08-02,2021-08-03,executed,19.65979499,10.8,0.01,0.01,10.8,0.0,0.0
fixed,AAPL,2021-08-02,2021-08-03,executed,142.07704702,12.0,0.01,0.01,9.0,0.0,3.0
reserve_fixed,AAPL,2021-08-02,2021-08-03,executed,142.07704702,9.0,0.01,0.0,9.0,0.0,0.0
fixed,ASML,2021-08-02,2021-08-03,executed,735.51564704,8.0,0.01,0.0,6.0,0.0,2.0
reserve_fixed,ASML,2021-08-02,2021-08-03,executed,735.51564704,6.0,0.01,0.0,6.0,0.0,0.0
fixed,KO,2021-08-02,2021-08-03,executed,48.89577467,4.0,0.0,0.0,3.0,0.0,1.0
reserve_fixed,KO,2021-08-02,2021-08-03,executed,48.89577467,3.0,0.0,0.0,3.0,0.0,0.0
dca_l2_v2,BYDDY,2021-08-02,2021-08-03,executed,10.61925698,18.0,0.02,0.01,18.0,0.0,0.0
dca_l2_v2,MSFT,2021-08-02,2021-08-03,executed,273.53863397,13.2,0.01,0.01,13.2,0.0,0.0
dca_l2_v2,NVDA,2021-08-02,2021-08-03,executed,19.65979499,10.8,0.01,0.01,10.8,0.0,0.0
dca_l2_v2,AAPL,2021-08-02,2021-08-03,executed,142.07704702,9.0,0.01,0.0,9.0,0.0,0.0
dca_l2_v2,ASML,2021-08-02,2021-08-03,executed,735.51564704,6.0,0.01,0.0,6.0,0.0,0.0
dca_l2_v2,KO,2021-08-02,2021-08-03,executed,48.89577467,3.0,0.0,0.0,3.0,0.0,0.0
fixed,BYDDY,2021-08-09,2021-08-10,executed,11.10685165,24.0,0.02,0.01,18.0,0.0,6.0
reserve_fixed,BYDDY,2021-08-09,2021-08-10,executed,11.10685165,18.0,0.02,0.01,18.0,0.0,0.0
fixed,MSFT,2021-08-09,2021-08-10,executed,276.77796282,17.6,0.02,0.01,13.2,0.0,4.4
reserve_fixed,MSFT,2021-08-09,2021-08-10,executed,276.77796282,13.2,0.01,0.01,13.2,0.0,0.0
fixed,NVDA,2021-08-09,2021-08-10,executed,20.23942966,14.4,0.01,0.01,10.8,0.0,3.6
reserve_fixed,NVDA,2021-08-09,2021-08-10,executed,20.23942966,10.8,0.01,0.01,10.8,0.0,0.0
fixed,AAPL,2021-08-09,2021-08-10,executed,142.90474767,12.0,0.01,0.01,9.0,0.0,3.0
reserve_fixed,AAPL,2021-08-09,2021-08-10,executed,142.90474767,9.0,0.01,0.0,9.0,0.0,0.0
fixed,ASML,2021-08-09,2021-08-10,executed,759.43697873,8.0,0.01,0.0,6.0,0.0,2.0
reserve_fixed,ASML,2021-08-09,2021-08-10,executed,759.43697873,6.0,0.01,0.0,6.0,0.0,0.0
fixed,KO,2021-08-09,2021-08-10,executed,48.75851908,4.0,0.0,0.0,3.0,0.0,1.0
reserve_fixed,KO,2021-08-09,2021-08-10,executed,48.75851908,3.0,0.0,0.0,3.0,0.0,0.0
dca_l2_v2,BYDDY,2021-08-09,2021-08-10,executed,11.10685165,18.0,0.02,0.01,18.0,0.0,0.0
dca_l2_v2,MSFT,2021-08-09,2021-08-10,executed,276.77796282,13.2,0.01,0.01,13.2,0.0,0.0
dca_l2_v2,NVDA,2021-08-09,2021-08-10,executed,20.23942966,10.8,0.01,0.01,10.8,0.0,0.0
dca_l2_v2,AAPL,2021-08-09,2021-08-10,executed,142.90474767,9.0,0.01,0.0,9.0,0.0,0.0
dca_l2_v2,ASML,2021-08-09,2021-08-10,executed,759.43697873,6.0,0.01,0.0,6.0,0.0,0.0
dca_l2_v2,KO,2021-08-09,2021-08-10,executed,48.75851908,3.0,0.0,0.0,3.0,0.0,0.0
fixed,BYDDY,2021-08-16,2021-08-17,executed,10.3247688,24.0,0.02,0.01,18.0,0.0,6.0
reserve_fixed,BYDDY,2021-08-16,2021-08-17,executed,10.3247688,18.0,0.02,0.01,18.0,0.0,0.0
fixed,MSFT,2021-08-16,2021-08-17,executed,280.21856026,17.6,0.02,0.01,13.2,0.0,4.4
reserve_fixed,MSFT,2021-08-16,2021-08-17,executed,280.21856026,13.2,0.01,0.01,13.2,0.0,0.0
fixed,NVDA,2021-08-16,2021-08-17,executed,19.60501461,14.4,0.01,0.01,10.8,0.0,3.6
reserve_fixed,NVDA,2021-08-16,2021-08-17,executed,19.60501461,10.8,0.01,0.01,10.8,0.0,0.0
fixed,AAPL,2021-08-16,2021-08-17,executed,146.603271,12.0,0.01,0.01,9.0,0.0,3.0
reserve_fixed,AAPL,2021-08-16,2021-08-17,executed,146.603271,9.0,0.01,0.0,9.0,0.0,0.0
fixed,ASML,2021-08-16,2021-08-17,executed,746.23528718,8.0,0.01,0.0,6.0,0.0,2.0
reserve_fixed,ASML,2021-08-16,2021-08-17,executed,746.23528718,6.0,0.01,0.0,6.0,0.0,0.0
fixed,KO,2021-08-16,2021-08-17,executed,49.29037187,4.0,0.0,0.0,3.0,0.0,1.0
reserve_fixed,KO,2021-08-16,2021-08-17,executed,49.29037187,3.0,0.0,0.0,3.0,0.0,0.0
dca_l2_v2,BYDDY,2021-08-16,2021-08-17,executed,10.3247688,20.28,0.02,0.01,18.0,2.28,0.0
dca_l2_v2,MSFT,2021-08-16,2021-08-17,executed,280.21856026,13.2,0.01,0.01,13.2,0.0,0.0
dca_l2_v2,NVDA,2021-08-16,2021-08-17,executed,19.60501461,10.8,0.01,0.01,10.8,0.0,0.0
dca_l2_v2,AAPL,2021-08-16,2021-08-17,executed,146.603271,9.0,0.01,0.0,9.0,0.0,0.0
dca_l2_v2,ASML,2021-08-16,2021-08-17,executed,746.23528718,6.0,0.01,0.0,6.0,0.0,0.0
dca_l2_v2,KO,2021-08-16,2021-08-17,executed,49.29037187,3.0,0.0,0.0,3.0,0.0,0.0
fixed,BYDDY,2021-08-23,2021-08-24,executed,11.05857452,24.0,0.02,0.01,18.0,0.0,6.0
reserve_fixed,BYDDY,2021-08-23,2021-08-24,executed,11.05857452,18.0,0.02,0.01,18.0,0.0,0.0
fixed,MSFT,2021-08-23,2021-08-24,executed,292.88241702,17.6,0.02,0.01,13.2,0.0,4.4
reserve_fixed,MSFT,2021-08-23,2021-08-24,executed,292.88241702,13.2,0.01,0.01,13.2,0.0,0.0
fixed,NVDA,2021-08-23,2021-08-24,executed,21.66461589,14.4,0.01,0.01,10.8,0.0,3.6
reserve_fixed,NVDA,2021-08-23,2021-08-24,executed,21.66461589,10.8,0.01,0.01,10.8,0.0,0.0
fixed,AAPL,2021-08-23,2021-08-24,executed,145.8420866,12.0,0.01,0.01,9.0,0.0,3.0
reserve_fixed,AAPL,2021-08-23,2021-08-24,executed,145.8420866,9.0,0.01,0.0,9.0,0.0,0.0
fixed,ASML,2021-08-23,2021-08-24,executed,769.46952549,8.0,0.01,0.0,6.0,0.0,2.0
reserve_fixed,ASML,2021-08-23,2021-08-24,executed,769.46952549,6.0,0.01,0.0,6.0,0.0,0.0
fixed,KO,2021-08-23,2021-08-24,executed,48.58696134,4.0,0.0,0.0,3.0,0.0,1.0
reserve_fixed,KO,2021-08-23,2021-08-24,executed,48.58696134,3.0,0.0,0.0,3.0,0.0,0.0
dca_l2_v2,BYDDY,2021-08-23,2021-08-24,executed,11.05857452,18.0,0.02,0.01,18.0,0.0,0.0
dca_l2_v2,MSFT,2021-08-23,2021-08-24,executed,292.88241702,13.2,0.01,0.01,13.2,0.0,0.0
dca_l2_v2,NVDA,2021-08-23,2021-08-24,executed,21.66461589,10.8,0.01,0.01,10.8,0.0,0.0
dca_l2_v2,AAPL,2021-08-23,2021-08-24,executed,145.8420866,9.0,0.01,0.0,9.0,0.0,0.0
dca_l2_v2,ASML,2021-08-23,2021-08-24,executed,769.46952549,6.0,0.01,0.0,6.0,0.0,0.0
dca_l2_v2,KO,2021-08-23,2021-08-24,executed,48.58696134,3.0,0.0,0.0,3.0,0.0,0.0
fixed,BYDDY,2021-08-30,2021-08-31,executed,10.75925894,24.0,0.02,0.01,18.0,0.0,6.0
reserve_fixed,BYDDY,2021-08-30,2021-08-31,executed,10.75925894,18.0,0.02,0.01,18.0,0.0,0.0
fixed,MSFT,2021-08-30,2021-08-31,executed,292.30629911,17.6,0.02,0.01,13.2,0.0,4.4
reserve_fixed,MSFT,2021-08-30,2021-08-31,executed,292.30629911,13.2,0.01,0.01,13.2,0.0,0.0
fixed,NVDA,2021-08-30,2021-08-31,executed,22.60677274,14.4,0.01,0.01,10.8,0.0,3.6
reserve_fixed,NVDA,2021-08-30,2021-08-31,executed,22.60677274,10.8,0.01,0.01,10.8,0.0,0.0
fixed,AAPL,2021-08-30,2021-08-31,executed,148.97463209,12.0,0.01,0.01,9.0,0.0,3.0
reserve_fixed,AAPL,2021-08-30,2021-08-31,executed,148.97463209,9.0,0.01,0.0,9.0,0.0,0.0
fixed,ASML,2021-08-30,2021-08-31,executed,805.43717933,8.0,0.01,0.0,6.0,0.0,2.0
reserve_fixed,ASML,2021-08-30,2021-08-31,executed,805.43717933,6.0,0.01,0.0,6.0,0.0,0.0
fixed,KO,2021-08-30,2021-08-31,executed,48.17520456,3.6,0.0,0.0,3.0,0.0,1.0
reserve_fixed,KO,2021-08-30,2021-08-31,executed,48.17520456,3.0,0.0,0.0,3.0,0.0,0.0
dca_l2_v2,BYDDY,2021-08-30,2021-08-31,executed,10.75925894,17.32,0.02,0.01,17.32,0.0,0.0
dca_l2_v2,MSFT,2021-08-30,2021-08-31,executed,292.30629911,12.7,0.01,0.01,12.7,0.0,0.0
dca_l2_v2,NVDA,2021-08-30,2021-08-31,executed,22.60677274,10.39,0.01,0.01,10.39,0.0,0.0
dca_l2_v2,AAPL,2021-08-30,2021-08-31,executed,148.97463209,8.66,0.01,0.0,8.66,0.0,0.0
dca_l2_v2,ASML,2021-08-30,2021-08-31,executed,805.43717933,5.77,0.01,0.0,5.77,0.0,0.0
dca_l2_v2,KO,2021-08-30,2021-08-31,executed,48.17520456,2.89,0.0,0.0,2.89,0.0,0.0
fixed,BYDDY,2021-09-03,2021-09-07,executed,11.20662351,30.0,0.03,0.01,22.5,0.0,7.5
reserve_fixed,BYDDY,2021-09-03,2021-09-07,executed,11.20662351,22.5,0.02,0.01,22.5,0.0,0.0
fixed,MSFT,2021-09-03,2021-09-07,executed,289.03191474,22.0,0.02,0.01,16.5,0.0,5.5
reserve_fixed,MSFT,2021-09-03,2021-09-07,executed,289.03191474,16.5,0.02,0.01,16.5,0.0,0.0
fixed,NVDA,2021-09-03,2021-09-07,executed,22.74423643,18.0,0.02,0.01,13.5,0.0,4.5
reserve_fixed,NVDA,2021-09-03,2021-09-07,executed,22.74423643,13.5,0.01,0.01,13.5,0.0,0.0
fixed,AAPL,2021-09-03,2021-09-07,executed,151.22886965,15.0,0.01,0.01,11.25,0.0,3.75
reserve_fixed,AAPL,2021-09-03,2021-09-07,executed,151.22886965,11.25,0.01,0.01,11.25,0.0,0.0
fixed,ASML,2021-09-03,2021-09-07,executed,825.96952938,10.0,0.01,0.01,7.5,0.0,2.5
reserve_fixed,ASML,2021-09-03,2021-09-07,executed,825.96952938,7.5,0.01,0.0,7.5,0.0,0.0
fixed,KO,2021-09-03,2021-09-07,executed,48.55264519,5.0,0.01,0.0,3.75,0.0,1.25
reserve_fixed,KO,2021-09-03,2021-09-07,executed,48.55264519,3.75,0.0,0.0,3.75,0.0,0.0
dca_l2_v2,BYDDY,2021-09-03,2021-09-07,executed,11.20662351,24.5,0.02,0.01,22.5,2.0,0.0
dca_l2_v2,MSFT,2021-09-03,2021-09-07,executed,289.03191474,16.5,0.02,0.01,16.5,0.0,0.0
dca_l2_v2,NVDA,2021-09-03,2021-09-07,executed,22.74423643,13.5,0.01,0.01,13.5,0.0,0.0
dca_l2_v2,AAPL,2021-09-03,2021-09-07,executed,151.22886965,11.25,0.01,0.01,11.25,0.0,0.0
dca_l2_v2,ASML,2021-09-03,2021-09-07,executed,825.96952938,7.5,0.01,0.0,7.5,0.0,0.0
dca_l2_v2,KO,2021-09-03,2021-09-07,executed,48.55264519,3.75,0.0,0.0,3.75,0.0,0.0
fixed,BYDDY,2021-09-13,2021-09-14,executed,10.79305383,30.0,0.03,0.01,22.5,0.0,7.5
reserve_fixed,BYDDY,2021-09-13,2021-09-14,executed,10.79305383,22.5,0.02,0.01,22.5,0.0,0.0
fixed,MSFT,2021-09-13,2021-09-14,executed,287.63964395,22.0,0.02,0.01,16.5,0.0,5.5
reserve_fixed,MSFT,2021-09-13,2021-09-14,executed,287.63964395,16.5,0.02,0.01,16.5,0.0,0.0
fixed,NVDA,2021-09-13,2021-09-14,executed,22.18840566,18.0,0.02,0.01,13.5,0.0,4.5
reserve_fixed,NVDA,2021-09-13,2021-09-14,executed,22.18840566,13.5,0.01,0.01,13.5,0.0,0.0
fixed,AAPL,2021-09-13,2021-09-14,executed,146.72039654,15.0,0.01,0.01,11.25,0.0,3.75
reserve_fixed,AAPL,2021-09-13,2021-09-14,executed,146.72039654,11.25,0.01,0.01,11.25,0.0,0.0
fixed,ASML,2021-09-13,2021-09-14,executed,843.65754496,10.0,0.01,0.01,7.5,0.0,2.5
reserve_fixed,ASML,2021-09-13,2021-09-14,executed,843.65754496,7.5,0.01,0.0,7.5,0.0,0.0
fixed,KO,2021-09-13,2021-09-14,executed,48.3313586,5.0,0.01,0.0,3.75,0.0,1.25
reserve_fixed,KO,2021-09-13,2021-09-14,executed,48.3313586,3.75,0.0,0.0,3.75,0.0,0.0
dca_l2_v2,BYDDY,2021-09-13,2021-09-14,executed,10.79305383,24.11,0.02,0.01,22.5,1.61,0.0
dca_l2_v2,MSFT,2021-09-13,2021-09-14,executed,287.63964395,16.5,0.02,0.01,16.5,0.0,0.0
dca_l2_v2,NVDA,2021-09-13,2021-09-14,executed,22.18840566,13.5,0.01,0.01,13.5,0.0,0.0
dca_l2_v2,AAPL,2021-09-13,2021-09-14,executed,146.72039654,11.25,0.01,0.01,11.25,0.0,0.0
dca_l2_v2,ASML,2021-09-13,2021-09-14,executed,843.65754496,7.5,0.01,0.0,7.5,0.0,0.0
dca_l2_v2,KO,2021-09-13,2021-09-14,executed,48.3313586,3.75,0.0,0.0,3.75,0.0,0.0
fixed,BYDDY,2021-09-20,2021-09-21,executed,9.95303903,30.0,0.03,0.01,22.5,0.0,7.5
reserve_fixed,BYDDY,2021-09-20,2021-09-21,executed,9.95303903,22.5,0.02,0.01,22.5,0.0,0.0
fixed,MSFT,2021-09-20,2021-09-21,executed,283.92364388,22.0,0.02,0.01,16.5,0.0,5.5
reserve_fixed,MSFT,2021-09-20,2021-09-21,executed,283.92364388,16.5,0.02,0.01,16.5,0.0,0.0
fixed,NVDA,2021-09-20,2021-09-21,executed,21.33374354,18.0,0.02,0.01,13.5,0.0,4.5
reserve_fixed,NVDA,2021-09-20,2021-09-21,executed,21.33374354,13.5,0.01,0.01,13.5,0.0,0.0
fixed,AAPL,2021-09-20,2021-09-21,executed,140.45536959,15.0,0.01,0.01,11.25,0.0,3.75
reserve_fixed,AAPL,2021-09-20,2021-09-21,executed,140.45536959,11.25,0.01,0.01,11.25,0.0,0.0
fixed,ASML,2021-09-20,2021-09-21,executed,820.91990883,10.0,0.01,0.01,7.5,0.0,2.5
reserve_fixed,ASML,2021-09-20,2021-09-21,executed,820.91990883,7.5,0.01,0.0,7.5,0.0,0.0
fixed,KO,2021-09-20,2021-09-21,executed,47.00899375,5.0,0.01,0.0,3.75,0.0,1.25
reserve_fixed,KO,2021-09-20,2021-09-21,executed,47.00899375,3.75,0.0,0.0,3.75,0.0,0.0
dca_l2_v2,BYDDY,2021-09-20,2021-09-21,executed,9.95303903,11.25,0.01,0.01,11.25,0.0,0.0
dca_l2_v2,MSFT,2021-09-20,2021-09-21,executed,283.92364388,8.25,0.01,0.0,8.25,0.0,0.0
dca_l2_v2,NVDA,2021-09-20,2021-09-21,executed,21.33374354,6.75,0.01,0.0,6.75,0.0,0.0
dca_l2_v2,AAPL,2021-09-20,2021-09-21,executed,140.45536959,5.63,0.01,0.0,5.63,0.0,0.0
dca_l2_v2,ASML,2021-09-20,2021-09-21,executed,820.91990883,3.75,0.0,0.0,3.75,0.0,0.0
dca_l2_v2,KO,2021-09-20,2021-09-21,executed,47.00899375,1.88,0.0,0.0,1.88,0.0,0.0
fixed,BYDDY,2021-09-27,2021-09-28,executed,9.91441773,30.0,0.03,0.01,22.5,0.0,7.5
reserve_fixed,BYDDY,2021-09-27,2021-09-28,executed,9.91441773,22.5,0.02,0.01,22.5,0.0,0.0
fixed,MSFT,2021-09-27,2021-09-28,executed,278.26801848,22.0,0.02,0.01,16.5,0.0,5.5
reserve_fixed,MSFT,2021-09-27,2021-09-28,executed,278.26801848,16.5,0.02,0.01,16.5,0.0,0.0
fixed,NVDA,2021-09-27,2021-09-28,executed,21.13153249,18.0,0.02,0.01,13.5,0.0,4.5
reserve_fixed,NVDA,2021-09-27,2021-09-28,executed,21.13153249,13.5,0.01,0.01,13.5,0.0,0.0
fixed,AAPL,2021-09-27,2021-09-28,executed,139.79177196,15.0,0.01,0.01,11.25,0.0,3.75
reserve_fixed,AAPL,2021-09-27,2021-09-28,executed,139.79177196,11.25,0.01,0.01,11.25,0.0,0.0
fixed,ASML,2021-09-27,2021-09-28,executed,758.72104194,10.0,0.01,0.01,7.5,0.0,2.5
reserve_fixed,ASML,2021-09-27,2021-09-28,executed,758.72104194,7.5,0.01,0.0,7.5,0.0,0.0
fixed,KO,2021-09-27,2021-09-28,executed,46.20520606,4.6,0.0,0.0,3.75,0.0,1.25
reserve_fixed,KO,2021-09-27,2021-09-28,executed,46.20520606,3.75,0.0,0.0,3.75,0.0,0.0
dca_l2_v2,BYDDY,2021-09-27,2021-09-28,executed,9.91441773,11.25,0.01,0.01,11.25,0.0,0.0
dca_l2_v2,MSFT,2021-09-27,2021-09-28,executed,278.26801848,8.25,0.01,0.0,8.25,0.0,0.0
dca_l2_v2,NVDA,2021-09-27,2021-09-28,executed,21.13153249,6.75,0.01,0.0,6.75,0.0,0.0
dca_l2_v2,AAPL,2021-09-27,2021-09-28,executed,139.79177196,5.63,0.01,0.0,5.63,0.0,0.0
dca_l2_v2,ASML,2021-09-27,2021-09-28,executed,758.72104194,3.75,0.0,0.0,3.75,0.0,0.0
dca_l2_v2,KO,2021-09-27,2021-09-28,executed,46.20520606,1.88,0.0,0.0,1.88,0.0,0.0
fixed,BYDDY,2021-10-04,2021-10-05,executed,10.17833062,30.0,0.03,0.01,22.5,0.0,7.5
reserve_fixed,BYDDY,2021-10-04,2021-10-05,executed,10.17833062,22.5,0.02,0.01,22.5,0.0,0.0
fixed,MSFT,2021-10-04,2021-10-05,executed,272.74676823,22.0,0.02,0.01,16.5,0.0,5.5
reserve_fixed,MSFT,2021-10-04,2021-10-05,executed,272.74676823,16.5,0.02,0.01,16.5,0.0,0.0
fixed,NVDA,2021-10-04,2021-10-05,executed,19.87244726,18.0,0.02,0.01,13.5,0.0,4.5
reserve_fixed,NVDA,2021-10-04,2021-10-05,executed,19.87244726,13.5,0.01,0.01,13.5,0.0,0.0
fixed,AAPL,2021-10-04,2021-10-05,executed,136.12252925,15.0,0.01,0.01,11.25,0.0,3.75
reserve_fixed,AAPL,2021-10-04,2021-10-05,executed,136.12252925,11.25,0.01,0.01,11.25,0.0,0.0
fixed,ASML,2021-10-04,2021-10-05,executed,692.09280947,10.0,0.01,0.01,7.5,0.0,2.5
reserve_fixed,ASML,2021-10-04,2021-10-05,executed,692.09280947,7.5,0.01,0.0,7.5,0.0,0.0
fixed,KO,2021-10-04,2021-10-05,executed,45.824908,5.0,0.01,0.0,3.75,0.0,1.25
reserve_fixed,KO,2021-10-04,2021-10-05,executed,45.824908,3.75,0.0,0.0,3.75,0.0,0.0
dca_l2_v2,BYDDY,2021-10-04,2021-10-05,executed,10.17833062,11.25,0.01,0.01,11.25,0.0,0.0
dca_l2_v2,MSFT,2021-10-04,2021-10-05,executed,272.74676823,8.25,0.01,0.0,8.25,0.0,0.0
dca_l2_v2,NVDA,2021-10-04,2021-10-05,executed,19.87244726,6.75,0.01,0.0,6.75,0.0,0.0
dca_l2_v2,AAPL,2021-10-04,2021-10-05,executed,136.12252925,5.63,0.01,0.0,5.63,0.0,0.0
dca_l2_v2,ASML,2021-10-04,2021-10-05,executed,692.09280947,3.75,0.0,0.0,3.75,0.0,0.0
dca_l2_v2,KO,2021-10-04,2021-10-05,executed,45.824908,1.88,0.0,0.0,1.88,0.0,0.0
fixed,BYDDY,2021-10-11,2021-10-12,executed,10.62086678,30.0,0.03,0.01,22.5,0.0,7.5
reserve_fixed,BYDDY,2021-10-11,2021-10-12,executed,10.62086678,22.5,0.02,0.01,22.5,0.0,0.0
fixed,MSFT,2021-10-11,2021-10-12,executed,283.58754391,22.0,0.02,0.01,16.5,0.0,5.5
reserve_fixed,MSFT,2021-10-11,2021-10-12,executed,283.58754391,16.5,0.02,0.01,16.5,0.0,0.0
fixed,NVDA,2021-10-11,2021-10-12,executed,20.74703033,18.0,0.02,0.01,13.5,0.0,4.5
reserve_fixed,NVDA,2021-10-11,2021-10-12,executed,20.74703033,13.5,0.01,0.01,13.5,0.0,0.0
fixed,AAPL,2021-10-11,2021-10-12,executed,139.77224019,15.0,0.01,0.01,11.25,0.0,3.75
reserve_fixed,AAPL,2021-10-11,2021-10-12,executed,139.77224019,11.25,0.01,0.01,11.25,0.0,0.0
fixed,ASML,2021-10-11,2021-10-12,executed,700.64553069,10.0,0.01,0.01,7.5,0.0,2.5
reserve_fixed,ASML,2021-10-11,2021-10-12,executed,700.64553069,7.5,0.01,0.0,7.5,0.0,0.0
fixed,KO,2021-10-11,2021-10-12,executed,47.03492871,5.0,0.01,0.0,3.75,0.0,1.25
reserve_fixed,KO,2021-10-11,2021-10-12,executed,47.03492871,3.75,0.0,0.0,3.75,0.0,0.0
dca_l2_v2,BYDDY,2021-10-11,2021-10-12,executed,10.62086678,11.25,0.01,0.01,11.25,0.0,0.0
dca_l2_v2,MSFT,2021-10-11,2021-10-12,executed,283.58754391,8.25,0.01,0.0,8.25,0.0,0.0
dca_l2_v2,NVDA,2021-10-11,2021-10-12,executed,20.74703033,6.75,0.01,0.0,6.75,0.0,0.0
dca_l2_v2,AAPL,2021-10-11,2021-10-12,executed,139.77224019,5.63,0.01,0.0,5.63,0.0,0.0
dca_l2_v2,ASML,2021-10-11,2021-10-12,executed,700.64553069,3.75,0.0,0.0,3.75,0.0,0.0
dca_l2_v2,KO,2021-10-11,2021-10-12,executed,47.03492871,1.88,0.0,0.0,1.88,0.0,0.0
fixed,BYDDY,2021-10-18,2021-10-19,executed,11.64433126,30.0,0.03,0.01,22.5,0.0,7.5
reserve_fixed,BYDDY,2021-10-18,2021-10-19,executed,11.64433126,22.5,0.02,0.01,22.5,0.0,0.0
fixed,MSFT,2021-10-18,2021-10-19,executed,296.07987095,22.0,0.02,0.01,16.5,0.0,5.5
reserve_fixed,MSFT,2021-10-18,2021-10-19,executed,296.07987095,16.5,0.02,0.01,16.5,0.0,0.0
fixed,NVDA,2021-10-18,2021-10-19,executed,22.18940416,18.0,0.02,0.01,13.5,0.0,4.5
reserve_fixed,NVDA,2021-10-18,2021-10-19,executed,22.18940416,13.5,0.01,0.01,13.5,0.0,0.0
fixed,AAPL,2021-10-18,2021-10-19,executed,143.46100165,15.0,0.01,0.01,11.25,0.0,3.75
reserve_fixed,AAPL,2021-10-18,2021-10-19,executed,143.46100165,11.25,0.01,0.01,11.25,0.0,0.0
fixed,ASML,2021-10-18,2021-10-19,executed,752.36365583,10.0,0.01,0.01,7.5,0.0,2.5
reserve_fixed,ASML,2021-10-18,2021-10-19,executed,752.36365583,7.5,0.01,0.0,7.5,0.0,0.0
fixed,KO,2021-10-18,2021-10-19,executed,46.70649558,5.0,0.01,0.0,3.75,0.0,1.25
reserve_fixed,KO,2021-10-18,2021-10-19,executed,46.70649558,3.75,0.0,0.0,3.75,0.0,0.0
dca_l2_v2,BYDDY,2021-10-18,2021-10-19,executed,11.64433126,11.25,0.01,0.01,11.25,0.0,0.0
dca_l2_v2,MSFT,2021-10-18,2021-10-19,executed,296.07987095,8.25,0.01,0.0,8.25,0.0,0.0
dca_l2_v2,NVDA,2021-10-18,2021-10-19,executed,22.18940416,6.75,0.01,0.0,6.75,0.0,0.0
dca_l2_v2,AAPL,2021-10-18,2021-10-19,executed,143.46100165,5.63,0.01,0.0,5.63,0.0,0.0
dca_l2_v2,ASML,2021-10-18,2021-10-19,executed,752.36365583,3.75,0.0,0.0,3.75,0.0,0.0
dca_l2_v2,KO,2021-10-18,2021-10-19,executed,46.70649558,1.88,0.0,0.0,1.88,0.0,0.0
fixed,BYDDY,2021-10-25,2021-10-26,executed,13.03148148,30.0,0.03,0.01,22.5,0.0,7.5
reserve_fixed,BYDDY,2021-10-25,2021-10-26,executed,13.03148148,22.5,0.02,0.01,22.5,0.0,0.0
fixed,MSFT,2021-10-25,2021-10-26,executed,298.6244416,22.0,0.02,0.01,16.5,0.0,5.5
reserve_fixed,MSFT,2021-10-25,2021-10-26,executed,298.6244416,16.5,0.02,0.01,16.5,0.0,0.0
fixed,NVDA,2021-10-25,2021-10-26,executed,23.8957439,18.0,0.02,0.01,13.5,0.0,4.5
reserve_fixed,NVDA,2021-10-25,2021-10-26,executed,23.8957439,13.5,0.01,0.01,13.5,0.0,0.0
fixed,AAPL,2021-10-25,2021-10-26,executed,145.72501509,15.0,0.01,0.01,11.25,0.0,3.75
reserve_fixed,AAPL,2021-10-25,2021-10-26,executed,145.72501509,11.25,0.01,0.01,11.25,0.0,0.0
fixed,ASML,2021-10-25,2021-10-26,executed,760.21020114,10.0,0.01,0.01,7.5,0.0,2.5
reserve_fixed,ASML,2021-10-25,2021-10-26,executed,760.21020114,7.5,0.01,0.0,7.5,0.0,0.0
fixed,KO,2021-10-25,2021-10-26,executed,46.94849251,4.6,0.0,0.0,3.75,0.0,1.25
reserve_fixed,KO,2021-10-25,2021-10-26,executed,46.94849251,3.75,0.0,0.0,3.75,0.0,0.0
dca_l2_v2,BYDDY,2021-10-25,2021-10-26,executed,13.03148148,22.5,0.02,0.01,22.5,0.0,0.0
dca_l2_v2,MSFT,2021-10-25,2021-10-26,executed,298.6244416,16.5,0.02,0.01,16.5,0.0,0.0
dca_l2_v2,NVDA,2021-10-25,2021-10-26,executed,23.8957439,13.5,0.01,0.01,13.5,0.0,0.0
dca_l2_v2,AAPL,2021-10-25,2021-10-26,executed,145.72501509,11.29,0.01,0.01,11.25,0.04,0.0
dca_l2_v2,ASML,2021-10-25,2021-10-26,executed,760.21020114,8.56,0.01,0.0,7.5,1.06,0.0
dca_l2_v2,KO,2021-10-25,2021-10-26,executed,46.94849251,3.75,0.0,0.0,3.75,0.0,0.0
fixed,BYDDY,2021-11-01,2021-11-02,executed,12.22043216,24.0,0.02,0.01,18.0,0.0,6.0
reserve_fixed,BYDDY,2021-11-01,2021-11-02,executed,12.22043216,18.0,0.02,0.01,18.0,0.0,0.0
fixed,MSFT,2021-11-01,2021-11-02,executed,317.16599375,17.6,0.02,0.01,13.2,0.0,4.4
reserve_fixed,MSFT,2021-11-01,2021-11-02,executed,317.16599375,13.2,0.01,0.01,13.2,0.0,0.0
fixed,NVDA,2021-11-01,2021-11-02,executed,25.72161938,14.4,0.01,0.01,10.8,0.0,3.6
reserve_fixed,NVDA,2021-11-01,2021-11-02,executed,25.72161938,10.8,0.01,0.01,10.8,0.0,0.0
fixed,AAPL,2021-11-01,2021-11-02,executed,145.07114332,12.0,0.01,0.01,9.0,0.0,3.0
reserve_fixed,AAPL,2021-11-01,2021-11-02,executed,145.07114332,9.0,0.01,0.0,9.0,0.0,0.0
fixed,ASML,2021-11-01,2021-11-02,executed,777.41307528,8.0,0.01,0.0,6.0,0.0,2.0
reserve_fixed,ASML,2021-11-01,2021-11-02,executed,777.41307528,6.0,0.01,0.0,6.0,0.0,0.0
fixed,KO,2021-11-01,2021-11-02,executed,48.80673017,4.0,0.0,0.0,3.0,0.0,1.0
reserve_fixed,KO,2021-11-01,2021-11-02,executed,48.80673017,3.0,0.0,0.0,3.0,0.0,0.0
dca_l2_v2,BYDDY,2021-11-01,2021-11-02,executed,12.22043216,18.68,0.02,0.01,18.0,0.68,0.0
dca_l2_v2,MSFT,2021-11-01,2021-11-02,executed,317.16599375,13.2,0.01,0.01,13.2,0.0,0.0
dca_l2_v2,NVDA,2021-11-01,2021-11-02,executed,25.72161938,10.8,0.01,0.01,10.8,0.0,0.0
dca_l2_v2,AAPL,2021-11-01,2021-11-02,executed,145.07114332,9.0,0.01,0.0,9.0,0.0,0.0
dca_l2_v2,ASML,2021-11-01,2021-11-02,executed,777.41307528,6.63,0.01,0.0,6.0,0.63,0.0
dca_l2_v2,KO,2021-11-01,2021-11-02,executed,48.80673017,3.0,0.0,0.0,3.0,0.0,0.0
fixed,BYDDY,2021-11-08,2021-11-09,executed,12.85285822,24.0,0.02,0.01,18.0,0.0,6.0
reserve_fixed,BYDDY,2021-11-08,2021-11-09,executed,12.85285822,18.0,0.02,0.01,18.0,0.0,0.0
fixed,MSFT,2021-11-08,2021-11-09,executed,323.6953738,17.6,0.02,0.01,13.2,0.0,4.4
reserve_fixed,MSFT,2021-11-08,2021-11-09,executed,323.6953738,13.2,0.01,0.01,13.2,0.0,0.0
fixed,NVDA,2021-11-08,2021-11-09,executed,32.15650622,14.4,0.01,0.01,10.8,0.0,3.6
reserve_fixed,NVDA,2021-11-08,2021-11-09,executed,32.15650622,10.8,0.01,0.01,10.8,0.0,0.0
fixed,AAPL,2021-11-08,2021-11-09,executed,146.78789127,12.0,0.01,0.01,9.0,0.0,3.0
reserve_fixed,AAPL,2021-11-08,2021-11-09,executed,146.78789127,9.0,0.01,0.0,9.0,0.0,0.0
fixed,ASML,2021-11-08,2021-11-09,executed,815.39758805,8.0,0.01,0.0,6.0,0.0,2.0
reserve_fixed,ASML,2021-11-08,2021-11-09,executed,815.39758805,6.0,0.01,0.0,6.0,0.0,0.0
fixed,KO,2021-11-08,2021-11-09,executed,48.75486825,4.0,0.0,0.0,3.0,0.0,1.0
reserve_fixed,KO,2021-11-08,2021-11-09,executed,48.75486825,3.0,0.0,0.0,3.0,0.0,0.0
dca_l2_v2,BYDDY,2021-11-08,2021-11-09,executed,12.85285822,18.0,0.02,0.01,18.0,0.0,0.0
dca_l2_v2,MSFT,2021-11-08,2021-11-09,executed,323.6953738,13.2,0.01,0.01,13.2,0.0,0.0
dca_l2_v2,NVDA,2021-11-08,2021-11-09,executed,32.15650622,10.8,0.01,0.01,10.8,0.0,0.0
dca_l2_v2,AAPL,2021-11-08,2021-11-09,executed,146.78789127,9.0,0.01,0.0,9.0,0.0,0.0
dca_l2_v2,ASML,2021-11-08,2021-11-09,executed,815.39758805,6.0,0.01,0.0,6.0,0.0,0.0
dca_l2_v2,KO,2021-11-08,2021-11-09,executed,48.75486825,3.0,0.0,0.0,3.0,0.0,0.0
fixed,BYDDY,2021-11-15,2021-11-16,executed,12.29445716,24.0,0.02,0.01,18.0,0.0,6.0
reserve_fixed,BYDDY,2021-11-15,2021-11-16,executed,12.29445716,18.0,0.02,0.01,18.0,0.0,0.0
fixed,MSFT,2021-11-15,2021-11-16,executed,322.32240466,17.6,0.02,0.01,13.2,0.0,4.4
reserve_fixed,MSFT,2021-11-15,2021-11-16,executed,322.32240466,13.2,0.01,0.01,13.2,0.0,0.0
fixed,NVDA,2021-11-15,2021-11-16,executed,29.64331425,14.4,0.01,0.01,10.8,0.0,3.6
reserve_fixed,NVDA,2021-11-15,2021-11-16,executed,29.64331425,10.8,0.01,0.01,10.8,0.0,0.0
fixed,AAPL,2021-11-15,2021-11-16,executed,146.53381729,12.0,0.01,0.01,9.0,0.0,3.0
reserve_fixed,AAPL,2021-11-15,2021-11-16,executed,146.53381729,9.0,0.01,0.0,9.0,0.0,0.0
fixed,ASML,2021-11-15,2021-11-16,executed,814.92852163,8.0,0.01,0.0,6.0,0.0,2.0
reserve_fixed,ASML,2021-11-15,2021-11-16,executed,814.92852163,6.0,0.01,0.0,6.0,0.0,0.0
fixed,KO,2021-11-15,2021-11-16,executed,48.93638296,4.0,0.0,0.0,3.0,0.0,1.0
reserve_fixed,KO,2021-11-15,2021-11-16,executed,48.93638296,3.0,0.0,0.0,3.0,0.0,0.0
dca_l2_v2,BYDDY,2021-11-15,2021-11-16,executed,12.29445716,18.64,0.02,0.01,18.0,0.64,0.0
dca_l2_v2,MSFT,2021-11-15,2021-11-16,executed,322.32240466,13.2,0.01,0.01,13.2,0.0,0.0
dca_l2_v2,NVDA,2021-11-15,2021-11-16,executed,29.64331425,10.8,0.01,0.01,10.8,0.0,0.0
dca_l2_v2,AAPL,2021-11-15,2021-11-16,executed,146.53381729,9.0,0.01,0.0,9.0,0.0,0.0
dca_l2_v2,ASML,2021-11-15,2021-11-16,executed,814.92852163,6.0,0.01,0.0,6.0,0.0,0.0
dca_l2_v2,KO,2021-11-15,2021-11-16,executed,48.93638296,3.0,0.0,0.0,3.0,0.0,0.0
fixed,BYDDY,2021-11-22,2021-11-23,executed,13.18757549,24.0,0.02,0.01,18.0,0.0,6.0
reserve_fixed,BYDDY,2021-11-22,2021-11-23,executed,13.18757549,18.0,0.02,0.01,18.0,0.0,0.0
fixed,MSFT,2021-11-22,2021-11-23,executed,324.22990894,17.6,0.02,0.01,13.2,0.0,4.4
reserve_fixed,MSFT,2021-11-22,2021-11-23,executed,324.22990894,13.2,0.01,0.01,13.2,0.0,0.0
fixed,NVDA,2021-11-22,2021-11-23,executed,31.41241136,14.4,0.01,0.01,10.8,0.0,3.6
reserve_fixed,NVDA,2021-11-22,2021-11-23,executed,31.41241136,10.8,0.01,0.01,10.8,0.0,0.0
fixed,AAPL,2021-11-22,2021-11-23,executed,157.45982557,12.0,0.01,0.01,9.0,0.0,3.0
reserve_fixed,AAPL,2021-11-22,2021-11-23,executed,157.45982557,9.0,0.01,0.0,9.0,0.0,0.0
fixed,ASML,2021-11-22,2021-11-23,executed,776.78152667,8.0,0.01,0.0,6.0,0.0,2.0
reserve_fixed,ASML,2021-11-22,2021-11-23,executed,776.78152667,6.0,0.01,0.0,6.0,0.0,0.0
fixed,KO,2021-11-22,2021-11-23,executed,48.10665731,4.0,0.0,0.0,3.0,0.0,1.0
reserve_fixed,KO,2021-11-22,2021-11-23,executed,48.10665731,3.0,0.0,0.0,3.0,0.0,0.0
dca_l2_v2,BYDDY,2021-11-22,2021-11-23,executed,13.18757549,18.0,0.02,0.01,18.0,0.0,0.0
dca_l2_v2,MSFT,2021-11-22,2021-11-23,executed,324.22990894,13.2,0.01,0.01,13.2,0.0,0.0
dca_l2_v2,NVDA,2021-11-22,2021-11-23,executed,31.41241136,10.8,0.01,0.01,10.8,0.0,0.0
dca_l2_v2,AAPL,2021-11-22,2021-11-23,executed,157.45982557,9.0,0.01,0.0,9.0,0.0,0.0
dca_l2_v2,ASML,2021-11-22,2021-11-23,executed,776.78152667,6.29,0.01,0.0,6.0,0.29,0.0
dca_l2_v2,KO,2021-11-22,2021-11-23,executed,48.10665731,3.0,0.0,0.0,3.0,0.0,0.0
fixed,BYDDY,2021-11-29,2021-11-30,executed,12.90757056,24.0,0.02,0.01,18.0,0.0,6.0
reserve_fixed,BYDDY,2021-11-29,2021-11-30,executed,12.90757056,18.0,0.02,0.01,18.0,0.0,0.0
fixed,MSFT,2021-11-29,2021-11-30,executed,322.56571726,17.6,0.02,0.01,13.2,0.0,4.4
reserve_fixed,MSFT,2021-11-29,2021-11-30,executed,322.56571726,13.2,0.01,0.01,13.2,0.0,0.0
fixed,NVDA,2021-11-29,2021-11-30,executed,33.04005277,14.4,0.01,0.01,10.8,0.0,3.6
reserve_fixed,NVDA,2021-11-29,2021-11-30,executed,33.04005277,10.8,0.01,0.01,10.8,0.0,0.0
fixed,AAPL,2021-11-29,2021-11-30,executed,156.35548868,12.0,0.01,0.01,9.0,0.0,3.0
reserve_fixed,AAPL,2021-11-29,2021-11-30,executed,156.35548868,9.0,0.01,0.0,9.0,0.0,0.0
fixed,ASML,2021-11-29,2021-11-30,executed,772.38868934,8.0,0.01,0.0,6.0,0.0,2.0
reserve_fixed,ASML,2021-11-29,2021-11-30,executed,772.38868934,6.0,0.01,0.0,6.0,0.0,0.0
fixed,KO,2021-11-29,2021-11-30,executed,46.68545206,3.6,0.0,0.0,3.0,0.0,1.0
reserve_fixed,KO,2021-11-29,2021-11-30,executed,46.68545206,3.0,0.0,0.0,3.0,0.0,0.0
dca_l2_v2,BYDDY,2021-11-29,2021-11-30,executed,12.90757056,17.33,0.02,0.01,17.33,0.0,0.0
dca_l2_v2,MSFT,2021-11-29,2021-11-30,executed,322.56571726,12.71,0.01,0.01,12.71,0.0,0.0
dca_l2_v2,NVDA,2021-11-29,2021-11-30,executed,33.04005277,10.4,0.01,0.01,10.4,0.0,0.0
dca_l2_v2,AAPL,2021-11-29,2021-11-30,executed,156.35548868,8.66,0.01,0.0,8.66,0.0,0.0
dca_l2_v2,ASML,2021-11-29,2021-11-30,executed,772.38868934,5.78,0.01,0.0,5.78,0.0,0.0
dca_l2_v2,KO,2021-11-29,2021-11-30,executed,46.68545206,2.89,0.0,0.0,2.89,0.0,0.0
fixed,BYDDY,2021-12-06,2021-12-07,executed,12.13997095,30.0,0.03,0.01,22.5,0.0,7.5
reserve_fixed,BYDDY,2021-12-06,2021-12-07,executed,12.13997095,22.5,0.02,0.01,22.5,0.0,0.0
fixed,MSFT,2021-12-06,2021-12-07,executed,319.0256371,22.0,0.02,0.01,16.5,0.0,5.5
reserve_fixed,MSFT,2021-12-06,2021-12-07,executed,319.0256371,16.5,0.02,0.01,16.5,0.0,0.0
fixed,NVDA,2021-12-06,2021-12-07,executed,30.84044652,18.0,0.02,0.01,13.5,0.0,4.5
reserve_fixed,NVDA,2021-12-06,2021-12-07,executed,30.84044652,13.5,0.01,0.01,13.5,0.0,0.0
fixed,AAPL,2021-12-06,2021-12-07,executed,165.23903623,15.0,0.01,0.01,11.25,0.0,3.75
reserve_fixed,AAPL,2021-12-06,2021-12-07,executed,165.23903623,11.25,0.01,0.01,11.25,0.0,0.0
fixed,ASML,2021-12-06,2021-12-07,executed,754.13829671,10.0,0.01,0.01,7.5,0.0,2.5
reserve_fixed,ASML,2021-12-06,2021-12-07,executed,754.13829671,7.5,0.01,0.0,7.5,0.0,0.0
fixed,KO,2021-12-06,2021-12-07,executed,47.92226416,5.0,0.01,0.0,3.75,0.0,1.25
reserve_fixed,KO,2021-12-06,2021-12-07,executed,47.92226416,3.75,0.0,0.0,3.75,0.0,0.0
dca_l2_v2,BYDDY,2021-12-06,2021-12-07,executed,12.13997095,24.77,0.02,0.01,22.5,2.27,0.0
dca_l2_v2,MSFT,2021-12-06,2021-12-07,executed,319.0256371,16.5,0.02,0.01,16.5,0.0,0.0
dca_l2_v2,NVDA,2021-12-06,2021-12-07,executed,30.84044652,15.19,0.02,0.01,13.5,1.69,0.0
dca_l2_v2,AAPL,2021-12-06,2021-12-07,executed,165.23903623,11.25,0.01,0.01,11.25,0.0,0.0
dca_l2_v2,ASML,2021-12-06,2021-12-07,executed,754.13829671,8.81,0.01,0.0,7.5,1.31,0.0
dca_l2_v2,KO,2021-12-06,2021-12-07,executed,47.92226416,3.75,0.0,0.0,3.75,0.0,0.0
fixed,BYDDY,2021-12-13,2021-12-14,executed,11.43835232,30.0,0.03,0.01,22.5,0.0,7.5
reserve_fixed,BYDDY,2021-12-13,2021-12-14,executed,11.43835232,22.5,0.02,0.01,22.5,0.0,0.0
fixed,MSFT,2021-12-13,2021-12-14,executed,320.5455947,22.0,0.02,0.01,16.5,0.0,5.5
reserve_fixed,MSFT,2021-12-13,2021-12-14,executed,320.5455947,16.5,0.02,0.01,16.5,0.0,0.0
fixed,NVDA,2021-12-13,2021-12-14,executed,27.59469845,18.0,0.02,0.01,13.5,0.0,4.5
reserve_fixed,NVDA,2021-12-13,2021-12-14,executed,27.59469845,13.5,0.01,0.01,13.5,0.0,0.0
fixed,AAPL,2021-12-13,2021-12-14,executed,171.26884763,15.0,0.01,0.01,11.25,0.0,3.75
reserve_fixed,AAPL,2021-12-13,2021-12-14,executed,171.26884763,11.25,0.01,0.01,11.25,0.0,0.0
fixed,ASML,2021-12-13,2021-12-14,executed,722.00124221,10.0,0.01,0.01,7.5,0.0,2.5
reserve_fixed,ASML,2021-12-13,2021-12-14,executed,722.00124221,7.5,0.01,0.0,7.5,0.0,0.0
fixed,KO,2021-12-13,2021-12-14,executed,49.99524013,5.0,0.01,0.0,3.75,0.0,1.25
reserve_fixed,KO,2021-12-13,2021-12-14,executed,49.99524013,3.75,0.0,0.0,3.75,0.0,0.0
dca_l2_v2,BYDDY,2021-12-13,2021-12-14,executed,11.43835232,25.43,0.03,0.01,22.5,2.93,0.0
dca_l2_v2,MSFT,2021-12-13,2021-12-14,executed,320.5455947,16.5,0.02,0.01,16.5,0.0,0.0
dca_l2_v2,NVDA,2021-12-13,2021-12-14,executed,27.59469845,16.13,0.02,0.01,13.5,2.63,0.0
dca_l2_v2,AAPL,2021-12-13,2021-12-14,executed,171.26884763,11.25,0.01,0.01,11.25,0.0,0.0
dca_l2_v2,ASML,2021-12-13,2021-12-14,executed,722.00124221,8.72,0.01,0.0,7.5,1.22,0.0
dca_l2_v2,KO,2021-12-13,2021-12-14,executed,49.99524013,3.75,0.0,0.0,3.75,0.0,0.0
fixed,BYDDY,2021-12-20,2021-12-21,executed,10.49856566,30.0,0.03,0.01,22.5,0.0,7.5
reserve_fixed,BYDDY,2021-12-20,2021-12-21,executed,10.49856566,22.5,0.02,0.01,22.5,0.0,0.0
fixed,MSFT,2021-12-20,2021-12-21,executed,310.99329394,22.0,0.02,0.01,16.5,0.0,5.5
reserve_fixed,MSFT,2021-12-20,2021-12-21,executed,310.99329394,16.5,0.02,0.01,16.5,0.0,0.0
fixed,NVDA,2021-12-20,2021-12-21,executed,28.26715752,18.0,0.02,0.01,13.5,0.0,4.5
reserve_fixed,NVDA,2021-12-20,2021-12-21,executed,28.26715752,13.5,0.01,0.01,13.5,0.0,0.0
fixed,AAPL,2021-12-20,2021-12-21,executed,167.66268845,15.0,0.01,0.01,11.25,0.0,3.75
reserve_fixed,AAPL,2021-12-20,2021-12-21,executed,167.66268845,11.25,0.01,0.01,11.25,0.0,0.0
fixed,ASML,2021-12-20,2021-12-21,executed,742.39548023,10.0,0.01,0.01,7.5,0.0,2.5
reserve_fixed,ASML,2021-12-20,2021-12-21,executed,742.39548023,7.5,0.01,0.0,7.5,0.0,0.0
fixed,KO,2021-12-20,2021-12-21,executed,50.17814854,5.0,0.01,0.0,3.75,0.0,1.25
reserve_fixed,KO,2021-12-20,2021-12-21,executed,50.17814854,3.75,0.0,0.0,3.75,0.0,0.0
dca_l2_v2,BYDDY,2021-12-20,2021-12-21,executed,10.49856566,11.25,0.01,0.01,11.25,0.0,0.0
dca_l2_v2,MSFT,2021-12-20,2021-12-21,executed,310.99329394,8.25,0.01,0.0,8.25,0.0,0.0
dca_l2_v2,NVDA,2021-12-20,2021-12-21,executed,28.26715752,6.75,0.01,0.0,6.75,0.0,0.0
dca_l2_v2,AAPL,2021-12-20,2021-12-21,executed,167.66268845,5.63,0.01,0.0,5.63,0.0,0.0
dca_l2_v2,ASML,2021-12-20,2021-12-21,executed,742.39548023,3.75,0.0,0.0,3.75,0.0,0.0
dca_l2_v2,KO,2021-12-20,2021-12-21,executed,50.17814854,1.88,0.0,0.0,1.88,0.0,0.0
fixed,BYDDY,2021-12-27,2021-12-28,executed,10.7045456,30.0,0.03,0.01,22.5,0.0,7.5
reserve_fixed,BYDDY,2021-12-27,2021-12-28,executed,10.7045456,22.5,0.02,0.01,22.5,0.0,0.0
fixed,MSFT,2021-12-27,2021-12-28,executed,330.09788846,22.0,0.02,0.01,16.5,0.0,5.5
reserve_fixed,MSFT,2021-12-27,2021-12-28,executed,330.09788846,16.5,0.02,0.01,16.5,0.0,0.0
fixed,NVDA,2021-12-27,2021-12-28,executed,31.19409425,18.0,0.02,0.01,13.5,0.0,4.5
reserve_fixed,NVDA,2021-12-27,2021-12-28,executed,31.19409425,13.5,0.01,0.01,13.5,0.0,0.0
fixed,AAPL,2021-12-27,2021-12-28,executed,176.06732767,15.0,0.01,0.01,11.25,0.0,3.75
reserve_fixed,AAPL,2021-12-27,2021-12-28,executed,176.06732767,11.25,0.01,0.01,11.25,0.0,0.0
fixed,ASML,2021-12-27,2021-12-28,executed,782.17916914,10.0,0.01,0.01,7.5,0.0,2.5
reserve_fixed,ASML,2021-12-27,2021-12-28,executed,782.17916914,7.5,0.01,0.0,7.5,0.0,0.0
fixed,KO,2021-12-27,2021-12-28,executed,50.86624441,4.6,0.0,0.0,3.75,0.0,1.25
reserve_fixed,KO,2021-12-27,2021-12-28,executed,50.86624441,3.75,0.0,0.0,3.75,0.0,0.0
dca_l2_v2,BYDDY,2021-12-27,2021-12-28,executed,10.7045456,11.25,0.01,0.01,11.25,0.0,0.0
dca_l2_v2,MSFT,2021-12-27,2021-12-28,executed,330.09788846,8.25,0.01,0.0,8.25,0.0,0.0
dca_l2_v2,NVDA,2021-12-27,2021-12-28,executed,31.19409425,6.75,0.01,0.0,6.75,0.0,0.0
dca_l2_v2,AAPL,2021-12-27,2021-12-28,executed,176.06732767,5.63,0.01,0.0,5.63,0.0,0.0
dca_l2_v2,ASML,2021-12-27,2021-12-28,executed,782.17916914,3.75,0.0,0.0,3.75,0.0,0.0
dca_l2_v2,KO,2021-12-27,2021-12-28,executed,50.86624441,1.88,0.0,0.0,1.88,0.0,0.0
fixed,BYDDY,2022-01-03,2022-01-04,executed,11.20823131,30.0,0.03,0.01,22.5,0.0,7.5
reserve_fixed,BYDDY,2022-01-03,2022-01-04,executed,11.20823131,22.5,0.02,0.01,22.5,0.0,0.0
fixed,MSFT,2022-01-03,2022-01-04,executed,322.09429967,22.0,0.02,0.01,16.5,0.0,5.5
reserve_fixed,MSFT,2022-01-03,2022-01-04,executed,322.09429967,16.5,0.02,0.01,16.5,0.0,0.0
fixed,NVDA,2022-01-03,2022-01-04,executed,30.16299196,18.0,0.02,0.01,13.5,0.0,4.5
reserve_fixed,NVDA,2022-01-03,2022-01-04,executed,30.16299196,13.5,0.01,0.01,13.5,0.0,0.0
fixed,AAPL,2022-01-03,2022-01-04,executed,178.481195,15.0,0.01,0.01,11.25,0.0,3.75
reserve_fixed,AAPL,2022-01-03,2022-01-04,executed,178.481195,11.25,0.01,0.01,11.25,0.0,0.0
fixed,ASML,2022-01-03,2022-01-04,executed,759.52638641,10.0,0.01,0.01,7.5,0.0,2.5
reserve_fixed,ASML,2022-01-03,2022-01-04,executed,759.52638641,7.5,0.01,0.0,7.5,0.0,0.0
fixed,KO,2022-01-03,2022-01-04,executed,52.02466633,5.0,0.01,0.0,3.75,0.0,1.25
reserve_fixed,KO,2022-01-03,2022-01-04,executed,52.02466633,3.75,0.0,0.0,3.75,0.0,0.0
dca_l2_v2,BYDDY,2022-01-03,2022-01-04,executed,11.20823131,26.47,0.03,0.01,22.5,3.97,0.0
dca_l2_v2,MSFT,2022-01-03,2022-01-04,executed,322.09429967,16.5,0.02,0.01,16.5,0.0,0.0
dca_l2_v2,NVDA,2022-01-03,2022-01-04,executed,30.16299196,15.1,0.02,0.01,13.5,1.6,0.0
dca_l2_v2,AAPL,2022-01-03,2022-01-04,executed,178.481195,11.25,0.01,0.01,11.25,0.0,0.0
dca_l2_v2,ASML,2022-01-03,2022-01-04,executed,759.52638641,8.3,0.01,0.0,7.5,0.8,0.0
dca_l2_v2,KO,2022-01-03,2022-01-04,executed,52.02466633,3.75,0.0,0.0,3.75,0.0,0.0
fixed,BYDDY,2022-01-10,2022-01-11,executed,9.9771771,30.0,0.03,0.01,22.5,0.0,7.5
reserve_fixed,BYDDY,2022-01-10,2022-01-11,executed,9.9771771,22.5,0.02,0.01,22.5,0.0,0.0
fixed,MSFT,2022-01-10,2022-01-11,executed,301.46029782,22.0,0.02,0.01,16.5,0.0,5.5
reserve_fixed,MSFT,2022-01-10,2022-01-11,executed,301.46029782,16.5,0.02,0.01,16.5,0.0,0.0
fixed,NVDA,2022-01-10,2022-01-11,executed,27.22011426,18.0,0.02,0.01,13.5,0.0,4.5
reserve_fixed,NVDA,2022-01-10,2022-01-11,executed,27.22011426,13.5,0.01,0.01,13.5,0.0,0.0
fixed,AAPL,2022-01-10,2022-01-11,executed,168.40542463,15.0,0.01,0.01,11.25,0.0,3.75
reserve_fixed,AAPL,2022-01-10,2022-01-11,executed,168.40542463,11.25,0.01,0.01,11.25,0.0,0.0
fixed,ASML,2022-01-10,2022-01-11,executed,676.60928658,10.0,0.01,0.01,7.5,0.0,2.5
reserve_fixed,ASML,2022-01-10,2022-01-11,executed,676.60928658,7.5,0.01,0.0,7.5,0.0,0.0
fixed,KO,2022-01-10,2022-01-11,executed,52.63435803,5.0,0.01,0.0,3.75,0.0,1.25
reserve_fixed,KO,2022-01-10,2022-01-11,executed,52.63435803,3.75,0.0,0.0,3.75,0.0,0.0
dca_l2_v2,BYDDY,2022-01-10,2022-01-11,executed,9.9771771,11.25,0.01,0.01,11.25,0.0,0.0
dca_l2_v2,MSFT,2022-01-10,2022-01-11,executed,301.46029782,8.25,0.01,0.0,8.25,0.0,0.0
dca_l2_v2,NVDA,2022-01-10,2022-01-11,executed,27.22011426,6.75,0.01,0.0,6.75,0.0,0.0
dca_l2_v2,AAPL,2022-01-10,2022-01-11,executed,168.40542463,5.63,0.01,0.0,5.63,0.0,0.0
dca_l2_v2,ASML,2022-01-10,2022-01-11,executed,676.60928658,3.75,0.0,0.0,3.75,0.0,0.0
dca_l2_v2,KO,2022-01-10,2022-01-11,executed,52.63435803,1.88,0.0,0.0,1.88,0.0,0.0
fixed,BYDDY,2022-01-14,2022-01-18,executed,10.84937598,30.0,0.03,0.01,22.5,0.0,7.5
reserve_fixed,BYDDY,2022-01-14,2022-01-18,executed,10.84937598,22.5,0.02,0.01,22.5,0.0,0.0
fixed,MSFT,2022-01-14,2022-01-18,executed,292.50432607,22.0,0.02,0.01,16.5,0.0,5.5
reserve_fixed,MSFT,2022-01-14,2022-01-18,executed,292.50432607,16.5,0.02,0.01,16.5,0.0,0.0
fixed,NVDA,2022-01-14,2022-01-18,executed,26.16111502,18.0,0.02,0.01,13.5,0.0,4.5
reserve_fixed,NVDA,2022-01-14,2022-01-18,executed,26.16111502,13.5,0.01,0.01,13.5,0.0,0.0
fixed,AAPL,2022-01-14,2022-01-18,executed,167.61380102,15.0,0.01,0.01,11.25,0.0,3.75
reserve_fixed,AAPL,2022-01-14,2022-01-18,executed,167.61380102,11.25,0.01,0.01,11.25,0.0,0.0
fixed,ASML,2022-01-14,2022-01-18,executed,709.18658609,10.0,0.01,0.01,7.5,0.0,2.5
reserve_fixed,ASML,2022-01-14,2022-01-18,executed,709.18658609,7.5,0.01,0.0,7.5,0.0,0.0
fixed,KO,2022-01-14,2022-01-18,executed,53.18309526,5.0,0.01,0.0,3.75,0.0,1.25
reserve_fixed,KO,2022-01-14,2022-01-18,executed,53.18309526,3.75,0.0,0.0,3.75,0.0,0.0
dca_l2_v2,BYDDY,2022-01-14,2022-01-18,executed,10.84937598,11.25,0.01,0.01,11.25,0.0,0.0
dca_l2_v2,MSFT,2022-01-14,2022-01-18,executed,292.50432607,8.25,0.01,0.0,8.25,0.0,0.0
dca_l2_v2,NVDA,2022-01-14,2022-01-18,executed,26.16111502,6.75,0.01,0.0,6.75,0.0,0.0
dca_l2_v2,AAPL,2022-01-14,2022-01-18,executed,167.61380102,5.63,0.01,0.0,5.63,0.0,0.0
dca_l2_v2,ASML,2022-01-14,2022-01-18,executed,709.18658609,3.75,0.0,0.0,3.75,0.0,0.0
dca_l2_v2,KO,2022-01-14,2022-01-18,executed,53.18309526,1.88,0.0,0.0,1.88,0.0,0.0
fixed,BYDDY,2022-01-24,2022-01-25,executed,9.68108012,30.0,0.03,0.01,22.5,0.0,7.5
reserve_fixed,BYDDY,2022-01-24,2022-01-25,executed,9.68108012,22.5,0.02,0.01,22.5,0.0,0.0
fixed,MSFT,2022-01-24,2022-01-25,executed,280.43167276,22.0,0.02,0.01,16.5,0.0,5.5
reserve_fixed,MSFT,2022-01-24,2022-01-25,executed,280.43167276,16.5,0.02,0.01,16.5,0.0,0.0
fixed,NVDA,2022-01-24,2022-01-25,executed,22.46110294,18.0,0.02,0.01,13.5,0.0,4.5
reserve_fixed,NVDA,2022-01-24,2022-01-25,executed,22.46110294,13.5,0.01,0.01,13.5,0.0,0.0
fixed,AAPL,2022-01-24,2022-01-25,executed,155.3684414,15.0,0.01,0.01,11.25,0.0,3.75
reserve_fixed,AAPL,2022-01-24,2022-01-25,executed,155.3684414,11.25,0.01,0.01,11.25,0.0,0.0
fixed,ASML,2022-01-24,2022-01-25,executed,624.59489438,10.0,0.01,0.01,7.5,0.0,2.5
reserve_fixed,ASML,2022-01-24,2022-01-25,executed,624.59489438,7.5,0.01,0.0,7.5,0.0,0.0
fixed,KO,2022-01-24,2022-01-25,executed,51.70239928,4.6,0.0,0.0,3.75,0.0,1.25
reserve_fixed,KO,2022-01-24,2022-01-25,executed,51.70239928,3.75,0.0,0.0,3.75,0.0,0.0
dca_l2_v2,BYDDY,2022-01-24,2022-01-25,executed,9.68108012,11.25,0.01,0.01,11.25,0.0,0.0
dca_l2_v2,MSFT,2022-01-24,2022-01-25,executed,280.43167276,8.25,0.01,0.0,8.25,0.0,0.0
dca_l2_v2,NVDA,2022-01-24,2022-01-25,executed,22.46110294,6.75,0.01,0.0,6.75,0.0,0.0
dca_l2_v2,AAPL,2022-01-24,2022-01-25,executed,155.3684414,5.63,0.01,0.0,5.63,0.0,0.0
dca_l2_v2,ASML,2022-01-24,2022-01-25,executed,624.59489438,3.75,0.0,0.0,3.75,0.0,0.0
dca_l2_v2,KO,2022-01-24,2022-01-25,executed,51.70239928,1.88,0.0,0.0,1.88,0.0,0.0
fixed,BYDDY,2022-01-31,2022-02-01,executed,9.63923921,30.0,0.03,0.01,22.5,0.0,7.5
reserve_fixed,BYDDY,2022-01-31,2022-02-01,executed,9.63923921,22.5,0.02,0.01,22.5,0.0,0.0
fixed,MSFT,2022-01-31,2022-02-01,executed,298.60312995,22.0,0.02,0.01,16.5,0.0,5.5
reserve_fixed,MSFT,2022-01-31,2022-02-01,executed,298.60312995,16.5,0.02,0.01,16.5,0.0,0.0
fixed,NVDA,2022-01-31,2022-02-01,executed,25.00947049,18.0,0.02,0.01,13.5,0.0,4.5
reserve_fixed,NVDA,2022-01-31,2022-02-01,executed,25.00947049,13.5,0.01,0.01,13.5,0.0,0.0
fixed,AAPL,2022-01-31,2022-02-01,executed,170.056978,15.0,0.01,0.01,11.25,0.0,3.75
reserve_fixed,AAPL,2022-01-31,2022-02-01,executed,170.056978,11.25,0.01,0.01,11.25,0.0,0.0
fixed,ASML,2022-01-31,2022-02-01,executed,653.21946851,10.0,0.01,0.01,7.5,0.0,2.5
reserve_fixed,ASML,2022-01-31,2022-02-01,executed,653.21946851,7.5,0.01,0.0,7.5,0.0,0.0
fixed,KO,2022-01-31,2022-02-01,executed,53.05243396,5.0,0.01,0.0,3.75,0.0,1.25
reserve_fixed,KO,2022-01-31,2022-02-01,executed,53.05243396,3.75,0.0,0.0,3.75,0.0,0.0
dca_l2_v2,BYDDY,2022-01-31,2022-02-01,executed,9.63923921,11.25,0.01,0.01,11.25,0.0,0.0
dca_l2_v2,MSFT,2022-01-31,2022-02-01,executed,298.60312995,8.25,0.01,0.0,8.25,0.0,0.0
dca_l2_v2,NVDA,2022-01-31,2022-02-01,executed,25.00947049,6.75,0.01,0.0,6.75,0.0,0.0
dca_l2_v2,AAPL,2022-01-31,2022-02-01,executed,170.056978,5.63,0.01,0.0,5.63,0.0,0.0
dca_l2_v2,ASML,2022-01-31,2022-02-01,executed,653.21946851,3.75,0.0,0.0,3.75,0.0,0.0
dca_l2_v2,KO,2022-01-31,2022-02-01,executed,53.05243396,1.88,0.0,0.0,1.88,0.0,0.0
fixed,BYDDY,2022-02-07,2022-02-08,executed,9.80016263,30.0,0.03,0.01,22.5,0.0,7.5
reserve_fixed,BYDDY,2022-02-07,2022-02-08,executed,9.80016263,22.5,0.02,0.01,22.5,0.0,0.0
fixed,MSFT,2022-02-07,2022-02-08,executed,289.7916314,22.0,0.02,0.01,16.5,0.0,5.5
reserve_fixed,MSFT,2022-02-07,2022-02-08,executed,289.7916314,16.5,0.02,0.01,16.5,0.0,0.0
fixed,NVDA,2022-02-07,2022-02-08,executed,24.26727357,18.0,0.02,0.01,13.5,0.0,4.5
reserve_fixed,NVDA,2022-02-07,2022-02-08,executed,24.26727357,13.5,0.01,0.01,13.5,0.0,0.0
fixed,AAPL,2022-02-07,2022-02-08,executed,168.04265234,15.0,0.01,0.01,11.25,0.0,3.75
reserve_fixed,AAPL,2022-02-07,2022-02-08,executed,168.04265234,11.25,0.01,0.01,11.25,0.0,0.0
fixed,ASML,2022-02-07,2022-02-08,executed,609.4833944,10.0,0.01,0.01,7.5,0.0,2.5
reserve_fixed,ASML,2022-02-07,2022-02-08,executed,609.4833944,7.5,0.01,0.0,7.5,0.0,0.0
fixed,KO,2022-02-07,2022-02-08,executed,53.85376543,5.0,0.01,0.0,3.75,0.0,1.25
reserve_fixed,KO,2022-02-07,2022-02-08,executed,53.85376543,3.75,0.0,0.0,3.75,0.0,0.0
dca_l2_v2,BYDDY,2022-02-07,2022-02-08,executed,9.80016263,11.25,0.01,0.01,11.25,0.0,0.0
dca_l2_v2,MSFT,2022-02-07,2022-02-08,executed,289.7916314,8.25,0.01,0.0,8.25,0.0,0.0
dca_l2_v2,NVDA,2022-02-07,2022-02-08,executed,24.26727357,6.75,0.01,0.0,6.75,0.0,0.0
dca_l2_v2,AAPL,2022-02-07,2022-02-08,executed,168.04265234,5.63,0.01,0.0,5.63,0.0,0.0
dca_l2_v2,ASML,2022-02-07,2022-02-08,executed,609.4833944,3.75,0.0,0.0,3.75,0.0,0.0
dca_l2_v2,KO,2022-02-07,2022-02-08,executed,53.85376543,1.88,0.0,0.0,1.88,0.0,0.0
fixed,BYDDY,2022-02-14,2022-02-15,executed,10.03350224,30.0,0.03,0.01,22.5,0.0,7.5
reserve_fixed,BYDDY,2022-02-14,2022-02-15,executed,10.03350224,22.5,0.02,0.01,22.5,0.0,0.0
fixed,MSFT,2022-02-14,2022-02-15,executed,288.59880429,22.0,0.02,0.01,16.5,0.0,5.5
reserve_fixed,MSFT,2022-02-14,2022-02-15,executed,288.59880429,16.5,0.02,0.01,16.5,0.0,0.0
fixed,NVDA,2022-02-14,2022-02-15,executed,24.85505532,18.0,0.02,0.01,13.5,0.0,4.5
reserve_fixed,NVDA,2022-02-14,2022-02-15,executed,24.85505532,13.5,0.01,0.01,13.5,0.0,0.0
fixed,AAPL,2022-02-14,2022-02-15,executed,167.29894567,15.0,0.01,0.01,11.25,0.0,3.75
reserve_fixed,AAPL,2022-02-14,2022-02-15,executed,167.29894567,11.25,0.01,0.01,11.25,0.0,0.0
fixed,ASML,2022-02-14,2022-02-15,executed,619.65672653,10.0,0.01,0.01,7.5,0.0,2.5
reserve_fixed,ASML,2022-02-14,2022-02-15,executed,619.65672653,7.5,0.01,0.0,7.5,0.0,0.0
fixed,KO,2022-02-14,2022-02-15,executed,53.09598673,5.0,0.01,0.0,3.75,0.0,1.25
reserve_fixed,KO,2022-02-14,2022-02-15,executed,53.09598673,3.75,0.0,0.0,3.75,0.0,0.0
dca_l2_v2,BYDDY,2022-02-14,2022-02-15,executed,10.03350224,11.25,0.01,0.01,11.25,0.0,0.0
dca_l2_v2,MSFT,2022-02-14,2022-02-15,executed,288.59880429,8.25,0.01,0.0,8.25,0.0,0.0
dca_l2_v2,NVDA,2022-02-14,2022-02-15,executed,24.85505532,6.75,0.01,0.0,6.75,0.0,0.0
dca_l2_v2,AAPL,2022-02-14,2022-02-15,executed,167.29894567,5.63,0.01,0.0,5.63,0.0,0.0
dca_l2_v2,ASML,2022-02-14,2022-02-15,executed,619.65672653,3.75,0.0,0.0,3.75,0.0,0.0
dca_l2_v2,KO,2022-02-14,2022-02-15,executed,53.09598673,1.88,0.0,0.0,1.88,0.0,0.0
fixed,BYDDY,2022-02-18,2022-02-22,executed,9.68751634,30.0,0.03,0.01,22.5,0.0,7.5
reserve_fixed,BYDDY,2022-02-18,2022-02-22,executed,9.68751634,22.5,0.02,0.01,22.5,0.0,0.0
fixed,MSFT,2022-02-18,2022-02-22,executed,274.72655163,22.0,0.02,0.01,16.5,0.0,5.5
reserve_fixed,MSFT,2022-02-18,2022-02-22,executed,274.72655163,16.5,0.02,0.01,16.5,0.0,0.0
fixed,NVDA,2022-02-18,2022-02-22,executed,22.9482654,18.0,0.02,0.01,13.5,0.0,4.5
reserve_fixed,NVDA,2022-02-18,2022-02-22,executed,22.9482654,13.5,0.01,0.01,13.5,0.0,0.0
fixed,AAPL,2022-02-18,2022-02-22,executed,161.43753743,15.0,0.01,0.01,11.25,0.0,3.75
reserve_fixed,AAPL,2022-02-18,2022-02-22,executed,161.43753743,11.25,0.01,0.01,11.25,0.0,0.0
fixed,ASML,2022-02-18,2022-02-22,executed,611.06252257,10.0,0.01,0.01,7.5,0.0,2.5
reserve_fixed,ASML,2022-02-18,2022-02-22,executed,611.06252257,7.5,0.01,0.0,7.5,0.0,0.0
fixed,KO,2022-02-18,2022-02-22,executed,54.37635359,4.6,0.0,0.0,3.75,0.0,1.25
reserve_fixed,KO,2022-02-18,2022-02-22,executed,54.37635359,3.75,0.0,0.0,3.75,0.0,0.0
dca_l2_v2,BYDDY,2022-02-18,2022-02-22,executed,9.68751634,11.25,0.01,0.01,11.25,0.0,0.0
dca_l2_v2,MSFT,2022-02-18,2022-02-22,executed,274.72655163,8.25,0.01,0.0,8.25,0.0,0.0
dca_l2_v2,NVDA,2022-02-18,2022-02-22,executed,22.9482654,6.75,0.01,0.0,6.75,0.0,0.0
dca_l2_v2,AAPL,2022-02-18,2022-02-22,executed,161.43753743,5.63,0.01,0.0,5.63,0.0,0.0
dca_l2_v2,ASML,2022-02-18,2022-02-22,executed,611.06252257,3.75,0.0,0.0,3.75,0.0,0.0
dca_l2_v2,KO,2022-02-18,2022-02-22,executed,54.37635359,1.88,0.0,0.0,1.88,0.0,0.0
fixed,BYDDY,2022-02-28,2022-03-01,executed,9.80659985,24.0,0.02,0.01,18.0,0.0,6.0
reserve_fixed,BYDDY,2022-02-28,2022-03-01,executed,9.80659985,18.0,0.02,0.01,18.0,0.0,0.0
fixed,MSFT,2022-02-28,2022-03-01,executed,285.71564443,17.6,0.02,0.01,13.2,0.0,4.4
reserve_fixed,MSFT,2022-02-28,2022-03-01,executed,285.71564443,13.2,0.01,0.01,13.2,0.0,0.0
fixed,NVDA,2022-02-28,2022-03-01,executed,24.19952972,14.4,0.01,0.01,10.8,0.0,3.6
reserve_fixed,NVDA,2022-02-28,2022-03-01,executed,24.19952972,10.8,0.01,0.01,10.8,0.0,0.0
fixed,AAPL,2022-02-28,2022-03-01,executed,161.16359753,12.0,0.01,0.01,9.0,0.0,3.0
reserve_fixed,AAPL,2022-02-28,2022-03-01,executed,161.16359753,9.0,0.01,0.0,9.0,0.0,0.0
fixed,ASML,2022-02-28,2022-03-01,executed,631.83962493,8.0,0.01,0.0,6.0,0.0,2.0
reserve_fixed,ASML,2022-02-28,2022-03-01,executed,631.83962493,6.0,0.01,0.0,6.0,0.0,0.0
fixed,KO,2022-02-28,2022-03-01,executed,54.12377236,4.0,0.0,0.0,3.0,0.0,1.0
reserve_fixed,KO,2022-02-28,2022-03-01,executed,54.12377236,3.0,0.0,0.0,3.0,0.0,0.0
dca_l2_v2,BYDDY,2022-02-28,2022-03-01,executed,9.80659985,9.0,0.01,0.0,9.0,0.0,0.0
dca_l2_v2,MSFT,2022-02-28,2022-03-01,executed,285.71564443,6.6,0.01,0.0,6.6,0.0,0.0
dca_l2_v2,NVDA,2022-02-28,2022-03-01,executed,24.19952972,5.4,0.01,0.0,5.4,0.0,0.0
dca_l2_v2,AAPL,2022-02-28,2022-03-01,executed,161.16359753,4.5,0.0,0.0,4.5,0.0,0.0
dca_l2_v2,ASML,2022-02-28,2022-03-01,executed,631.83962493,3.0,0.0,0.0,3.0,0.0,0.0
dca_l2_v2,KO,2022-02-28,2022-03-01,executed,54.12377236,1.5,0.0,0.0,1.5,0.0,0.0
fixed,BYDDY,2022-03-07,2022-03-08,executed,7.73874944,24.0,0.02,0.01,18.0,0.0,6.0
reserve_fixed,BYDDY,2022-03-07,2022-03-08,executed,7.73874944,18.0,0.02,0.01,18.0,0.0,0.0
fixed,MSFT,2022-03-07,2022-03-08,executed,267.78610614,17.6,0.02,0.01,13.2,0.0,4.4
reserve_fixed,MSFT,2022-03-07,2022-03-08,executed,267.78610614,13.2,0.01,0.01,13.2,0.0,0.0
fixed,NVDA,2022-03-07,2022-03-08,executed,21.23238189,14.4,0.01,0.01,10.8,0.0,3.6
reserve_fixed,NVDA,2022-03-07,2022-03-08,executed,21.23238189,10.8,0.01,0.01,10.8,0.0,0.0
fixed,AAPL,2022-03-07,2022-03-08,executed,155.40984809,12.0,0.01,0.01,9.0,0.0,3.0
reserve_fixed,AAPL,2022-03-07,2022-03-08,executed,155.40984809,9.0,0.01,0.0,9.0,0.0,0.0
fixed,ASML,2022-03-07,2022-03-08,executed,549.4107751,8.0,0.01,0.0,6.0,0.0,2.0
reserve_fixed,ASML,2022-03-07,2022-03-08,executed,549.4107751,6.0,0.01,0.0,6.0,0.0,0.0
fixed,KO,2022-03-07,2022-03-08,executed,53.52278202,4.0,0.0,0.0,3.0,0.0,1.0
reserve_fixed,KO,2022-03-07,2022-03-08,executed,53.52278202,3.0,0.0,0.0,3.0,0.0,0.0
dca_l2_v2,BYDDY,2022-03-07,2022-03-08,executed,7.73874944,9.0,0.01,0.0,9.0,0.0,0.0
dca_l2_v2,MSFT,2022-03-07,2022-03-08,executed,267.78610614,6.6,0.01,0.0,6.6,0.0,0.0
dca_l2_v2,NVDA,2022-03-07,2022-03-08,executed,21.23238189,5.4,0.01,0.0,5.4,0.0,0.0
dca_l2_v2,AAPL,2022-03-07,2022-03-08,executed,155.40984809,4.5,0.0,0.0,4.5,0.0,0.0
dca_l2_v2,ASML,2022-03-07,2022-03-08,executed,549.4107751,3.0,0.0,0.0,3.0,0.0,0.0
dca_l2_v2,KO,2022-03-07,2022-03-08,executed,53.52278202,1.5,0.0,0.0,1.5,0.0,0.0
fixed,BYDDY,2022-03-14,2022-03-15,executed,6.92770212,24.0,0.02,0.01,18.0,0.0,6.0
reserve_fixed,BYDDY,2022-03-14,2022-03-15,executed,6.92770212,18.0,0.02,0.01,18.0,0.0,0.0
fixed,MSFT,2022-03-14,2022-03-15,executed,270.24422859,17.6,0.02,0.01,13.2,0.0,4.4
reserve_fixed,MSFT,2022-03-14,2022-03-15,executed,270.24422859,13.2,0.01,0.01,13.2,0.0,0.0
fixed,NVDA,2022-03-14,2022-03-15,executed,21.44062696,14.4,0.01,0.01,10.8,0.0,3.6
reserve_fixed,NVDA,2022-03-14,2022-03-15,executed,21.44062696,10.8,0.01,0.01,10.8,0.0,0.0
fixed,AAPL,2022-03-14,2022-03-15,executed,147.65990406,12.0,0.01,0.01,9.0,0.0,3.0
reserve_fixed,AAPL,2022-03-14,2022-03-15,executed,147.65990406,9.0,0.01,0.0,9.0,0.0,0.0
fixed,ASML,2022-03-14,2022-03-15,executed,566.48401946,8.0,0.01,0.0,6.0,0.0,2.0
reserve_fixed,ASML,2022-03-14,2022-03-15,executed,566.48401946,6.0,0.01,0.0,6.0,0.0,0.0
fixed,KO,2022-03-14,2022-03-15,executed,51.85243026,4.0,0.0,0.0,3.0,0.0,1.0
reserve_fixed,KO,2022-03-14,2022-03-15,executed,51.85243026,3.0,0.0,0.0,3.0,0.0,0.0
dca_l2_v2,BYDDY,2022-03-14,2022-03-15,executed,6.92770212,9.0,0.01,0.0,9.0,0.0,0.0
dca_l2_v2,MSFT,2022-03-14,2022-03-15,executed,270.24422859,6.6,0.01,0.0,6.6,0.0,0.0
dca_l2_v2,NVDA,2022-03-14,2022-03-15,executed,21.44062696,5.4,0.01,0.0,5.4,0.0,0.0
dca_l2_v2,AAPL,2022-03-14,2022-03-15,executed,147.65990406,4.5,0.0,0.0,4.5,0.0,0.0
dca_l2_v2,ASML,2022-03-14,2022-03-15,executed,566.48401946,3.0,0.0,0.0,3.0,0.0,0.0
dca_l2_v2,KO,2022-03-14,2022-03-15,executed,51.85243026,1.5,0.0,0.0,1.5,0.0,0.0
fixed,BYDDY,2022-03-21,2022-03-22,executed,8.92313634,24.0,0.02,0.01,18.0,0.0,6.0
reserve_fixed,BYDDY,2022-03-21,2022-03-22,executed,8.92313634,18.0,0.02,0.01,18.0,0.0,0.0
fixed,MSFT,2022-03-21,2022-03-22,executed,288.99309133,17.6,0.02,0.01,13.2,0.0,4.4
reserve_fixed,MSFT,2022-03-21,2022-03-22,executed,288.99309133,13.2,0.01,0.01,13.2,0.0,0.0
fixed,NVDA,2022-03-21,2022-03-22,executed,26.63089579,14.4,0.01,0.01,10.8,0.0,3.6
reserve_fixed,NVDA,2022-03-21,2022-03-22,executed,26.63089579,10.8,0.01,0.01,10.8,0.0,0.0
fixed,AAPL,2022-03-21,2022-03-22,executed,161.95619463,12.0,0.01,0.01,9.0,0.0,3.0
reserve_fixed,AAPL,2022-03-21,2022-03-22,executed,161.95619463,9.0,0.01,0.0,9.0,0.0,0.0
fixed,ASML,2022-03-21,2022-03-22,executed,658.43548522,8.0,0.01,0.0,6.0,0.0,2.0
reserve_fixed,ASML,2022-03-21,2022-03-22,executed,658.43548522,6.0,0.01,0.0,6.0,0.0,0.0
fixed,KO,2022-03-21,2022-03-22,executed,53.47611169,4.0,0.0,0.0,3.0,0.0,1.0
reserve_fixed,KO,2022-03-21,2022-03-22,executed,53.47611169,3.0,0.0,0.0,3.0,0.0,0.0
dca_l2_v2,BYDDY,2022-03-21,2022-03-22,executed,8.92313634,9.0,0.01,0.0,9.0,0.0,0.0
dca_l2_v2,MSFT,2022-03-21,2022-03-22,executed,288.99309133,6.6,0.01,0.0,6.6,0.0,0.0
dca_l2_v2,NVDA,2022-03-21,2022-03-22,executed,26.63089579,5.4,0.01,0.0,5.4,0.0,0.0
dca_l2_v2,AAPL,2022-03-21,2022-03-22,executed,161.95619463,4.5,0.0,0.0,4.5,0.0,0.0
dca_l2_v2,ASML,2022-03-21,2022-03-22,executed,658.43548522,3.0,0.0,0.0,3.0,0.0,0.0
dca_l2_v2,KO,2022-03-21,2022-03-22,executed,53.47611169,1.5,0.0,0.0,1.5,0.0,0.0
fixed,BYDDY,2022-03-28,2022-03-29,executed,8.7557767,24.0,0.02,0.01,18.0,0.0,6.0
reserve_fixed,BYDDY,2022-03-28,2022-03-29,executed,8.7557767,18.0,0.02,0.01,18.0,0.0,0.0
fixed,MSFT,2022-03-28,2022-03-29,executed,302.59444261,17.6,0.02,0.01,13.2,0.0,4.4
reserve_fixed,MSFT,2022-03-28,2022-03-29,executed,302.59444261,13.2,0.01,0.01,13.2,0.0,0.0
fixed,NVDA,2022-03-28,2022-03-29,executed,28.59181776,14.4,0.01,0.01,10.8,0.0,3.6
reserve_fixed,NVDA,2022-03-28,2022-03-29,executed,28.59181776,10.8,0.01,0.01,10.8,0.0,0.0
fixed,AAPL,2022-03-28,2022-03-29,executed,172.89612886,12.0,0.01,0.01,9.0,0.0,3.0
reserve_fixed,AAPL,2022-03-28,2022-03-29,executed,172.89612886,9.0,0.01,0.0,9.0,0.0,0.0
fixed,ASML,2022-03-28,2022-03-29,executed,679.48995319,8.0,0.01,0.0,6.0,0.0,2.0
reserve_fixed,ASML,2022-03-28,2022-03-29,executed,679.48995319,6.0,0.01,0.0,6.0,0.0,0.0
fixed,KO,2022-03-28,2022-03-29,executed,54.59950911,3.6,0.0,0.0,3.0,0.0,1.0
reserve_fixed,KO,2022-03-28,2022-03-29,executed,54.59950911,3.0,0.0,0.0,3.0,0.0,0.0
dca_l2_v2,BYDDY,2022-03-28,2022-03-29,executed,8.7557767,9.0,0.01,0.0,9.0,0.0,0.0
dca_l2_v2,MSFT,2022-03-28,2022-03-29,executed,302.59444261,6.6,0.01,0.0,6.6,0.0,0.0
dca_l2_v2,NVDA,2022-03-28,2022-03-29,executed,28.59181776,5.4,0.01,0.0,5.4,0.0,0.0
dca_l2_v2,AAPL,2022-03-28,2022-03-29,executed,172.89612886,4.5,0.0,0.0,4.5,0.0,0.0
dca_l2_v2,ASML,2022-03-28,2022-03-29,executed,679.48995319,3.0,0.0,0.0,3.0,0.0,0.0
dca_l2_v2,KO,2022-03-28,2022-03-29,executed,54.59950911,1.5,0.0,0.0,1.5,0.0,0.0
fixed,BYDDY,2022-04-04,2022-04-05,executed,10.11396145,30.0,0.03,0.01,22.5,0.0,7.5
reserve_fixed,BYDDY,2022-04-04,2022-04-05,executed,10.11396145,22.5,0.02,0.01,22.5,0.0,0.0
fixed,MSFT,2022-04-04,2022-04-05,executed,301.9775203,22.0,0.02,0.01,16.5,0.0,5.5
reserve_fixed,MSFT,2022-04-04,2022-04-05,executed,301.9775203,16.5,0.02,0.01,16.5,0.0,0.0
fixed,NVDA,2022-04-04,2022-04-05,executed,27.15600121,18.0,0.02,0.01,13.5,0.0,4.5
reserve_fixed,NVDA,2022-04-04,2022-04-05,executed,27.15600121,13.5,0.01,0.01,13.5,0.0,0.0
fixed,AAPL,2022-04-04,2022-04-05,executed,173.68873397,15.0,0.01,0.01,11.25,0.0,3.75
reserve_fixed,AAPL,2022-04-04,2022-04-05,executed,173.68873397,11.25,0.01,0.01,11.25,0.0,0.0
fixed,ASML,2022-04-04,2022-04-05,executed,645.05622093,10.0,0.01,0.01,7.5,0.0,2.5
reserve_fixed,ASML,2022-04-04,2022-04-05,executed,645.05622093,7.5,0.01,0.0,7.5,0.0,0.0
fixed,KO,2022-04-04,2022-04-05,executed,54.76626845,5.0,0.01,0.0,3.75,0.0,1.25
reserve_fixed,KO,2022-04-04,2022-04-05,executed,54.76626845,3.75,0.0,0.0,3.75,0.0,0.0
dca_l2_v2,BYDDY,2022-04-04,2022-04-05,executed,10.11396145,23.13,0.02,0.01,22.5,0.63,0.0
dca_l2_v2,MSFT,2022-04-04,2022-04-05,executed,301.9775203,16.5,0.02,0.01,16.5,0.0,0.0
dca_l2_v2,NVDA,2022-04-04,2022-04-05,executed,27.15600121,13.5,0.01,0.01,13.5,0.0,0.0
dca_l2_v2,AAPL,2022-04-04,2022-04-05,executed,173.68873397,11.25,0.01,0.01,11.25,0.0,0.0
dca_l2_v2,ASML,2022-04-04,2022-04-05,executed,645.05622093,7.5,0.01,0.0,7.5,0.0,0.0
dca_l2_v2,KO,2022-04-04,2022-04-05,executed,54.76626845,3.75,0.0,0.0,3.75,0.0,0.0
fixed,BYDDY,2022-04-11,2022-04-12,executed,9.34153543,30.0,0.03,0.01,22.5,0.0,7.5
reserve_fixed,BYDDY,2022-04-11,2022-04-12,executed,9.34153543,22.5,0.02,0.01,22.5,0.0,0.0
fixed,MSFT,2022-04-11,2022-04-12,executed,278.81376822,22.0,0.02,0.01,16.5,0.0,5.5
reserve_fixed,MSFT,2022-04-11,2022-04-12,executed,278.81376822,16.5,0.02,0.01,16.5,0.0,0.0
fixed,NVDA,2022-04-11,2022-04-12,executed,22.45595837,18.0,0.02,0.01,13.5,0.0,4.5
reserve_fixed,NVDA,2022-04-11,2022-04-12,executed,22.45595837,13.5,0.01,0.01,13.5,0.0,0.0
fixed,AAPL,2022-04-11,2022-04-12,executed,164.41228706,15.0,0.01,0.01,11.25,0.0,3.75
reserve_fixed,AAPL,2022-04-11,2022-04-12,executed,164.41228706,11.25,0.01,0.01,11.25,0.0,0.0
fixed,ASML,2022-04-11,2022-04-12,executed,586.72524101,10.0,0.01,0.01,7.5,0.0,2.5
reserve_fixed,ASML,2022-04-11,2022-04-12,executed,586.72524101,7.5,0.01,0.0,7.5,0.0,0.0
fixed,KO,2022-04-11,2022-04-12,executed,56.5040459,5.0,0.01,0.0,3.75,0.0,1.25
reserve_fixed,KO,2022-04-11,2022-04-12,executed,56.5040459,3.75,0.0,0.0,3.75,0.0,0.0
dca_l2_v2,BYDDY,2022-04-11,2022-04-12,executed,9.34153543,11.25,0.01,0.01,11.25,0.0,0.0
dca_l2_v2,MSFT,2022-04-11,2022-04-12,executed,278.81376822,8.25,0.01,0.0,8.25,0.0,0.0
dca_l2_v2,NVDA,2022-04-11,2022-04-12,executed,22.45595837,6.75,0.01,0.0,6.75,0.0,0.0
dca_l2_v2,AAPL,2022-04-11,2022-04-12,executed,164.41228706,5.63,0.01,0.0,5.63,0.0,0.0
dca_l2_v2,ASML,2022-04-11,2022-04-12,executed,586.72524101,3.75,0.0,0.0,3.75,0.0,0.0
dca_l2_v2,KO,2022-04-11,2022-04-12,executed,56.5040459,1.88,0.0,0.0,1.88,0.0,0.0
fixed,BYDDY,2022-04-18,2022-04-19,executed,9.65533425,30.0,0.03,0.01,22.5,0.0,7.5
reserve_fixed,BYDDY,2022-04-18,2022-04-19,executed,9.65533425,22.5,0.02,0.01,22.5,0.0,0.0
fixed,MSFT,2022-04-18,2022-04-19,executed,269.3091803,22.0,0.02,0.01,16.5,0.0,5.5
reserve_fixed,MSFT,2022-04-18,2022-04-19,executed,269.3091803,16.5,0.02,0.01,16.5,0.0,0.0
fixed,NVDA,2022-04-18,2022-04-19,executed,21.64189954,18.0,0.02,0.01,13.5,0.0,4.5
reserve_fixed,NVDA,2022-04-18,2022-04-19,executed,21.64189954,13.5,0.01,0.01,13.5,0.0,0.0
fixed,AAPL,2022-04-18,2022-04-19,executed,161.47668499,15.0,0.01,0.01,11.25,0.0,3.75
reserve_fixed,AAPL,2022-04-18,2022-04-19,executed,161.47668499,11.25,0.01,0.01,11.25,0.0,0.0
fixed,ASML,2022-04-18,2022-04-19,executed,571.85305764,10.0,0.01,0.01,7.5,0.0,2.5
reserve_fixed,ASML,2022-04-18,2022-04-19,executed,571.85305764,7.5,0.01,0.0,7.5,0.0,0.0
fixed,KO,2022-04-18,2022-04-19,executed,56.60936454,5.0,0.01,0.0,3.75,0.0,1.25
reserve_fixed,KO,2022-04-18,2022-04-19,executed,56.60936454,3.75,0.0,0.0,3.75,0.0,0.0
dca_l2_v2,BYDDY,2022-04-18,2022-04-19,executed,9.65533425,11.25,0.01,0.01,11.25,0.0,0.0
dca_l2_v2,MSFT,2022-04-18,2022-04-19,executed,269.3091803,8.25,0.01,0.0,8.25,0.0,0.0
dca_l2_v2,NVDA,2022-04-18,2022-04-19,executed,21.64189954,6.75,0.01,0.0,6.75,0.0,0.0
dca_l2_v2,AAPL,2022-04-18,2022-04-19,executed,161.47668499,5.63,0.01,0.0,5.63,0.0,0.0
dca_l2_v2,ASML,2022-04-18,2022-04-19,executed,571.85305764,3.75,0.0,0.0,3.75,0.0,0.0
dca_l2_v2,KO,2022-04-18,2022-04-19,executed,56.60936454,1.88,0.0,0.0,1.88,0.0,0.0
fixed,BYDDY,2022-04-25,2022-04-26,executed,9.08405876,30.0,0.03,0.01,22.5,0.0,7.5
reserve_fixed,BYDDY,2022-04-25,2022-04-26,executed,9.08405876,22.5,0.02,0.01,22.5,0.0,0.0
fixed,MSFT,2022-04-25,2022-04-26,executed,267.49686959,22.0,0.02,0.01,16.5,0.0,5.5
reserve_fixed,MSFT,2022-04-25,2022-04-26,executed,267.49686959,16.5,0.02,0.01,16.5,0.0,0.0
fixed,NVDA,2022-04-25,2022-04-26,executed,19.64709964,18.0,0.02,0.01,13.5,0.0,4.5
reserve_fixed,NVDA,2022-04-25,2022-04-26,executed,19.64709964,13.5,0.01,0.01,13.5,0.0,0.0
fixed,AAPL,2022-04-25,2022-04-26,executed,158.76620643,15.0,0.01,0.01,11.25,0.0,3.75
reserve_fixed,AAPL,2022-04-25,2022-04-26,executed,158.76620643,11.25,0.01,0.01,11.25,0.0,0.0
fixed,ASML,2022-04-25,2022-04-26,executed,560.00509261,10.0,0.01,0.01,7.5,0.0,2.5
reserve_fixed,ASML,2022-04-25,2022-04-26,executed,560.00509261,7.5,0.01,0.0,7.5,0.0,0.0
fixed,KO,2022-04-25,2022-04-26,executed,57.50457792,4.6,0.0,0.0,3.75,0.0,1.25
reserve_fixed,KO,2022-04-25,2022-04-26,executed,57.50457792,3.75,0.0,0.0,3.75,0.0,0.0
dca_l2_v2,BYDDY,2022-04-25,2022-04-26,executed,9.08405876,11.25,0.01,0.01,11.25,0.0,0.0
dca_l2_v2,MSFT,2022-04-25,2022-04-26,executed,267.49686959,8.25,0.01,0.0,8.25,0.0,0.0
dca_l2_v2,NVDA,2022-04-25,2022-04-26,executed,19.64709964,6.75,0.01,0.0,6.75,0.0,0.0
dca_l2_v2,AAPL,2022-04-25,2022-04-26,executed,158.76620643,5.63,0.01,0.0,5.63,0.0,0.0
dca_l2_v2,ASML,2022-04-25,2022-04-26,executed,560.00509261,3.75,0.0,0.0,3.75,0.0,0.0
dca_l2_v2,KO,2022-04-25,2022-04-26,executed,57.50457792,1.88,0.0,0.0,1.88,0.0,0.0
fixed,BYDDY,2022-05-02,2022-05-03,executed,9.64889404,24.0,0.02,0.01,18.0,0.0,6.0
reserve_fixed,BYDDY,2022-05-02,2022-05-03,executed,9.64889404,18.0,0.02,0.01,18.0,0.0,0.0
fixed,MSFT,2022-05-02,2022-05-03,executed,273.72406163,17.6,0.02,0.01,13.2,0.0,4.4
reserve_fixed,MSFT,2022-05-02,2022-05-03,executed,273.72406163,13.2,0.01,0.01,13.2,0.0,0.0
fixed,NVDA,2022-05-02,2022-05-03,executed,19.33024229,14.4,0.01,0.01,10.8,0.0,3.6
reserve_fixed,NVDA,2022-05-02,2022-05-03,executed,19.33024229,10.8,0.01,0.01,10.8,0.0,0.0
fixed,AAPL,2022-05-02,2022-05-03,executed,154.75420543,12.0,0.01,0.01,9.0,0.0,3.0
reserve_fixed,AAPL,2022-05-02,2022-05-03,executed,154.75420543,9.0,0.01,0.0,9.0,0.0,0.0
fixed,ASML,2022-05-02,2022-05-03,executed,546.00772543,8.0,0.01,0.0,6.0,0.0,2.0
reserve_fixed,ASML,2022-05-02,2022-05-03,executed,546.00772543,6.0,0.01,0.0,6.0,0.0,0.0
fixed,KO,2022-05-02,2022-05-03,executed,55.92479542,4.0,0.0,0.0,3.0,0.0,1.0
reserve_fixed,KO,2022-05-02,2022-05-03,executed,55.92479542,3.0,0.0,0.0,3.0,0.0,0.0
dca_l2_v2,BYDDY,2022-05-02,2022-05-03,executed,9.64889404,9.0,0.01,0.0,9.0,0.0,0.0
dca_l2_v2,MSFT,2022-05-02,2022-05-03,executed,273.72406163,6.6,0.01,0.0,6.6,0.0,0.0
dca_l2_v2,NVDA,2022-05-02,2022-05-03,executed,19.33024229,5.4,0.01,0.0,5.4,0.0,0.0
dca_l2_v2,AAPL,2022-05-02,2022-05-03,executed,154.75420543,4.5,0.0,0.0,4.5,0.0,0.0
dca_l2_v2,ASML,2022-05-02,2022-05-03,executed,546.00772543,3.0,0.0,0.0,3.0,0.0,0.0
dca_l2_v2,KO,2022-05-02,2022-05-03,executed,55.92479542,1.5,0.0,0.0,1.5,0.0,0.0
fixed,BYDDY,2022-05-09,2022-05-10,executed,8.67531649,24.0,0.02,0.01,18.0,0.0,6.0
reserve_fixed,BYDDY,2022-05-09,2022-05-10,executed,8.67531649,18.0,0.02,0.01,18.0,0.0,0.0
fixed,MSFT,2022-05-09,2022-05-10,executed,261.89634373,17.6,0.02,0.01,13.2,0.0,4.4
reserve_fixed,MSFT,2022-05-09,2022-05-10,executed,261.89634373,13.2,0.01,0.01,13.2,0.0,0.0
fixed,NVDA,2022-05-09,2022-05-10,executed,17.62539729,14.4,0.01,0.01,10.8,0.0,3.6
reserve_fixed,NVDA,2022-05-09,2022-05-10,executed,17.62539729,10.8,0.01,0.01,10.8,0.0,0.0
fixed,AAPL,2022-05-09,2022-05-10,executed,152.40431207,12.0,0.01,0.01,9.0,0.0,3.0
reserve_fixed,AAPL,2022-05-09,2022-05-10,executed,152.40431207,9.0,0.01,0.0,9.0,0.0,0.0
fixed,ASML,2022-05-09,2022-05-10,executed,509.94000058,8.0,0.01,0.0,6.0,0.0,2.0
reserve_fixed,ASML,2022-05-09,2022-05-10,executed,509.94000058,6.0,0.01,0.0,6.0,0.0,0.0
fixed,KO,2022-05-09,2022-05-10,executed,56.60936354,4.0,0.0,0.0,3.0,0.0,1.0
reserve_fixed,KO,2022-05-09,2022-05-10,executed,56.60936354,3.0,0.0,0.0,3.0,0.0,0.0
dca_l2_v2,BYDDY,2022-05-09,2022-05-10,executed,8.67531649,9.0,0.01,0.0,9.0,0.0,0.0
dca_l2_v2,MSFT,2022-05-09,2022-05-10,executed,261.89634373,6.6,0.01,0.0,6.6,0.0,0.0
dca_l2_v2,NVDA,2022-05-09,2022-05-10,executed,17.62539729,5.4,0.01,0.0,5.4,0.0,0.0
dca_l2_v2,AAPL,2022-05-09,2022-05-10,executed,152.40431207,4.5,0.0,0.0,4.5,0.0,0.0
dca_l2_v2,ASML,2022-05-09,2022-05-10,executed,509.94000058,3.0,0.0,0.0,3.0,0.0,0.0
dca_l2_v2,KO,2022-05-09,2022-05-10,executed,56.60936354,1.5,0.0,0.0,1.5,0.0,0.0
fixed,BYDDY,2022-05-16,2022-05-17,executed,10.38109295,24.0,0.02,0.01,18.0,0.0,6.0
reserve_fixed,BYDDY,2022-05-16,2022-05-17,executed,10.38109295,18.0,0.02,0.01,18.0,0.0,0.0
fixed,MSFT,2022-05-16,2022-05-17,executed,256.51753367,17.6,0.02,0.01,13.2,0.0,4.4
reserve_fixed,MSFT,2022-05-16,2022-05-17,executed,256.51753367,13.2,0.01,0.01,13.2,0.0,0.0
fixed,NVDA,2022-05-16,2022-05-17,executed,18.009008,14.4,0.01,0.01,10.8,0.0,3.6
reserve_fixed,NVDA,2022-05-16,2022-05-17,executed,18.009008,10.8,0.01,0.01,10.8,0.0,0.0
fixed,AAPL,2022-05-16,2022-05-17,executed,145.8776984,12.0,0.01,0.01,9.0,0.0,3.0
reserve_fixed,AAPL,2022-05-16,2022-05-17,executed,145.8776984,9.0,0.01,0.0,9.0,0.0,0.0
fixed,ASML,2022-05-16,2022-05-17,executed,536.68004392,8.0,0.01,0.0,6.0,0.0,2.0
reserve_fixed,ASML,2022-05-16,2022-05-17,executed,536.68004392,6.0,0.01,0.0,6.0,0.0,0.0
fixed,KO,2022-05-16,2022-05-17,executed,58.01362632,4.0,0.0,0.0,3.0,0.0,1.0
reserve_fixed,KO,2022-05-16,2022-05-17,executed,58.01362632,3.0,0.0,0.0,3.0,0.0,0.0
dca_l2_v2,BYDDY,2022-05-16,2022-05-17,executed,10.38109295,9.0,0.01,0.0,9.0,0.0,0.0
dca_l2_v2,MSFT,2022-05-16,2022-05-17,executed,256.51753367,6.6,0.01,0.0,6.6,0.0,0.0
dca_l2_v2,NVDA,2022-05-16,2022-05-17,executed,18.009008,5.4,0.01,0.0,5.4,0.0,0.0
dca_l2_v2,AAPL,2022-05-16,2022-05-17,executed,145.8776984,4.5,0.0,0.0,4.5,0.0,0.0
dca_l2_v2,ASML,2022-05-16,2022-05-17,executed,536.68004392,3.0,0.0,0.0,3.0,0.0,0.0
dca_l2_v2,KO,2022-05-16,2022-05-17,executed,58.01362632,1.5,0.0,0.0,1.5,0.0,0.0
fixed,BYDDY,2022-05-23,2022-05-24,executed,10.52431353,24.0,0.02,0.01,18.0,0.0,6.0
reserve_fixed,BYDDY,2022-05-23,2022-05-24,executed,10.52431353,18.0,0.02,0.01,18.0,0.0,0.0
fixed,MSFT,2022-05-23,2022-05-24,executed,249.17280414,17.6,0.02,0.01,13.2,0.0,4.4
reserve_fixed,MSFT,2022-05-23,2022-05-24,executed,249.17280414,13.2,0.01,0.01,13.2,0.0,0.0
fixed,NVDA,2022-05-23,2022-05-24,executed,16.45063421,14.4,0.01,0.01,10.8,0.0,3.6
reserve_fixed,NVDA,2022-05-23,2022-05-24,executed,16.45063421,10.8,0.01,0.01,10.8,0.0,0.0
fixed,AAPL,2022-05-23,2022-05-24,executed,137.98898501,12.0,0.01,0.01,9.0,0.0,3.0
reserve_fixed,AAPL,2022-05-23,2022-05-24,executed,137.98898501,9.0,0.01,0.0,9.0,0.0,0.0
fixed,ASML,2022-05-23,2022-05-24,executed,535.35035541,8.0,0.01,0.0,6.0,0.0,2.0
reserve_fixed,ASML,2022-05-23,2022-05-24,executed,535.35035541,6.0,0.01,0.0,6.0,0.0,0.0
fixed,KO,2022-05-23,2022-05-24,executed,55.18754999,4.0,0.0,0.0,3.0,0.0,1.0
reserve_fixed,KO,2022-05-23,2022-05-24,executed,55.18754999,3.0,0.0,0.0,3.0,0.0,0.0
dca_l2_v2,BYDDY,2022-05-23,2022-05-24,executed,10.52431353,9.0,0.01,0.0,9.0,0.0,0.0
dca_l2_v2,MSFT,2022-05-23,2022-05-24,executed,249.17280414,6.6,0.01,0.0,6.6,0.0,0.0
dca_l2_v2,NVDA,2022-05-23,2022-05-24,executed,16.45063421,5.4,0.01,0.0,5.4,0.0,0.0
dca_l2_v2,AAPL,2022-05-23,2022-05-24,executed,137.98898501,4.5,0.0,0.0,4.5,0.0,0.0
dca_l2_v2,ASML,2022-05-23,2022-05-24,executed,535.35035541,3.0,0.0,0.0,3.0,0.0,0.0
dca_l2_v2,KO,2022-05-23,2022-05-24,executed,55.18754999,1.5,0.0,0.0,1.5,0.0,0.0
fixed,BYDDY,2022-05-27,2022-05-31,executed,11.65559689,24.0,0.02,0.01,18.0,0.0,6.0
reserve_fixed,BYDDY,2022-05-27,2022-05-31,executed,11.65559689,18.0,0.02,0.01,18.0,0.0,0.0
fixed,MSFT,2022-05-27,2022-05-31,executed,263.31791916,17.6,0.02,0.01,13.2,0.0,4.4
reserve_fixed,MSFT,2022-05-27,2022-05-31,executed,263.31791916,13.2,0.01,0.01,13.2,0.0,0.0
fixed,NVDA,2022-05-27,2022-05-31,executed,18.91175115,14.4,0.01,0.01,10.8,0.0,3.6
reserve_fixed,NVDA,2022-05-27,2022-05-31,executed,18.91175115,10.8,0.01,0.01,10.8,0.0,0.0
fixed,AAPL,2022-05-27,2022-05-31,executed,146.08351325,12.0,0.01,0.01,9.0,0.0,3.0
reserve_fixed,AAPL,2022-05-27,2022-05-31,executed,146.08351325,9.0,0.01,0.0,9.0,0.0,0.0
fixed,ASML,2022-05-27,2022-05-31,executed,563.31406527,8.0,0.01,0.0,6.0,0.0,2.0
reserve_fixed,ASML,2022-05-27,2022-05-31,executed,563.31406527,6.0,0.01,0.0,6.0,0.0,0.0
fixed,KO,2022-05-27,2022-05-31,executed,56.24075232,3.6,0.0,0.0,3.0,0.0,1.0
reserve_fixed,KO,2022-05-27,2022-05-31,executed,56.24075232,3.0,0.0,0.0,3.0,0.0,0.0
dca_l2_v2,BYDDY,2022-05-27,2022-05-31,executed,11.65559689,9.0,0.01,0.0,9.0,0.0,0.0
dca_l2_v2,MSFT,2022-05-27,2022-05-31,executed,263.31791916,6.6,0.01,0.0,6.6,0.0,0.0
dca_l2_v2,NVDA,2022-05-27,2022-05-31,executed,18.91175115,5.4,0.01,0.0,5.4,0.0,0.0
dca_l2_v2,AAPL,2022-05-27,2022-05-31,executed,146.08351325,4.5,0.0,0.0,4.5,0.0,0.0
dca_l2_v2,ASML,2022-05-27,2022-05-31,executed,563.31406527,3.0,0.0,0.0,3.0,0.0,0.0
dca_l2_v2,KO,2022-05-27,2022-05-31,executed,56.24075232,1.5,0.0,0.0,1.5,0.0,0.0
fixed,BYDDY,2022-06-06,2022-06-07,executed,11.96456729,30.0,0.03,0.01,22.5,0.0,7.5
reserve_fixed,BYDDY,2022-06-06,2022-06-07,executed,11.96456729,22.5,0.02,0.01,22.5,0.0,0.0
fixed,MSFT,2022-06-06,2022-06-07,executed,257.62711118,22.0,0.02,0.01,16.5,0.0,5.5
reserve_fixed,MSFT,2022-06-06,2022-06-07,executed,257.62711118,16.5,0.02,0.01,16.5,0.0,0.0
fixed,NVDA,2022-06-06,2022-06-07,executed,18.40558019,18.0,0.02,0.01,13.5,0.0,4.5
reserve_fixed,NVDA,2022-06-06,2022-06-07,executed,18.40558019,13.5,0.01,0.01,13.5,0.0,0.0
fixed,AAPL,2022-06-06,2022-06-07,executed,141.45807569,15.0,0.01,0.01,11.25,0.0,3.75
reserve_fixed,AAPL,2022-06-06,2022-06-07,executed,141.45807569,11.25,0.01,0.01,11.25,0.0,0.0
fixed,ASML,2022-06-06,2022-06-07,executed,544.16717461,10.0,0.01,0.01,7.5,0.0,2.5
reserve_fixed,ASML,2022-06-06,2022-06-07,executed,544.16717461,7.5,0.01,0.0,7.5,0.0,0.0
fixed,KO,2022-06-06,2022-06-07,executed,54.74872168,5.0,0.01,0.0,3.75,0.0,1.25
reserve_fixed,KO,2022-06-06,2022-06-07,executed,54.74872168,3.75,0.0,0.0,3.75,0.0,0.0
dca_l2_v2,BYDDY,2022-06-06,2022-06-07,executed,11.96456729,11.25,0.01,0.01,11.25,0.0,0.0
dca_l2_v2,MSFT,2022-06-06,2022-06-07,executed,257.62711118,8.25,0.01,0.0,8.25,0.0,0.0
dca_l2_v2,NVDA,2022-06-06,2022-06-07,executed,18.40558019,6.75,0.01,0.0,6.75,0.0,0.0
dca_l2_v2,AAPL,2022-06-06,2022-06-07,executed,141.45807569,5.63,0.01,0.0,5.63,0.0,0.0
dca_l2_v2,ASML,2022-06-06,2022-06-07,executed,544.16717461,3.75,0.0,0.0,3.75,0.0,0.0
dca_l2_v2,KO,2022-06-06,2022-06-07,executed,54.74872168,1.88,0.0,0.0,1.88,0.0,0.0
fixed,BYDDY,2022-06-13,2022-06-14,executed,12.3819889,30.0,0.03,0.01,22.5,0.0,7.5
reserve_fixed,BYDDY,2022-06-13,2022-06-14,executed,12.3819889,22.5,0.02,0.01,22.5,0.0,0.0
fixed,MSFT,2022-06-13,2022-06-14,executed,235.61707166,22.0,0.02,0.01,16.5,0.0,5.5
reserve_fixed,MSFT,2022-06-13,2022-06-14,executed,235.61707166,16.5,0.02,0.01,16.5,0.0,0.0
fixed,NVDA,2022-06-13,2022-06-14,executed,15.67774796,18.0,0.02,0.01,13.5,0.0,4.5
reserve_fixed,NVDA,2022-06-13,2022-06-14,executed,15.67774796,13.5,0.01,0.01,13.5,0.0,0.0
fixed,AAPL,2022-06-13,2022-06-14,executed,130.46283282,15.0,0.01,0.01,11.25,0.0,3.75
reserve_fixed,AAPL,2022-06-13,2022-06-14,executed,130.46283282,11.25,0.01,0.01,11.25,0.0,0.0
fixed,ASML,2022-06-13,2022-06-14,executed,475.81866544,10.0,0.01,0.01,7.5,0.0,2.5
reserve_fixed,ASML,2022-06-13,2022-06-14,executed,475.81866544,7.5,0.01,0.0,7.5,0.0,0.0
fixed,KO,2022-06-13,2022-06-14,executed,53.68565942,5.0,0.01,0.0,3.75,0.0,1.25
reserve_fixed,KO,2022-06-13,2022-06-14,executed,53.68565942,3.75,0.0,0.0,3.75,0.0,0.0
dca_l2_v2,BYDDY,2022-06-13,2022-06-14,executed,12.3819889,11.25,0.01,0.01,11.25,0.0,0.0
dca_l2_v2,MSFT,2022-06-13,2022-06-14,executed,235.61707166,8.25,0.01,0.0,8.25,0.0,0.0
dca_l2_v2,NVDA,2022-06-13,2022-06-14,executed,15.67774796,6.75,0.01,0.0,6.75,0.0,0.0
dca_l2_v2,AAPL,2022-06-13,2022-06-14,executed,130.46283282,5.63,0.01,0.0,5.63,0.0,0.0
dca_l2_v2,ASML,2022-06-13,2022-06-14,executed,475.81866544,3.75,0.0,0.0,3.75,0.0,0.0
dca_l2_v2,KO,2022-06-13,2022-06-14,executed,53.68565942,1.88,0.0,0.0,1.88,0.0,0.0
fixed,BYDDY,2022-06-17,2022-06-21,executed,12.21294742,30.0,0.03,0.01,22.5,0.0,7.5
reserve_fixed,BYDDY,2022-06-17,2022-06-21,executed,12.21294742,22.5,0.02,0.01,22.5,0.0,0.0
fixed,MSFT,2022-06-17,2022-06-21,executed,241.80072894,22.0,0.02,0.01,16.5,0.0,5.5
reserve_fixed,MSFT,2022-06-17,2022-06-21,executed,241.80072894,16.5,0.02,0.01,16.5,0.0,0.0
fixed,NVDA,2022-06-17,2022-06-21,executed,16.41923251,18.0,0.02,0.01,13.5,0.0,4.5
reserve_fixed,NVDA,2022-06-17,2022-06-21,executed,16.41923251,13.5,0.01,0.01,13.5,0.0,0.0
fixed,AAPL,2022-06-17,2022-06-21,executed,130.74706286,15.0,0.01,0.01,11.25,0.0,3.75
reserve_fixed,AAPL,2022-06-17,2022-06-21,executed,130.74706286,11.25,0.01,0.01,11.25,0.0,0.0
fixed,ASML,2022-06-17,2022-06-21,executed,471.18374313,10.0,0.01,0.01,7.5,0.0,2.5
reserve_fixed,ASML,2022-06-17,2022-06-21,executed,471.18374313,7.5,0.01,0.0,7.5,0.0,0.0
fixed,KO,2022-06-17,2022-06-21,executed,52.58949461,5.0,0.01,0.0,3.75,0.0,1.25
reserve_fixed,KO,2022-06-17,2022-06-21,executed,52.58949461,3.75,0.0,0.0,3.75,0.0,0.0
dca_l2_v2,BYDDY,2022-06-17,2022-06-21,executed,12.21294742,11.25,0.01,0.01,11.25,0.0,0.0
dca_l2_v2,MSFT,2022-06-17,2022-06-21,executed,241.80072894,8.25,0.01,0.0,8.25,0.0,0.0
dca_l2_v2,NVDA,2022-06-17,2022-06-21,executed,16.41923251,6.75,0.01,0.0,6.75,0.0,0.0
dca_l2_v2,AAPL,2022-06-17,2022-06-21,executed,130.74706286,5.63,0.01,0.0,5.63,0.0,0.0
dca_l2_v2,ASML,2022-06-17,2022-06-21,executed,471.18374313,3.75,0.0,0.0,3.75,0.0,0.0
dca_l2_v2,KO,2022-06-17,2022-06-21,executed,52.58949461,1.88,0.0,0.0,1.88,0.0,0.0
fixed,BYDDY,2022-06-27,2022-06-28,executed,13.4751332,30.0,0.03,0.01,22.5,0.0,7.5
reserve_fixed,BYDDY,2022-06-27,2022-06-28,executed,13.4751332,22.5,0.02,0.01,22.5,0.0,0.0
fixed,MSFT,2022-06-27,2022-06-28,executed,255.05695875,22.0,0.02,0.01,16.5,0.0,5.5
reserve_fixed,MSFT,2022-06-27,2022-06-28,executed,255.05695875,16.5,0.02,0.01,16.5,0.0,0.0
fixed,NVDA,2022-06-27,2022-06-28,executed,16.84279119,18.0,0.02,0.01,13.5,0.0,4.5
reserve_fixed,NVDA,2022-06-27,2022-06-28,executed,16.84279119,13.5,0.01,0.01,13.5,0.0,0.0
fixed,AAPL,2022-06-27,2022-06-28,executed,139.2826005,15.0,0.01,0.01,11.25,0.0,3.75
reserve_fixed,AAPL,2022-06-27,2022-06-28,executed,139.2826005,11.25,0.01,0.01,11.25,0.0,0.0
fixed,ASML,2022-06-27,2022-06-28,executed,489.55970853,10.0,0.01,0.01,7.5,0.0,2.5
reserve_fixed,ASML,2022-06-27,2022-06-28,executed,489.55970853,7.5,0.01,0.0,7.5,0.0,0.0
fixed,KO,2022-06-27,2022-06-28,executed,55.7630756,4.6,0.0,0.0,3.75,0.0,1.25
reserve_fixed,KO,2022-06-27,2022-06-28,executed,55.7630756,3.75,0.0,0.0,3.75,0.0,0.0
dca_l2_v2,BYDDY,2022-06-27,2022-06-28,executed,13.4751332,11.25,0.01,0.01,11.25,0.0,0.0
dca_l2_v2,MSFT,2022-06-27,2022-06-28,executed,255.05695875,8.25,0.01,0.0,8.25,0.0,0.0
dca_l2_v2,NVDA,2022-06-27,2022-06-28,executed,16.84279119,6.75,0.01,0.0,6.75,0.0,0.0
dca_l2_v2,AAPL,2022-06-27,2022-06-28,executed,139.2826005,5.63,0.01,0.0,5.63,0.0,0.0
dca_l2_v2,ASML,2022-06-27,2022-06-28,executed,489.55970853,3.75,0.0,0.0,3.75,0.0,0.0
dca_l2_v2,KO,2022-06-27,2022-06-28,executed,55.7630756,1.88,0.0,0.0,1.88,0.0,0.0
fixed,BYDDY,2022-07-01,2022-07-05,executed,12.64118844,30.0,0.03,0.01,22.5,0.0,7.5
reserve_fixed,BYDDY,2022-07-01,2022-07-05,executed,12.64118844,22.5,0.02,0.01,22.5,0.0,0.0
fixed,MSFT,2022-07-01,2022-07-05,executed,247.5012938,22.0,0.02,0.01,16.5,0.0,5.5
reserve_fixed,MSFT,2022-07-01,2022-07-05,executed,247.5012938,16.5,0.02,0.01,16.5,0.0,0.0
fixed,NVDA,2022-07-01,2022-07-05,executed,14.12701598,18.0,0.02,0.01,13.5,0.0,4.5
reserve_fixed,NVDA,2022-07-01,2022-07-05,executed,14.12701598,13.5,0.01,0.01,13.5,0.0,0.0
fixed,AAPL,2022-07-01,2022-07-05,executed,135.00989621,15.0,0.01,0.01,11.25,0.0,3.75
reserve_fixed,AAPL,2022-07-01,2022-07-05,executed,135.00989621,11.25,0.01,0.01,11.25,0.0,0.0
fixed,ASML,2022-07-01,2022-07-05,executed,403.93372093,10.0,0.01,0.01,7.5,0.0,2.5
reserve_fixed,ASML,2022-07-01,2022-07-05,executed,403.93372093,7.5,0.01,0.0,7.5,0.0,0.0
fixed,KO,2022-07-01,2022-07-05,executed,56.73548056,5.0,0.01,0.0,3.75,0.0,1.25
reserve_fixed,KO,2022-07-01,2022-07-05,executed,56.73548056,3.75,0.0,0.0,3.75,0.0,0.0
dca_l2_v2,BYDDY,2022-07-01,2022-07-05,executed,12.64118844,11.25,0.01,0.01,11.25,0.0,0.0
dca_l2_v2,MSFT,2022-07-01,2022-07-05,executed,247.5012938,8.25,0.01,0.0,8.25,0.0,0.0
dca_l2_v2,NVDA,2022-07-01,2022-07-05,executed,14.12701598,6.75,0.01,0.0,6.75,0.0,0.0
dca_l2_v2,AAPL,2022-07-01,2022-07-05,executed,135.00989621,5.63,0.01,0.0,5.63,0.0,0.0
dca_l2_v2,ASML,2022-07-01,2022-07-05,executed,403.93372093,3.75,0.0,0.0,3.75,0.0,0.0
dca_l2_v2,KO,2022-07-01,2022-07-05,executed,56.73548056,1.88,0.0,0.0,1.88,0.0,0.0
fixed,BYDDY,2022-07-11,2022-07-12,executed,11.38383207,30.0,0.03,0.01,22.5,0.0,7.5
reserve_fixed,BYDDY,2022-07-11,2022-07-12,executed,11.38383207,22.5,0.02,0.01,22.5,0.0,0.0
fixed,MSFT,2022-07-11,2022-07-12,executed,256.89273217,22.0,0.02,0.01,16.5,0.0,5.5
reserve_fixed,MSFT,2022-07-11,2022-07-12,executed,256.89273217,16.5,0.02,0.01,16.5,0.0,0.0
fixed,NVDA,2022-07-11,2022-07-12,executed,15.21631536,18.0,0.02,0.01,13.5,0.0,4.5
reserve_fixed,NVDA,2022-07-11,2022-07-12,executed,15.21631536,13.5,0.01,0.01,13.5,0.0,0.0
fixed,AAPL,2022-07-11,2022-07-12,executed,142.83984023,15.0,0.01,0.01,11.25,0.0,3.75
reserve_fixed,AAPL,2022-07-11,2022-07-12,executed,142.83984023,11.25,0.01,0.01,11.25,0.0,0.0
fixed,ASML,2022-07-11,2022-07-12,executed,424.53562273,10.0,0.01,0.01,7.5,0.0,2.5
reserve_fixed,ASML,2022-07-11,2022-07-12,executed,424.53562273,7.5,0.01,0.0,7.5,0.0,0.0
fixed,KO,2022-07-11,2022-07-12,executed,55.69236126,5.0,0.01,0.0,3.75,0.0,1.25
reserve_fixed,KO,2022-07-11,2022-07-12,executed,55.69236126,3.75,0.0,0.0,3.75,0.0,0.0
dca_l2_v2,BYDDY,2022-07-11,2022-07-12,executed,11.38383207,11.25,0.01,0.01,11.25,0.0,0.0
dca_l2_v2,MSFT,2022-07-11,2022-07-12,executed,256.89273217,8.25,0.01,0.0,8.25,0.0,0.0
dca_l2_v2,NVDA,2022-07-11,2022-07-12,executed,15.21631536,6.75,0.01,0.0,6.75,0.0,0.0
dca_l2_v2,AAPL,2022-07-11,2022-07-12,executed,142.83984023,5.63,0.01,0.0,5.63,0.0,0.0
dca_l2_v2,ASML,2022-07-11,2022-07-12,executed,424.53562273,3.75,0.0,0.0,3.75,0.0,0.0
dca_l2_v2,KO,2022-07-11,2022-07-12,executed,55.69236126,1.88,0.0,0.0,1.88,0.0,0.0
fixed,BYDDY,2022-07-18,2022-07-19,executed,12.07288242,30.0,0.03,0.01,22.5,0.0,7.5
reserve_fixed,BYDDY,2022-07-18,2022-07-19,executed,12.07288242,22.5,0.02,0.01,22.5,0.0,0.0
fixed,MSFT,2022-07-18,2022-07-19,executed,248.87332848,22.0,0.02,0.01,16.5,0.0,5.5
reserve_fixed,MSFT,2022-07-18,2022-07-19,executed,248.87332848,16.5,0.02,0.01,16.5,0.0,0.0
fixed,NVDA,2022-07-18,2022-07-19,executed,16.43019699,18.0,0.02,0.01,13.5,0.0,4.5
reserve_fixed,NVDA,2022-07-18,2022-07-19,executed,16.43019699,13.5,0.01,0.01,13.5,0.0,0.0
fixed,AAPL,2022-07-18,2022-07-19,executed,144.95654805,15.0,0.01,0.01,11.25,0.0,3.75
reserve_fixed,AAPL,2022-07-18,2022-07-19,executed,144.95654805,11.25,0.01,0.01,11.25,0.0,0.0
fixed,ASML,2022-07-18,2022-07-19,executed,467.22332491,10.0,0.01,0.01,7.5,0.0,2.5
reserve_fixed,ASML,2022-07-18,2022-07-19,executed,467.22332491,7.5,0.01,0.0,7.5,0.0,0.0
fixed,KO,2022-07-18,2022-07-19,executed,54.88791224,5.0,0.01,0.0,3.75,0.0,1.25
reserve_fixed,KO,2022-07-18,2022-07-19,executed,54.88791224,3.75,0.0,0.0,3.75,0.0,0.0
dca_l2_v2,BYDDY,2022-07-18,2022-07-19,executed,12.07288242,11.25,0.01,0.01,11.25,0.0,0.0
dca_l2_v2,MSFT,2022-07-18,2022-07-19,executed,248.87332848,8.25,0.01,0.0,8.25,0.0,0.0
dca_l2_v2,NVDA,2022-07-18,2022-07-19,executed,16.43019699,6.75,0.01,0.0,6.75,0.0,0.0
dca_l2_v2,AAPL,2022-07-18,2022-07-19,executed,144.95654805,5.63,0.01,0.0,5.63,0.0,0.0
dca_l2_v2,ASML,2022-07-18,2022-07-19,executed,467.22332491,3.75,0.0,0.0,3.75,0.0,0.0
dca_l2_v2,KO,2022-07-18,2022-07-19,executed,54.88791224,1.88,0.0,0.0,1.88,0.0,0.0
fixed,BYDDY,2022-07-25,2022-07-26,executed,11.86520064,30.0,0.03,0.01,22.5,0.0,7.5
reserve_fixed,BYDDY,2022-07-25,2022-07-26,executed,11.86520064,22.5,0.02,0.01,22.5,0.0,0.0
fixed,MSFT,2022-07-25,2022-07-26,executed,251.07623238,22.0,0.02,0.01,16.5,0.0,5.5
reserve_fixed,MSFT,2022-07-25,2022-07-26,executed,251.07623238,16.5,0.02,0.01,16.5,0.0,0.0
fixed,NVDA,2022-07-25,2022-07-26,executed,16.83182771,18.0,0.02,0.01,13.5,0.0,4.5
reserve_fixed,NVDA,2022-07-25,2022-07-26,executed,16.83182771,13.5,0.01,0.01,13.5,0.0,0.0
fixed,AAPL,2022-07-25,2022-07-26,executed,149.20961252,15.0,0.01,0.01,11.25,0.0,3.75
reserve_fixed,AAPL,2022-07-25,2022-07-26,executed,149.20961252,11.25,0.01,0.01,11.25,0.0,0.0
fixed,ASML,2022-07-25,2022-07-26,executed,508.83175873,10.0,0.01,0.01,7.5,0.0,2.5
reserve_fixed,ASML,2022-07-25,2022-07-26,executed,508.83175873,7.5,0.01,0.0,7.5,0.0,0.0
fixed,KO,2022-07-25,2022-07-26,executed,55.47135782,4.6,0.0,0.0,3.75,0.0,1.25
reserve_fixed,KO,2022-07-25,2022-07-26,executed,55.47135782,3.75,0.0,0.0,3.75,0.0,0.0
dca_l2_v2,BYDDY,2022-07-25,2022-07-26,executed,11.86520064,11.25,0.01,0.01,11.25,0.0,0.0
dca_l2_v2,MSFT,2022-07-25,2022-07-26,executed,251.07623238,8.25,0.01,0.0,8.25,0.0,0.0
dca_l2_v2,NVDA,2022-07-25,2022-07-26,executed,16.83182771,6.75,0.01,0.0,6.75,0.0,0.0
dca_l2_v2,AAPL,2022-07-25,2022-07-26,executed,149.20961252,5.63,0.01,0.0,5.63,0.0,0.0
dca_l2_v2,ASML,2022-07-25,2022-07-26,executed,508.83175873,3.75,0.0,0.0,3.75,0.0,0.0
dca_l2_v2,KO,2022-07-25,2022-07-26,executed,55.47135782,1.88,0.0,0.0,1.88,0.0,0.0
fixed,BYDDY,2022-08-01,2022-08-02,executed,11.72996805,24.0,0.02,0.01,18.0,0.0,6.0
reserve_fixed,BYDDY,2022-08-01,2022-08-02,executed,11.72996805,18.0,0.02,0.01,18.0,0.0,0.0
fixed,MSFT,2022-08-01,2022-08-02,executed,266.67060167,17.6,0.02,0.01,13.2,0.0,4.4
reserve_fixed,MSFT,2022-08-01,2022-08-02,executed,266.67060167,13.2,0.01,0.01,13.2,0.0,0.0
fixed,NVDA,2022-08-01,2022-08-02,executed,18.06065481,14.4,0.01,0.01,10.8,0.0,3.6
reserve_fixed,NVDA,2022-08-01,2022-08-02,executed,18.06065481,10.8,0.01,0.01,10.8,0.0,0.0
fixed,AAPL,2022-08-01,2022-08-02,executed,156.89252306,12.0,0.01,0.01,9.0,0.0,3.0
reserve_fixed,AAPL,2022-08-01,2022-08-02,executed,156.89252306,9.0,0.01,0.0,9.0,0.0,0.0
fixed,ASML,2022-08-01,2022-08-02,executed,541.62331832,8.0,0.01,0.0,6.0,0.0,2.0
reserve_fixed,ASML,2022-08-01,2022-08-02,executed,541.62331832,6.0,0.01,0.0,6.0,0.0,0.0
fixed,KO,2022-08-01,2022-08-02,executed,57.09792069,4.0,0.0,0.0,3.0,0.0,1.0
reserve_fixed,KO,2022-08-01,2022-08-02,executed,57.09792069,3.0,0.0,0.0,3.0,0.0,0.0
dca_l2_v2,BYDDY,2022-08-01,2022-08-02,executed,11.72996805,9.0,0.01,0.0,9.0,0.0,0.0
dca_l2_v2,MSFT,2022-08-01,2022-08-02,executed,266.67060167,6.6,0.01,0.0,6.6,0.0,0.0
dca_l2_v2,NVDA,2022-08-01,2022-08-02,executed,18.06065481,5.4,0.01,0.0,5.4,0.0,0.0
dca_l2_v2,AAPL,2022-08-01,2022-08-02,executed,156.89252306,4.5,0.0,0.0,4.5,0.0,0.0
dca_l2_v2,ASML,2022-08-01,2022-08-02,executed,541.62331832,3.0,0.0,0.0,3.0,0.0,0.0
dca_l2_v2,KO,2022-08-01,2022-08-02,executed,57.09792069,1.5,0.0,0.0,1.5,0.0,0.0
fixed,BYDDY,2022-08-08,2022-08-09,executed,11.94408906,24.0,0.02,0.01,18.0,0.0,6.0
reserve_fixed,BYDDY,2022-08-08,2022-08-09,executed,11.94408906,18.0,0.02,0.01,18.0,0.0,0.0
fixed,MSFT,2022-08-08,2022-08-09,executed,270.1876183,17.6,0.02,0.01,13.2,0.0,4.4
reserve_fixed,MSFT,2022-08-08,2022-08-09,executed,270.1876183,13.2,0.01,0.01,13.2,0.0,0.0
fixed,NVDA,2022-08-08,2022-08-09,executed,17.1935955,14.4,0.01,0.01,10.8,0.0,3.6
reserve_fixed,NVDA,2022-08-08,2022-08-09,executed,17.1935955,10.8,0.01,0.01,10.8,0.0,0.0
fixed,AAPL,2022-08-08,2022-08-09,executed,160.95728943,12.0,0.01,0.01,9.0,0.0,3.0
reserve_fixed,AAPL,2022-08-08,2022-08-09,executed,160.95728943,9.0,0.01,0.0,9.0,0.0,0.0
fixed,ASML,2022-08-08,2022-08-09,executed,532.31565081,8.0,0.01,0.0,6.0,0.0,2.0
reserve_fixed,ASML,2022-08-08,2022-08-09,executed,532.31565081,6.0,0.01,0.0,6.0,0.0,0.0
fixed,KO,2022-08-08,2022-08-09,executed,55.85148178,4.0,0.0,0.0,3.0,0.0,1.0
reserve_fixed,KO,2022-08-08,2022-08-09,executed,55.85148178,3.0,0.0,0.0,3.0,0.0,0.0
dca_l2_v2,BYDDY,2022-08-08,2022-08-09,executed,11.94408906,9.0,0.01,0.0,9.0,0.0,0.0
dca_l2_v2,MSFT,2022-08-08,2022-08-09,executed,270.1876183,6.6,0.01,0.0,6.6,0.0,0.0
dca_l2_v2,NVDA,2022-08-08,2022-08-09,executed,17.1935955,5.4,0.01,0.0,5.4,0.0,0.0
dca_l2_v2,AAPL,2022-08-08,2022-08-09,executed,160.95728943,4.5,0.0,0.0,4.5,0.0,0.0
dca_l2_v2,ASML,2022-08-08,2022-08-09,executed,532.31565081,3.0,0.0,0.0,3.0,0.0,0.0
dca_l2_v2,KO,2022-08-08,2022-08-09,executed,55.85148178,1.5,0.0,0.0,1.5,0.0,0.0
fixed,BYDDY,2022-08-15,2022-08-16,executed,11.66396007,24.0,0.02,0.01,18.0,0.0,6.0
reserve_fixed,BYDDY,2022-08-15,2022-08-16,executed,11.66396007,18.0,0.02,0.01,18.0,0.0,0.0
fixed,MSFT,2022-08-15,2022-08-16,executed,282.12020361,17.6,0.02,0.01,13.2,0.0,4.4
reserve_fixed,MSFT,2022-08-15,2022-08-16,executed,282.12020361,13.2,0.01,0.01,13.2,0.0,0.0
fixed,NVDA,2022-08-15,2022-08-16,executed,18.85595727,14.4,0.01,0.01,10.8,0.0,3.6
reserve_fixed,NVDA,2022-08-15,2022-08-16,executed,18.85595727,10.8,0.01,0.01,10.8,0.0,0.0
fixed,AAPL,2022-08-15,2022-08-16,executed,169.55368247,12.0,0.01,0.01,9.0,0.0,3.0
reserve_fixed,AAPL,2022-08-15,2022-08-16,executed,169.55368247,9.0,0.01,0.0,9.0,0.0,0.0
fixed,ASML,2022-08-15,2022-08-16,executed,547.09406233,8.0,0.01,0.0,6.0,0.0,2.0
reserve_fixed,ASML,2022-08-15,2022-08-16,executed,547.09406233,6.0,0.01,0.0,6.0,0.0,0.0
fixed,KO,2022-08-15,2022-08-16,executed,57.08024786,4.0,0.0,0.0,3.0,0.0,1.0
reserve_fixed,KO,2022-08-15,2022-08-16,executed,57.08024786,3.0,0.0,0.0,3.0,0.0,0.0
dca_l2_v2,BYDDY,2022-08-15,2022-08-16,executed,11.66396007,9.0,0.01,0.0,9.0,0.0,0.0
dca_l2_v2,MSFT,2022-08-15,2022-08-16,executed,282.12020361,6.6,0.01,0.0,6.6,0.0,0.0
dca_l2_v2,NVDA,2022-08-15,2022-08-16,executed,18.85595727,5.4,0.01,0.0,5.4,0.0,0.0
dca_l2_v2,AAPL,2022-08-15,2022-08-16,executed,169.55368247,4.5,0.0,0.0,4.5,0.0,0.0
dca_l2_v2,ASML,2022-08-15,2022-08-16,executed,547.09406233,3.0,0.0,0.0,3.0,0.0,0.0
dca_l2_v2,KO,2022-08-15,2022-08-16,executed,57.08024786,1.5,0.0,0.0,1.5,0.0,0.0
fixed,BYDDY,2022-08-22,2022-08-23,executed,11.10853249,24.0,0.02,0.01,18.0,0.0,6.0
reserve_fixed,BYDDY,2022-08-22,2022-08-23,executed,11.10853249,18.0,0.02,0.01,18.0,0.0,0.0
fixed,MSFT,2022-08-22,2022-08-23,executed,267.66266445,17.6,0.02,0.01,13.2,0.0,4.4
reserve_fixed,MSFT,2022-08-22,2022-08-23,executed,267.66266445,13.2,0.01,0.01,13.2,0.0,0.0
fixed,NVDA,2022-08-22,2022-08-23,executed,16.93149252,14.4,0.01,0.01,10.8,0.0,3.6
reserve_fixed,NVDA,2022-08-22,2022-08-23,executed,16.93149252,10.8,0.01,0.01,10.8,0.0,0.0
fixed,AAPL,2022-08-22,2022-08-23,executed,163.9601341,12.0,0.01,0.01,9.0,0.0,3.0
reserve_fixed,AAPL,2022-08-22,2022-08-23,executed,163.9601341,9.0,0.01,0.0,9.0,0.0,0.0
fixed,ASML,2022-08-22,2022-08-23,executed,502.27576638,8.0,0.01,0.0,6.0,0.0,2.0
reserve_fixed,ASML,2022-08-22,2022-08-23,executed,502.27576638,6.0,0.01,0.0,6.0,0.0,0.0
fixed,KO,2022-08-22,2022-08-23,executed,56.41724553,4.0,0.0,0.0,3.0,0.0,1.0
reserve_fixed,KO,2022-08-22,2022-08-23,executed,56.41724553,3.0,0.0,0.0,3.0,0.0,0.0
dca_l2_v2,BYDDY,2022-08-22,2022-08-23,executed,11.10853249,9.0,0.01,0.0,9.0,0.0,0.0
dca_l2_v2,MSFT,2022-08-22,2022-08-23,executed,267.66266445,6.6,0.01,0.0,6.6,0.0,0.0
dca_l2_v2,NVDA,2022-08-22,2022-08-23,executed,16.93149252,5.4,0.01,0.0,5.4,0.0,0.0
dca_l2_v2,AAPL,2022-08-22,2022-08-23,executed,163.9601341,4.5,0.0,0.0,4.5,0.0,0.0
dca_l2_v2,ASML,2022-08-22,2022-08-23,executed,502.27576638,3.0,0.0,0.0,3.0,0.0,0.0
dca_l2_v2,KO,2022-08-22,2022-08-23,executed,56.41724553,1.5,0.0,0.0,1.5,0.0,0.0
fixed,BYDDY,2022-08-29,2022-08-30,executed,10.53378726,24.0,0.02,0.01,18.0,0.0,6.0
reserve_fixed,BYDDY,2022-08-29,2022-08-30,executed,10.53378726,18.0,0.02,0.01,18.0,0.0,0.0
fixed,MSFT,2022-08-29,2022-08-30,executed,258.20291194,17.6,0.02,0.01,13.2,0.0,4.4
reserve_fixed,MSFT,2022-08-29,2022-08-30,executed,258.20291194,13.2,0.01,0.01,13.2,0.0,0.0
fixed,NVDA,2022-08-29,2022-08-30,executed,15.90597201,14.4,0.01,0.01,10.8,0.0,3.6
reserve_fixed,NVDA,2022-08-29,2022-08-30,executed,15.90597201,10.8,0.01,0.01,10.8,0.0,0.0
fixed,AAPL,2022-08-29,2022-08-30,executed,159.10256853,12.0,0.01,0.01,9.0,0.0,3.0
reserve_fixed,AAPL,2022-08-29,2022-08-30,executed,159.10256853,9.0,0.01,0.0,9.0,0.0,0.0
fixed,ASML,2022-08-29,2022-08-30,executed,489.28414081,8.0,0.01,0.0,6.0,0.0,2.0
reserve_fixed,ASML,2022-08-29,2022-08-30,executed,489.28414081,6.0,0.01,0.0,6.0,0.0,0.0
fixed,KO,2022-08-29,2022-08-30,executed,55.6127975,3.6,0.0,0.0,3.0,0.0,1.0
reserve_fixed,KO,2022-08-29,2022-08-30,executed,55.6127975,3.0,0.0,0.0,3.0,0.0,0.0
dca_l2_v2,BYDDY,2022-08-29,2022-08-30,executed,10.53378726,9.0,0.01,0.0,9.0,0.0,0.0
dca_l2_v2,MSFT,2022-08-29,2022-08-30,executed,258.20291194,6.6,0.01,0.0,6.6,0.0,0.0
dca_l2_v2,NVDA,2022-08-29,2022-08-30,executed,15.90597201,5.4,0.01,0.0,5.4,0.0,0.0
dca_l2_v2,AAPL,2022-08-29,2022-08-30,executed,159.10256853,4.5,0.0,0.0,4.5,0.0,0.0
dca_l2_v2,ASML,2022-08-29,2022-08-30,executed,489.28414081,3.0,0.0,0.0,3.0,0.0,0.0
dca_l2_v2,KO,2022-08-29,2022-08-30,executed,55.6127975,1.5,0.0,0.0,1.5,0.0,0.0
fixed,BYDDY,2022-09-02,2022-09-06,executed,8.98020386,30.0,0.03,0.01,22.5,0.0,7.5
reserve_fixed,BYDDY,2022-09-02,2022-09-06,executed,8.98020386,22.5,0.02,0.01,22.5,0.0,0.0
fixed,MSFT,2022-09-02,2022-09-06,executed,248.06539171,22.0,0.02,0.01,16.5,0.0,5.5
reserve_fixed,MSFT,2022-09-02,2022-09-06,executed,248.06539171,16.5,0.02,0.01,16.5,0.0,0.0
fixed,NVDA,2022-09-02,2022-09-06,executed,13.68451984,18.0,0.02,0.01,13.5,0.0,4.5
reserve_fixed,NVDA,2022-09-02,2022-09-06,executed,13.68451984,13.5,0.01,0.01,13.5,0.0,0.0
fixed,AAPL,2022-09-02,2022-09-06,executed,153.54827177,15.0,0.01,0.01,11.25,0.0,3.75
reserve_fixed,AAPL,2022-09-02,2022-09-06,executed,153.54827177,11.25,0.01,0.01,11.25,0.0,0.0
fixed,ASML,2022-09-02,2022-09-06,executed,453.3617716,10.0,0.01,0.01,7.5,0.0,2.5
reserve_fixed,ASML,2022-09-02,2022-09-06,executed,453.3617716,7.5,0.01,0.0,7.5,0.0,0.0
fixed,KO,2022-09-02,2022-09-06,executed,54.18071582,5.0,0.01,0.0,3.75,0.0,1.25
reserve_fixed,KO,2022-09-02,2022-09-06,executed,54.18071582,3.75,0.0,0.0,3.75,0.0,0.0
dca_l2_v2,BYDDY,2022-09-02,2022-09-06,executed,8.98020386,11.25,0.01,0.01,11.25,0.0,0.0
dca_l2_v2,MSFT,2022-09-02,2022-09-06,executed,248.06539171,8.25,0.01,0.0,8.25,0.0,0.0
dca_l2_v2,NVDA,2022-09-02,2022-09-06,executed,13.68451984,6.75,0.01,0.0,6.75,0.0,0.0
dca_l2_v2,AAPL,2022-09-02,2022-09-06,executed,153.54827177,5.63,0.01,0.0,5.63,0.0,0.0
dca_l2_v2,ASML,2022-09-02,2022-09-06,executed,453.3617716,3.75,0.0,0.0,3.75,0.0,0.0
dca_l2_v2,KO,2022-09-02,2022-09-06,executed,54.18071582,1.88,0.0,0.0,1.88,0.0,0.0
fixed,BYDDY,2022-09-12,2022-09-13,executed,9.25711024,30.0,0.03,0.01,22.5,0.0,7.5
reserve_fixed,BYDDY,2022-09-12,2022-09-13,executed,9.25711024,22.5,0.02,0.01,22.5,0.0,0.0
fixed,MSFT,2022-09-12,2022-09-13,executed,250.62152514,22.0,0.02,0.01,16.5,0.0,5.5
reserve_fixed,MSFT,2022-09-12,2022-09-13,executed,250.62152514,16.5,0.02,0.01,16.5,0.0,0.0
fixed,NVDA,2022-09-12,2022-09-13,executed,13.75936725,18.0,0.02,0.01,13.5,0.0,4.5
reserve_fixed,NVDA,2022-09-12,2022-09-13,executed,13.75936725,13.5,0.01,0.01,13.5,0.0,0.0
fixed,AAPL,2022-09-12,2022-09-13,executed,156.91416087,15.0,0.01,0.01,11.25,0.0,3.75
reserve_fixed,AAPL,2022-09-12,2022-09-13,executed,156.91416087,11.25,0.01,0.01,11.25,0.0,0.0
fixed,ASML,2022-09-12,2022-09-13,executed,467.50273455,10.0,0.01,0.01,7.5,0.0,2.5
reserve_fixed,ASML,2022-09-12,2022-09-13,executed,467.50273455,7.5,0.01,0.0,7.5,0.0,0.0
fixed,KO,2022-09-12,2022-09-13,executed,54.98515984,5.0,0.01,0.0,3.75,0.0,1.25
reserve_fixed,KO,2022-09-12,2022-09-13,executed,54.98515984,3.75,0.0,0.0,3.75,0.0,0.0
dca_l2_v2,BYDDY,2022-09-12,2022-09-13,executed,9.25711024,11.25,0.01,0.01,11.25,0.0,0.0
dca_l2_v2,MSFT,2022-09-12,2022-09-13,executed,250.62152514,8.25,0.01,0.0,8.25,0.0,0.0
dca_l2_v2,NVDA,2022-09-12,2022-09-13,executed,13.75936725,6.75,0.01,0.0,6.75,0.0,0.0
dca_l2_v2,AAPL,2022-09-12,2022-09-13,executed,156.91416087,5.63,0.01,0.0,5.63,0.0,0.0
dca_l2_v2,ASML,2022-09-12,2022-09-13,executed,467.50273455,3.75,0.0,0.0,3.75,0.0,0.0
dca_l2_v2,KO,2022-09-12,2022-09-13,executed,54.98515984,1.88,0.0,0.0,1.88,0.0,0.0
fixed,BYDDY,2022-09-19,2022-09-20,executed,9.06230989,30.0,0.03,0.01,22.5,0.0,7.5
reserve_fixed,BYDDY,2022-09-19,2022-09-20,executed,9.06230989,22.5,0.02,0.01,22.5,0.0,0.0
fixed,MSFT,2022-09-19,2022-09-20,executed,234.38399043,22.0,0.02,0.01,16.5,0.0,5.5
reserve_fixed,MSFT,2022-09-19,2022-09-20,executed,234.38399043,16.5,0.02,0.01,16.5,0.0,0.0
fixed,NVDA,2022-09-19,2022-09-20,executed,13.1741808,18.0,0.02,0.01,13.5,0.0,4.5
reserve_fixed,NVDA,2022-09-19,2022-09-20,executed,13.1741808,13.5,0.01,0.01,13.5,0.0,0.0
fixed,AAPL,2022-09-19,2022-09-20,executed,150.53558118,15.0,0.01,0.01,11.25,0.0,3.75
reserve_fixed,AAPL,2022-09-19,2022-09-20,executed,150.53558118,11.25,0.01,0.01,11.25,0.0,0.0
fixed,ASML,2022-09-19,2022-09-20,executed,443.30657852,10.0,0.01,0.01,7.5,0.0,2.5
reserve_fixed,ASML,2022-09-19,2022-09-20,executed,443.30657852,7.5,0.01,0.0,7.5,0.0,0.0
fixed,KO,2022-09-19,2022-09-20,executed,53.14209977,5.0,0.01,0.0,3.75,0.0,1.25
reserve_fixed,KO,2022-09-19,2022-09-20,executed,53.14209977,3.75,0.0,0.0,3.75,0.0,0.0
dca_l2_v2,BYDDY,2022-09-19,2022-09-20,executed,9.06230989,11.25,0.01,0.01,11.25,0.0,0.0
dca_l2_v2,MSFT,2022-09-19,2022-09-20,executed,234.38399043,8.25,0.01,0.0,8.25,0.0,0.0
dca_l2_v2,NVDA,2022-09-19,2022-09-20,executed,13.1741808,6.75,0.01,0.0,6.75,0.0,0.0
dca_l2_v2,AAPL,2022-09-19,2022-09-20,executed,150.53558118,5.63,0.01,0.0,5.63,0.0,0.0
dca_l2_v2,ASML,2022-09-19,2022-09-20,executed,443.30657852,3.75,0.0,0.0,3.75,0.0,0.0
dca_l2_v2,KO,2022-09-19,2022-09-20,executed,53.14209977,1.88,0.0,0.0,1.88,0.0,0.0
fixed,BYDDY,2022-09-26,2022-09-27,executed,8.82242801,30.0,0.03,0.01,22.5,0.0,7.5
reserve_fixed,BYDDY,2022-09-26,2022-09-27,executed,8.82242801,22.5,0.02,0.01,22.5,0.0,0.0
fixed,MSFT,2022-09-26,2022-09-27,executed,232.36035712,22.0,0.02,0.01,16.5,0.0,5.5
reserve_fixed,MSFT,2022-09-26,2022-09-27,executed,232.36035712,16.5,0.02,0.01,16.5,0.0,0.0
fixed,NVDA,2022-09-26,2022-09-27,executed,12.46836407,18.0,0.02,0.01,13.5,0.0,4.5
reserve_fixed,NVDA,2022-09-26,2022-09-27,executed,12.46836407,13.5,0.01,0.01,13.5,0.0,0.0
fixed,AAPL,2022-09-26,2022-09-27,executed,149.88788249,15.0,0.01,0.01,11.25,0.0,3.75
reserve_fixed,AAPL,2022-09-26,2022-09-27,executed,149.88788249,11.25,0.01,0.01,11.25,0.0,0.0
fixed,ASML,2022-09-26,2022-09-27,executed,423.89174395,10.0,0.01,0.01,7.5,0.0,2.5
reserve_fixed,ASML,2022-09-26,2022-09-27,executed,423.89174395,7.5,0.01,0.0,7.5,0.0,0.0
fixed,KO,2022-09-26,2022-09-27,executed,51.71739177,4.6,0.0,0.0,3.75,0.0,1.25
reserve_fixed,KO,2022-09-26,2022-09-27,executed,51.71739177,3.75,0.0,0.0,3.75,0.0,0.0
dca_l2_v2,BYDDY,2022-09-26,2022-09-27,executed,8.82242801,11.25,0.01,0.01,11.25,0.0,0.0
dca_l2_v2,MSFT,2022-09-26,2022-09-27,executed,232.36035712,8.25,0.01,0.0,8.25,0.0,0.0
dca_l2_v2,NVDA,2022-09-26,2022-09-27,executed,12.46836407,6.75,0.01,0.0,6.75,0.0,0.0
dca_l2_v2,AAPL,2022-09-26,2022-09-27,executed,149.88788249,5.63,0.01,0.0,5.63,0.0,0.0
dca_l2_v2,ASML,2022-09-26,2022-09-27,executed,423.89174395,3.75,0.0,0.0,3.75,0.0,0.0
dca_l2_v2,KO,2022-09-26,2022-09-27,executed,51.71739177,1.88,0.0,0.0,1.88,0.0,0.0
fixed,BYDDY,2022-10-03,2022-10-04,executed,8.69524445,30.0,0.03,0.01,22.5,0.0,7.5
reserve_fixed,BYDDY,2022-10-03,2022-10-04,executed,8.69524445,22.5,0.02,0.01,22.5,0.0,0.0
fixed,MSFT,2022-10-03,2022-10-04,executed,237.30811776,22.0,0.02,0.01,16.5,0.0,5.5
reserve_fixed,MSFT,2022-10-03,2022-10-04,executed,237.30811776,16.5,0.02,0.01,16.5,0.0,0.0
fixed,NVDA,2022-10-03,2022-10-04,executed,12.8392154,18.0,0.02,0.01,13.5,0.0,4.5
reserve_fixed,NVDA,2022-10-03,2022-10-04,executed,12.8392154,13.5,0.01,0.01,13.5,0.0,0.0
fixed,AAPL,2022-10-03,2022-10-04,executed,142.32185537,15.0,0.01,0.01,11.25,0.0,3.75
reserve_fixed,AAPL,2022-10-03,2022-10-04,executed,142.32185537,11.25,0.01,0.01,11.25,0.0,0.0
fixed,ASML,2022-10-03,2022-10-04,executed,445.48955846,10.0,0.01,0.01,7.5,0.0,2.5
reserve_fixed,ASML,2022-10-03,2022-10-04,executed,445.48955846,7.5,0.01,0.0,7.5,0.0,0.0
fixed,KO,2022-10-03,2022-10-04,executed,50.71116891,5.0,0.01,0.0,3.75,0.0,1.25
reserve_fixed,KO,2022-10-03,2022-10-04,executed,50.71116891,3.75,0.0,0.0,3.75,0.0,0.0
dca_l2_v2,BYDDY,2022-10-03,2022-10-04,executed,8.69524445,11.25,0.01,0.01,11.25,0.0,0.0
dca_l2_v2,MSFT,2022-10-03,2022-10-04,executed,237.30811776,8.25,0.01,0.0,8.25,0.0,0.0
dca_l2_v2,NVDA,2022-10-03,2022-10-04,executed,12.8392154,6.75,0.01,0.0,6.75,0.0,0.0
dca_l2_v2,AAPL,2022-10-03,2022-10-04,executed,142.32185537,5.63,0.01,0.0,5.63,0.0,0.0
dca_l2_v2,ASML,2022-10-03,2022-10-04,executed,445.48955846,3.75,0.0,0.0,3.75,0.0,0.0
dca_l2_v2,KO,2022-10-03,2022-10-04,executed,50.71116891,1.88,0.0,0.0,1.88,0.0,0.0
fixed,BYDDY,2022-10-10,2022-10-11,executed,7.72928571,30.0,0.03,0.01,22.5,0.0,7.5
reserve_fixed,BYDDY,2022-10-10,2022-10-11,executed,7.72928571,22.5,0.02,0.01,22.5,0.0,0.0
fixed,MSFT,2022-10-10,2022-10-11,executed,220.39281434,22.0,0.02,0.01,16.5,0.0,5.5
reserve_fixed,MSFT,2022-10-10,2022-10-11,executed,220.39281434,16.5,0.02,0.01,16.5,0.0,0.0
fixed,NVDA,2022-10-10,2022-10-11,executed,11.52528876,18.0,0.02,0.01,13.5,0.0,4.5
reserve_fixed,NVDA,2022-10-10,2022-10-11,executed,11.52528876,13.5,0.01,0.01,13.5,0.0,0.0
fixed,AAPL,2022-10-10,2022-10-11,executed,137.28764352,15.0,0.01,0.01,11.25,0.0,3.75
reserve_fixed,AAPL,2022-10-10,2022-10-11,executed,137.28764352,11.25,0.01,0.01,11.25,0.0,0.0
fixed,ASML,2022-10-10,2022-10-11,executed,398.46883685,10.0,0.01,0.01,7.5,0.0,2.5
reserve_fixed,ASML,2022-10-10,2022-10-11,executed,398.46883685,7.5,0.01,0.0,7.5,0.0,0.0
fixed,KO,2022-10-10,2022-10-11,executed,48.49395286,5.0,0.01,0.0,3.75,0.0,1.25
reserve_fixed,KO,2022-10-10,2022-10-11,executed,48.49395286,3.75,0.0,0.0,3.75,0.0,0.0
dca_l2_v2,BYDDY,2022-10-10,2022-10-11,executed,7.72928571,11.25,0.01,0.01,11.25,0.0,0.0
dca_l2_v2,MSFT,2022-10-10,2022-10-11,executed,220.39281434,8.25,0.01,0.0,8.25,0.0,0.0
dca_l2_v2,NVDA,2022-10-10,2022-10-11,executed,11.52528876,6.75,0.01,0.0,6.75,0.0,0.0
dca_l2_v2,AAPL,2022-10-10,2022-10-11,executed,137.28764352,5.63,0.01,0.0,5.63,0.0,0.0
dca_l2_v2,ASML,2022-10-10,2022-10-11,executed,398.46883685,3.75,0.0,0.0,3.75,0.0,0.0
dca_l2_v2,KO,2022-10-10,2022-10-11,executed,48.49395286,1.88,0.0,0.0,1.88,0.0,0.0
fixed,BYDDY,2022-10-17,2022-10-18,executed,8.53264219,30.0,0.03,0.01,22.5,0.0,7.5
reserve_fixed,BYDDY,2022-10-17,2022-10-18,executed,8.53264219,22.5,0.02,0.01,22.5,0.0,0.0
fixed,MSFT,2022-10-17,2022-10-18,executed,235.51687759,22.0,0.02,0.01,16.5,0.0,5.5
reserve_fixed,MSFT,2022-10-17,2022-10-18,executed,235.51687759,16.5,0.02,0.01,16.5,0.0,0.0
fixed,NVDA,2022-10-17,2022-10-18,executed,12.30586986,18.0,0.02,0.01,13.5,0.0,4.5
reserve_fixed,NVDA,2022-10-17,2022-10-18,executed,12.30586986,13.5,0.01,0.01,13.5,0.0,0.0
fixed,AAPL,2022-10-17,2022-10-18,executed,142.77326696,15.0,0.01,0.01,11.25,0.0,3.75
reserve_fixed,AAPL,2022-10-17,2022-10-18,executed,142.77326696,11.25,0.01,0.01,11.25,0.0,0.0
fixed,ASML,2022-10-17,2022-10-18,executed,393.49442389,10.0,0.01,0.01,7.5,0.0,2.5
reserve_fixed,ASML,2022-10-17,2022-10-18,executed,393.49442389,7.5,0.01,0.0,7.5,0.0,0.0
fixed,KO,2022-10-17,2022-10-18,executed,50.14128211,5.0,0.01,0.0,3.75,0.0,1.25
reserve_fixed,KO,2022-10-17,2022-10-18,executed,50.14128211,3.75,0.0,0.0,3.75,0.0,0.0
dca_l2_v2,BYDDY,2022-10-17,2022-10-18,executed,8.53264219,11.25,0.01,0.01,11.25,0.0,0.0
dca_l2_v2,MSFT,2022-10-17,2022-10-18,executed,235.51687759,8.25,0.01,0.0,8.25,0.0,0.0
dca_l2_v2,NVDA,2022-10-17,2022-10-18,executed,12.30586986,6.75,0.01,0.0,6.75,0.0,0.0
dca_l2_v2,AAPL,2022-10-17,2022-10-18,executed,142.77326696,5.63,0.01,0.0,5.63,0.0,0.0
dca_l2_v2,ASML,2022-10-17,2022-10-18,executed,393.49442389,3.75,0.0,0.0,3.75,0.0,0.0
dca_l2_v2,KO,2022-10-17,2022-10-18,executed,50.14128211,1.88,0.0,0.0,1.88,0.0,0.0
fixed,BYDDY,2022-10-24,2022-10-25,executed,7.40568899,30.0,0.03,0.01,22.5,0.0,7.5
reserve_fixed,BYDDY,2022-10-24,2022-10-25,executed,7.40568899,22.5,0.02,0.01,22.5,0.0,0.0
fixed,MSFT,2022-10-24,2022-10-25,executed,239.4092368,22.0,0.02,0.01,16.5,0.0,5.5
reserve_fixed,MSFT,2022-10-24,2022-10-25,executed,239.4092368,16.5,0.02,0.01,16.5,0.0,0.0
fixed,NVDA,2022-10-24,2022-10-25,executed,12.65478923,18.0,0.02,0.01,13.5,0.0,4.5
reserve_fixed,NVDA,2022-10-24,2022-10-25,executed,12.65478923,13.5,0.01,0.01,13.5,0.0,0.0
fixed,AAPL,2022-10-24,2022-10-25,executed,147.28737889,15.0,0.01,0.01,11.25,0.0,3.75
reserve_fixed,AAPL,2022-10-24,2022-10-25,executed,147.28737889,11.25,0.01,0.01,11.25,0.0,0.0
fixed,ASML,2022-10-24,2022-10-25,executed,462.18059281,10.0,0.01,0.01,7.5,0.0,2.5
reserve_fixed,ASML,2022-10-24,2022-10-25,executed,462.18059281,7.5,0.01,0.0,7.5,0.0,0.0
fixed,KO,2022-10-24,2022-10-25,executed,52.57221697,4.6,0.0,0.0,3.75,0.0,1.25
reserve_fixed,KO,2022-10-24,2022-10-25,executed,52.57221697,3.75,0.0,0.0,3.75,0.0,0.0
dca_l2_v2,BYDDY,2022-10-24,2022-10-25,executed,7.40568899,11.25,0.01,0.01,11.25,0.0,0.0
dca_l2_v2,MSFT,2022-10-24,2022-10-25,executed,239.4092368,8.25,0.01,0.0,8.25,0.0,0.0
dca_l2_v2,NVDA,2022-10-24,2022-10-25,executed,12.65478923,6.75,0.01,0.0,6.75,0.0,0.0
dca_l2_v2,AAPL,2022-10-24,2022-10-25,executed,147.28737889,5.63,0.01,0.0,5.63,0.0,0.0
dca_l2_v2,ASML,2022-10-24,2022-10-25,executed,462.18059281,3.75,0.0,0.0,3.75,0.0,0.0
dca_l2_v2,KO,2022-10-24,2022-10-25,executed,52.57221697,1.88,0.0,0.0,1.88,0.0,0.0
fixed,BYDDY,2022-10-31,2022-11-01,executed,7.67615816,24.0,0.02,0.01,18.0,0.0,6.0
reserve_fixed,BYDDY,2022-10-31,2022-11-01,executed,7.67615816,18.0,0.02,0.01,18.0,0.0,0.0
fixed,MSFT,2022-10-31,2022-11-01,executed,227.15119684,17.6,0.02,0.01,13.2,0.0,4.4
reserve_fixed,MSFT,2022-10-31,2022-11-01,executed,227.15119684,13.2,0.01,0.01,13.2,0.0,0.0
fixed,NVDA,2022-10-31,2022-11-01,executed,13.76833773,14.4,0.01,0.01,10.8,0.0,3.6
reserve_fixed,NVDA,2022-10-31,2022-11-01,executed,13.76833773,10.8,0.01,0.01,10.8,0.0,0.0
fixed,AAPL,2022-10-31,2022-11-01,executed,152.18421508,12.0,0.01,0.01,9.0,0.0,3.0
reserve_fixed,AAPL,2022-10-31,2022-11-01,executed,152.18421508,9.0,0.01,0.0,9.0,0.0,0.0
fixed,ASML,2022-10-31,2022-11-01,executed,466.9039363,8.0,0.01,0.0,6.0,0.0,2.0
reserve_fixed,ASML,2022-10-31,2022-11-01,executed,466.9039363,6.0,0.01,0.0,6.0,0.0,0.0
fixed,KO,2022-10-31,2022-11-01,executed,53.45375952,4.0,0.0,0.0,3.0,0.0,1.0
reserve_fixed,KO,2022-10-31,2022-11-01,executed,53.45375952,3.0,0.0,0.0,3.0,0.0,0.0
dca_l2_v2,BYDDY,2022-10-31,2022-11-01,executed,7.67615816,9.0,0.01,0.0,9.0,0.0,0.0
dca_l2_v2,MSFT,2022-10-31,2022-11-01,executed,227.15119684,6.6,0.01,0.0,6.6,0.0,0.0
dca_l2_v2,NVDA,2022-10-31,2022-11-01,executed,13.76833773,5.4,0.01,0.0,5.4,0.0,0.0
dca_l2_v2,AAPL,2022-10-31,2022-11-01,executed,152.18421508,4.5,0.0,0.0,4.5,0.0,0.0
dca_l2_v2,ASML,2022-10-31,2022-11-01,executed,466.9039363,3.0,0.0,0.0,3.0,0.0,0.0
dca_l2_v2,KO,2022-10-31,2022-11-01,executed,53.45375952,1.5,0.0,0.0,1.5,0.0,0.0
fixed,BYDDY,2022-11-07,2022-11-08,executed,8.04805201,24.0,0.02,0.01,18.0,0.0,6.0
reserve_fixed,BYDDY,2022-11-07,2022-11-08,executed,8.04805201,18.0,0.02,0.01,18.0,0.0,0.0
fixed,MSFT,2022-11-07,2022-11-08,executed,221.43848591,17.6,0.02,0.01,13.2,0.0,4.4
reserve_fixed,MSFT,2022-11-07,2022-11-08,executed,221.43848591,13.2,0.01,0.01,13.2,0.0,0.0
fixed,NVDA,2022-11-07,2022-11-08,executed,14.75528095,14.4,0.01,0.01,10.8,0.0,3.6
reserve_fixed,NVDA,2022-11-07,2022-11-08,executed,14.75528095,10.8,0.01,0.01,10.8,0.0,0.0
fixed,AAPL,2022-11-07,2022-11-08,executed,138.01671487,12.0,0.01,0.01,9.0,0.0,3.0
reserve_fixed,AAPL,2022-11-07,2022-11-08,executed,138.01671487,9.0,0.01,0.0,9.0,0.0,0.0
fixed,ASML,2022-11-07,2022-11-08,executed,482.71633555,8.0,0.01,0.0,6.0,0.0,2.0
reserve_fixed,ASML,2022-11-07,2022-11-08,executed,482.71633555,6.0,0.01,0.0,6.0,0.0,0.0
fixed,KO,2022-11-07,2022-11-08,executed,53.20443292,4.0,0.0,0.0,3.0,0.0,1.0
reserve_fixed,KO,2022-11-07,2022-11-08,executed,53.20443292,3.0,0.0,0.0,3.0,0.0,0.0
dca_l2_v2,BYDDY,2022-11-07,2022-11-08,executed,8.04805201,9.0,0.01,0.0,9.0,0.0,0.0
dca_l2_v2,MSFT,2022-11-07,2022-11-08,executed,221.43848591,6.6,0.01,0.0,6.6,0.0,0.0
dca_l2_v2,NVDA,2022-11-07,2022-11-08,executed,14.75528095,5.4,0.01,0.0,5.4,0.0,0.0
dca_l2_v2,AAPL,2022-11-07,2022-11-08,executed,138.01671487,4.5,0.0,0.0,4.5,0.0,0.0
dca_l2_v2,ASML,2022-11-07,2022-11-08,executed,482.71633555,3.0,0.0,0.0,3.0,0.0,0.0
dca_l2_v2,KO,2022-11-07,2022-11-08,executed,53.20443292,1.5,0.0,0.0,1.5,0.0,0.0
fixed,BYDDY,2022-11-14,2022-11-15,executed,8.01907353,24.0,0.02,0.01,18.0,0.0,6.0
reserve_fixed,BYDDY,2022-11-14,2022-11-15,executed,8.01907353,18.0,0.02,0.01,18.0,0.0,0.0
fixed,MSFT,2022-11-14,2022-11-15,executed,237.86003058,17.6,0.02,0.01,13.2,0.0,4.4
reserve_fixed,MSFT,2022-11-14,2022-11-15,executed,237.86003058,13.2,0.01,0.01,13.2,0.0,0.0
fixed,NVDA,2022-11-14,2022-11-15,executed,16.67034601,14.4,0.01,0.01,10.8,0.0,3.6
reserve_fixed,NVDA,2022-11-14,2022-11-15,executed,16.67034601,10.8,0.01,0.01,10.8,0.0,0.0
fixed,AAPL,2022-11-14,2022-11-15,executed,149.62542933,12.0,0.01,0.01,9.0,0.0,3.0
reserve_fixed,AAPL,2022-11-14,2022-11-15,executed,149.62542933,9.0,0.01,0.0,9.0,0.0,0.0
fixed,ASML,2022-11-14,2022-11-15,executed,587.833761,8.0,0.01,0.0,6.0,0.0,2.0
reserve_fixed,ASML,2022-11-14,2022-11-15,executed,587.833761,6.0,0.01,0.0,6.0,0.0,0.0
fixed,KO,2022-11-14,2022-11-15,executed,54.43325403,4.0,0.0,0.0,3.0,0.0,1.0
reserve_fixed,KO,2022-11-14,2022-11-15,executed,54.43325403,3.0,0.0,0.0,3.0,0.0,0.0
dca_l2_v2,BYDDY,2022-11-14,2022-11-15,executed,8.01907353,9.0,0.01,0.0,9.0,0.0,0.0
dca_l2_v2,MSFT,2022-11-14,2022-11-15,executed,237.86003058,6.6,0.01,0.0,6.6,0.0,0.0
dca_l2_v2,NVDA,2022-11-14,2022-11-15,executed,16.67034601,5.4,0.01,0.0,5.4,0.0,0.0
dca_l2_v2,AAPL,2022-11-14,2022-11-15,executed,149.62542933,4.5,0.0,0.0,4.5,0.0,0.0
dca_l2_v2,ASML,2022-11-14,2022-11-15,executed,587.833761,3.0,0.0,0.0,3.0,0.0,0.0
dca_l2_v2,KO,2022-11-14,2022-11-15,executed,54.43325403,1.5,0.0,0.0,1.5,0.0,0.0
fixed,BYDDY,2022-11-21,2022-11-22,executed,7.28977407,24.0,0.02,0.01,18.0,0.0,6.0
reserve_fixed,BYDDY,2022-11-21,2022-11-22,executed,7.28977407,18.0,0.02,0.01,18.0,0.0,0.0
fixed,MSFT,2022-11-21,2022-11-22,executed,236.52043312,17.6,0.02,0.01,13.2,0.0,4.4
reserve_fixed,MSFT,2022-11-21,2022-11-22,executed,236.52043312,13.2,0.01,0.01,13.2,0.0,0.0
fixed,NVDA,2022-11-21,2022-11-22,executed,15.28065351,14.4,0.01,0.01,10.8,0.0,3.6
reserve_fixed,NVDA,2022-11-21,2022-11-22,executed,15.28065351,10.8,0.01,0.01,10.8,0.0,0.0
fixed,AAPL,2022-11-21,2022-11-22,executed,145.60514419,12.0,0.01,0.01,9.0,0.0,3.0
reserve_fixed,AAPL,2022-11-21,2022-11-22,executed,145.60514419,9.0,0.01,0.0,9.0,0.0,0.0
fixed,ASML,2022-11-21,2022-11-22,executed,563.5840422,8.0,0.01,0.0,6.0,0.0,2.0
reserve_fixed,ASML,2022-11-21,2022-11-22,executed,563.5840422,6.0,0.01,0.0,6.0,0.0,0.0
fixed,KO,2022-11-21,2022-11-22,executed,55.62645833,4.0,0.0,0.0,3.0,0.0,1.0
reserve_fixed,KO,2022-11-21,2022-11-22,executed,55.62645833,3.0,0.0,0.0,3.0,0.0,0.0
dca_l2_v2,BYDDY,2022-11-21,2022-11-22,executed,7.28977407,9.0,0.01,0.0,9.0,0.0,0.0
dca_l2_v2,MSFT,2022-11-21,2022-11-22,executed,236.52043312,6.6,0.01,0.0,6.6,0.0,0.0
dca_l2_v2,NVDA,2022-11-21,2022-11-22,executed,15.28065351,5.4,0.01,0.0,5.4,0.0,0.0
dca_l2_v2,AAPL,2022-11-21,2022-11-22,executed,145.60514419,4.5,0.0,0.0,4.5,0.0,0.0
dca_l2_v2,ASML,2022-11-21,2022-11-22,executed,563.5840422,3.0,0.0,0.0,3.0,0.0,0.0
dca_l2_v2,KO,2022-11-21,2022-11-22,executed,55.62645833,1.5,0.0,0.0,1.5,0.0,0.0
fixed,BYDDY,2022-11-28,2022-11-29,executed,7.36222127,24.0,0.02,0.01,18.0,0.0,6.0
reserve_fixed,BYDDY,2022-11-28,2022-11-29,executed,7.36222127,18.0,0.02,0.01,18.0,0.0,0.0
fixed,MSFT,2022-11-28,2022-11-29,executed,234.39400643,17.6,0.02,0.01,13.2,0.0,4.4
reserve_fixed,MSFT,2022-11-28,2022-11-29,executed,234.39400643,13.2,0.01,0.01,13.2,0.0,0.0
fixed,NVDA,2022-11-28,2022-11-29,executed,15.77810911,14.4,0.01,0.01,10.8,0.0,3.6
reserve_fixed,NVDA,2022-11-28,2022-11-29,executed,15.77810911,10.8,0.01,0.01,10.8,0.0,0.0
fixed,AAPL,2022-11-28,2022-11-29,executed,141.83055884,12.0,0.01,0.01,9.0,0.0,3.0
reserve_fixed,AAPL,2022-11-28,2022-11-29,executed,141.83055884,9.0,0.01,0.0,9.0,0.0,0.0
fixed,ASML,2022-11-28,2022-11-29,executed,565.88022972,8.0,0.01,0.0,6.0,0.0,2.0
reserve_fixed,ASML,2022-11-28,2022-11-29,executed,565.88022972,6.0,0.01,0.0,6.0,0.0,0.0
fixed,KO,2022-11-28,2022-11-29,executed,55.67098158,3.6,0.0,0.0,3.0,0.0,1.0
reserve_fixed,KO,2022-11-28,2022-11-29,executed,55.67098158,3.0,0.0,0.0,3.0,0.0,0.0
dca_l2_v2,BYDDY,2022-11-28,2022-11-29,executed,7.36222127,9.0,0.01,0.0,9.0,0.0,0.0
dca_l2_v2,MSFT,2022-11-28,2022-11-29,executed,234.39400643,6.6,0.01,0.0,6.6,0.0,0.0
dca_l2_v2,NVDA,2022-11-28,2022-11-29,executed,15.77810911,5.4,0.01,0.0,5.4,0.0,0.0
dca_l2_v2,AAPL,2022-11-28,2022-11-29,executed,141.83055884,4.5,0.0,0.0,4.5,0.0,0.0
dca_l2_v2,ASML,2022-11-28,2022-11-29,executed,565.88022972,3.0,0.0,0.0,3.0,0.0,0.0
dca_l2_v2,KO,2022-11-28,2022-11-29,executed,55.67098158,1.5,0.0,0.0,1.5,0.0,0.0
fixed,BYDDY,2022-12-05,2022-12-06,executed,8.19455523,30.0,0.03,0.01,22.5,0.0,7.5
reserve_fixed,BYDDY,2022-12-05,2022-12-06,executed,8.19455523,22.5,0.02,0.01,22.5,0.0,0.0
fixed,MSFT,2022-12-05,2022-12-06,executed,243.54059744,22.0,0.02,0.01,16.5,0.0,5.5
reserve_fixed,MSFT,2022-12-05,2022-12-06,executed,243.54059744,16.5,0.02,0.01,16.5,0.0,0.0
fixed,NVDA,2022-12-05,2022-12-06,executed,16.48315646,18.0,0.02,0.01,13.5,0.0,4.5
reserve_fixed,NVDA,2022-12-05,2022-12-06,executed,16.48315646,13.5,0.01,0.01,13.5,0.0,0.0
fixed,AAPL,2022-12-05,2022-12-06,executed,144.56319848,15.0,0.01,0.01,11.25,0.0,3.75
reserve_fixed,AAPL,2022-12-05,2022-12-06,executed,144.56319848,11.25,0.01,0.01,11.25,0.0,0.0
fixed,ASML,2022-12-05,2022-12-06,executed,584.68497439,10.0,0.01,0.01,7.5,0.0,2.5
reserve_fixed,ASML,2022-12-05,2022-12-06,executed,584.68497439,7.5,0.01,0.0,7.5,0.0,0.0
fixed,KO,2022-12-05,2022-12-06,executed,56.96258206,5.0,0.01,0.0,3.75,0.0,1.25
reserve_fixed,KO,2022-12-05,2022-12-06,executed,56.96258206,3.75,0.0,0.0,3.75,0.0,0.0
dca_l2_v2,BYDDY,2022-12-05,2022-12-06,executed,8.19455523,11.25,0.01,0.01,11.25,0.0,0.0
dca_l2_v2,MSFT,2022-12-05,2022-12-06,executed,243.54059744,8.25,0.01,0.0,8.25,0.0,0.0
dca_l2_v2,NVDA,2022-12-05,2022-12-06,executed,16.48315646,6.75,0.01,0.0,6.75,0.0,0.0
dca_l2_v2,AAPL,2022-12-05,2022-12-06,executed,144.56319848,5.63,0.01,0.0,5.63,0.0,0.0
dca_l2_v2,ASML,2022-12-05,2022-12-06,executed,584.68497439,3.75,0.0,0.0,3.75,0.0,0.0
dca_l2_v2,KO,2022-12-05,2022-12-06,executed,56.96258206,1.88,0.0,0.0,1.88,0.0,0.0
fixed,BYDDY,2022-12-12,2022-12-13,executed,8.88521639,30.0,0.03,0.01,22.5,0.0,7.5
reserve_fixed,BYDDY,2022-12-12,2022-12-13,executed,8.88521639,22.5,0.02,0.01,22.5,0.0,0.0
fixed,MSFT,2022-12-12,2022-12-13,executed,254.09510406,22.0,0.02,0.01,16.5,0.0,5.5
reserve_fixed,MSFT,2022-12-12,2022-12-13,executed,254.09510406,16.5,0.02,0.01,16.5,0.0,0.0
fixed,NVDA,2022-12-12,2022-12-13,executed,18.47848463,18.0,0.02,0.01,13.5,0.0,4.5
reserve_fixed,NVDA,2022-12-12,2022-12-13,executed,18.47848463,13.5,0.01,0.01,13.5,0.0,0.0
fixed,AAPL,2022-12-12,2022-12-13,executed,146.95177317,15.0,0.01,0.01,11.25,0.0,3.75
reserve_fixed,AAPL,2022-12-12,2022-12-13,executed,146.95177317,11.25,0.01,0.01,11.25,0.0,0.0
fixed,ASML,2022-12-12,2022-12-13,executed,622.93408439,10.0,0.01,0.01,7.5,0.0,2.5
reserve_fixed,ASML,2022-12-12,2022-12-13,executed,622.93408439,7.5,0.01,0.0,7.5,0.0,0.0
fixed,KO,2022-12-12,2022-12-13,executed,57.92210958,5.0,0.01,0.0,3.75,0.0,1.25
reserve_fixed,KO,2022-12-12,2022-12-13,executed,57.92210958,3.75,0.0,0.0,3.75,0.0,0.0
dca_l2_v2,BYDDY,2022-12-12,2022-12-13,executed,8.88521639,11.25,0.01,0.01,11.25,0.0,0.0
dca_l2_v2,MSFT,2022-12-12,2022-12-13,executed,254.09510406,8.25,0.01,0.0,8.25,0.0,0.0
dca_l2_v2,NVDA,2022-12-12,2022-12-13,executed,18.47848463,6.75,0.01,0.0,6.75,0.0,0.0
dca_l2_v2,AAPL,2022-12-12,2022-12-13,executed,146.95177317,5.63,0.01,0.0,5.63,0.0,0.0
dca_l2_v2,ASML,2022-12-12,2022-12-13,executed,622.93408439,3.75,0.0,0.0,3.75,0.0,0.0
dca_l2_v2,KO,2022-12-12,2022-12-13,executed,57.92210958,1.88,0.0,0.0,1.88,0.0,0.0
fixed,BYDDY,2022-12-19,2022-12-20,executed,8.27344165,30.0,0.03,0.01,22.5,0.0,7.5
reserve_fixed,BYDDY,2022-12-19,2022-12-20,executed,8.27344165,22.5,0.02,0.01,22.5,0.0,0.0
fixed,MSFT,2022-12-19,2022-12-20,executed,232.45203193,22.0,0.02,0.01,16.5,0.0,5.5
reserve_fixed,MSFT,2022-12-19,2022-12-20,executed,232.45203193,16.5,0.02,0.01,16.5,0.0,0.0
fixed,NVDA,2022-12-19,2022-12-20,executed,16.01847624,18.0,0.02,0.01,13.5,0.0,4.5
reserve_fixed,NVDA,2022-12-19,2022-12-20,executed,16.01847624,13.5,0.01,0.01,13.5,0.0,0.0
fixed,AAPL,2022-12-19,2022-12-20,executed,129.15041694,15.0,0.01,0.01,11.25,0.0,3.75
reserve_fixed,AAPL,2022-12-19,2022-12-20,executed,129.15041694,11.25,0.01,0.01,11.25,0.0,0.0
fixed,ASML,2022-12-19,2022-12-20,executed,544.71131955,10.0,0.01,0.01,7.5,0.0,2.5
reserve_fixed,ASML,2022-12-19,2022-12-20,executed,544.71131955,7.5,0.01,0.0,7.5,0.0,0.0
fixed,KO,2022-12-19,2022-12-20,executed,56.33484635,5.0,0.01,0.0,3.75,0.0,1.25
reserve_fixed,KO,2022-12-19,2022-12-20,executed,56.33484635,3.75,0.0,0.0,3.75,0.0,0.0
dca_l2_v2,BYDDY,2022-12-19,2022-12-20,executed,8.27344165,11.25,0.01,0.01,11.25,0.0,0.0
dca_l2_v2,MSFT,2022-12-19,2022-12-20,executed,232.45203193,8.25,0.01,0.0,8.25,0.0,0.0
dca_l2_v2,NVDA,2022-12-19,2022-12-20,executed,16.01847624,6.75,0.01,0.0,6.75,0.0,0.0
dca_l2_v2,AAPL,2022-12-19,2022-12-20,executed,129.15041694,5.63,0.01,0.0,5.63,0.0,0.0
dca_l2_v2,ASML,2022-12-19,2022-12-20,executed,544.71131955,3.75,0.0,0.0,3.75,0.0,0.0
dca_l2_v2,KO,2022-12-19,2022-12-20,executed,56.33484635,1.88,0.0,0.0,1.88,0.0,0.0
fixed,BYDDY,2022-12-23,2022-12-27,executed,7.82105157,30.0,0.03,0.01,22.5,0.0,7.5
reserve_fixed,BYDDY,2022-12-23,2022-12-27,executed,7.82105157,22.5,0.02,0.01,22.5,0.0,0.0
fixed,MSFT,2022-12-23,2022-12-27,executed,231.77234026,22.0,0.02,0.01,16.5,0.0,5.5
reserve_fixed,MSFT,2022-12-23,2022-12-27,executed,231.77234026,16.5,0.02,0.01,16.5,0.0,0.0
fixed,NVDA,2022-12-23,2022-12-27,executed,15.03127988,18.0,0.02,0.01,13.5,0.0,4.5
reserve_fixed,NVDA,2022-12-23,2022-12-27,executed,15.03127988,13.5,0.01,0.01,13.5,0.0,0.0
fixed,AAPL,2022-12-23,2022-12-27,executed,129.14063405,15.0,0.01,0.01,11.25,0.0,3.75
reserve_fixed,AAPL,2022-12-23,2022-12-27,executed,129.14063405,11.25,0.01,0.01,11.25,0.0,0.0
fixed,ASML,2022-12-23,2022-12-27,executed,529.02609286,10.0,0.01,0.01,7.5,0.0,2.5
reserve_fixed,ASML,2022-12-23,2022-12-27,executed,529.02609286,7.5,0.01,0.0,7.5,0.0,0.0
fixed,KO,2022-12-23,2022-12-27,executed,57.3302568,4.6,0.0,0.0,3.75,0.0,1.25
reserve_fixed,KO,2022-12-23,2022-12-27,executed,57.3302568,3.75,0.0,0.0,3.75,0.0,0.0
dca_l2_v2,BYDDY,2022-12-23,2022-12-27,executed,7.82105157,11.25,0.01,0.01,11.25,0.0,0.0
dca_l2_v2,MSFT,2022-12-23,2022-12-27,executed,231.77234026,8.25,0.01,0.0,8.25,0.0,0.0
dca_l2_v2,NVDA,2022-12-23,2022-12-27,executed,15.03127988,6.75,0.01,0.0,6.75,0.0,0.0
dca_l2_v2,AAPL,2022-12-23,2022-12-27,executed,129.14063405,5.63,0.01,0.0,5.63,0.0,0.0
dca_l2_v2,ASML,2022-12-23,2022-12-27,executed,529.02609286,3.75,0.0,0.0,3.75,0.0,0.0
dca_l2_v2,KO,2022-12-23,2022-12-27,executed,57.3302568,1.88,0.0,0.0,1.88,0.0,0.0
fixed,BYDDY,2022-12-30,2023-01-03,executed,8.26056422,24.0,0.02,0.01,18.0,0.0,6.0
reserve_fixed,BYDDY,2022-12-30,2023-01-03,executed,8.26056422,18.0,0.02,0.01,18.0,0.0,0.0
fixed,MSFT,2022-12-30,2023-01-03,executed,236.02522063,17.6,0.02,0.01,13.2,0.0,4.4
reserve_fixed,MSFT,2022-12-30,2023-01-03,executed,236.02522063,13.2,0.01,0.01,13.2,0.0,0.0
fixed,NVDA,2022-12-30,2023-01-03,executed,14.80891376,14.4,0.01,0.01,10.8,0.0,3.6
reserve_fixed,NVDA,2022-12-30,2023-01-03,executed,14.80891376,10.8,0.01,0.01,10.8,0.0,0.0
fixed,AAPL,2022-12-30,2023-01-03,executed,128.05936468,12.0,0.01,0.01,9.0,0.0,3.0
reserve_fixed,AAPL,2022-12-30,2023-01-03,executed,128.05936468,9.0,0.01,0.0,9.0,0.0,0.0
fixed,ASML,2022-12-30,2023-01-03,executed,543.78131878,8.0,0.01,0.0,6.0,0.0,2.0
reserve_fixed,ASML,2022-12-30,2023-01-03,executed,543.78131878,6.0,0.01,0.0,6.0,0.0,0.0
fixed,KO,2022-12-30,2023-01-03,executed,56.99844998,4.0,0.0,0.0,3.0,0.0,1.0
reserve_fixed,KO,2022-12-30,2023-01-03,executed,56.99844998,3.0,0.0,0.0,3.0,0.0,0.0
dca_l2_v2,BYDDY,2022-12-30,2023-01-03,executed,8.26056422,9.0,0.01,0.0,9.0,0.0,0.0
dca_l2_v2,MSFT,2022-12-30,2023-01-03,executed,236.02522063,6.6,0.01,0.0,6.6,0.0,0.0
dca_l2_v2,NVDA,2022-12-30,2023-01-03,executed,14.80891376,5.4,0.01,0.0,5.4,0.0,0.0
dca_l2_v2,AAPL,2022-12-30,2023-01-03,executed,128.05936468,4.5,0.0,0.0,4.5,0.0,0.0
dca_l2_v2,ASML,2022-12-30,2023-01-03,executed,543.78131878,3.0,0.0,0.0,3.0,0.0,0.0
dca_l2_v2,KO,2022-12-30,2023-01-03,executed,56.99844998,1.5,0.0,0.0,1.5,0.0,0.0
fixed,BYDDY,2023-01-09,2023-01-10,executed,8.53425099,24.0,0.02,0.01,18.0,0.0,6.0
reserve_fixed,BYDDY,2023-01-09,2023-01-10,executed,8.53425099,18.0,0.02,0.01,18.0,0.0,0.0
fixed,MSFT,2023-01-09,2023-01-10,executed,221.14985467,17.6,0.02,0.01,13.2,0.0,4.4
reserve_fixed,MSFT,2023-01-09,2023-01-10,executed,221.14985467,13.2,0.01,0.01,13.2,0.0,0.0
fixed,NVDA,2023-01-09,2023-01-10,executed,15.46305266,14.4,0.01,0.01,10.8,0.0,3.6
reserve_fixed,NVDA,2023-01-09,2023-01-10,executed,15.46305266,10.8,0.01,0.01,10.8,0.0,0.0
fixed,AAPL,2023-01-09,2023-01-10,executed,128.03969786,12.0,0.01,0.01,9.0,0.0,3.0
reserve_fixed,AAPL,2023-01-09,2023-01-10,executed,128.03969786,9.0,0.01,0.0,9.0,0.0,0.0
fixed,ASML,2023-01-09,2023-01-10,executed,603.2186646,8.0,0.01,0.0,6.0,0.0,2.0
reserve_fixed,ASML,2023-01-09,2023-01-10,executed,603.2186646,6.0,0.01,0.0,6.0,0.0,0.0
fixed,KO,2023-01-09,2023-01-10,executed,56.13755075,4.0,0.0,0.0,3.0,0.0,1.0
reserve_fixed,KO,2023-01-09,2023-01-10,executed,56.13755075,3.0,0.0,0.0,3.0,0.0,0.0
dca_l2_v2,BYDDY,2023-01-09,2023-01-10,executed,8.53425099,9.0,0.01,0.0,9.0,0.0,0.0
dca_l2_v2,MSFT,2023-01-09,2023-01-10,executed,221.14985467,6.6,0.01,0.0,6.6,0.0,0.0
dca_l2_v2,NVDA,2023-01-09,2023-01-10,executed,15.46305266,5.4,0.01,0.0,5.4,0.0,0.0
dca_l2_v2,AAPL,2023-01-09,2023-01-10,executed,128.03969786,4.5,0.0,0.0,4.5,0.0,0.0
dca_l2_v2,ASML,2023-01-09,2023-01-10,executed,603.2186646,3.0,0.0,0.0,3.0,0.0,0.0
dca_l2_v2,KO,2023-01-09,2023-01-10,executed,56.13755075,1.5,0.0,0.0,1.5,0.0,0.0
fixed,BYDDY,2023-01-13,2023-01-17,executed,9.1701738,24.0,0.02,0.01,18.0,0.0,6.0
reserve_fixed,BYDDY,2023-01-13,2023-01-17,executed,9.1701738,18.0,0.02,0.01,18.0,0.0,0.0
fixed,MSFT,2023-01-13,2023-01-17,executed,231.06352503,17.6,0.02,0.01,13.2,0.0,4.4
reserve_fixed,MSFT,2023-01-13,2023-01-17,executed,231.06352503,13.2,0.01,0.01,13.2,0.0,0.0
fixed,NVDA,2023-01-13,2023-01-17,executed,16.85111034,14.4,0.01,0.01,10.8,0.0,3.6
reserve_fixed,NVDA,2023-01-13,2023-01-17,executed,16.85111034,10.8,0.01,0.01,10.8,0.0,0.0
fixed,AAPL,2023-01-13,2023-01-17,executed,132.5318348,12.0,0.01,0.01,9.0,0.0,3.0
reserve_fixed,AAPL,2023-01-13,2023-01-17,executed,132.5318348,9.0,0.01,0.0,9.0,0.0,0.0
fixed,ASML,2023-01-13,2023-01-17,executed,630.80094885,8.0,0.01,0.0,6.0,0.0,2.0
reserve_fixed,ASML,2023-01-13,2023-01-17,executed,630.80094885,6.0,0.01,0.0,6.0,0.0,0.0
fixed,KO,2023-01-13,2023-01-17,executed,55.35737686,4.0,0.0,0.0,3.0,0.0,1.0
reserve_fixed,KO,2023-01-13,2023-01-17,executed,55.35737686,3.0,0.0,0.0,3.0,0.0,0.0
dca_l2_v2,BYDDY,2023-01-13,2023-01-17,executed,9.1701738,9.0,0.01,0.0,9.0,0.0,0.0
dca_l2_v2,MSFT,2023-01-13,2023-01-17,executed,231.06352503,6.6,0.01,0.0,6.6,0.0,0.0
dca_l2_v2,NVDA,2023-01-13,2023-01-17,executed,16.85111034,5.4,0.01,0.0,5.4,0.0,0.0
dca_l2_v2,AAPL,2023-01-13,2023-01-17,executed,132.5318348,4.5,0.0,0.0,4.5,0.0,0.0
dca_l2_v2,ASML,2023-01-13,2023-01-17,executed,630.80094885,3.0,0.0,0.0,3.0,0.0,0.0
dca_l2_v2,KO,2023-01-13,2023-01-17,executed,55.35737686,1.5,0.0,0.0,1.5,0.0,0.0
fixed,BYDDY,2023-01-23,2023-01-24,executed,9.6306149,24.0,0.02,0.01,18.0,0.0,6.0
reserve_fixed,BYDDY,2023-01-23,2023-01-24,executed,9.6306149,18.0,0.02,0.01,18.0,0.0,0.0
fixed,MSFT,2023-01-23,2023-01-24,executed,235.4620692,17.6,0.02,0.01,13.2,0.0,4.4
reserve_fixed,MSFT,2023-01-23,2023-01-24,executed,235.4620692,13.2,0.01,0.01,13.2,0.0,0.0
fixed,NVDA,2023-01-23,2023-01-24,executed,18.77364413,14.4,0.01,0.01,10.8,0.0,3.6
reserve_fixed,NVDA,2023-01-23,2023-01-24,executed,18.77364413,10.8,0.01,0.01,10.8,0.0,0.0
fixed,AAPL,2023-01-23,2023-01-24,executed,137.91843275,12.0,0.01,0.01,9.0,0.0,3.0
reserve_fixed,AAPL,2023-01-23,2023-01-24,executed,137.91843275,9.0,0.01,0.0,9.0,0.0,0.0
fixed,ASML,2023-01-23,2023-01-24,executed,645.93392856,8.0,0.01,0.0,6.0,0.0,2.0
reserve_fixed,ASML,2023-01-23,2023-01-24,executed,645.93392856,6.0,0.01,0.0,6.0,0.0,0.0
fixed,KO,2023-01-23,2023-01-24,executed,53.87770339,4.0,0.0,0.0,3.0,0.0,1.0
reserve_fixed,KO,2023-01-23,2023-01-24,executed,53.87770339,3.0,0.0,0.0,3.0,0.0,0.0
dca_l2_v2,BYDDY,2023-01-23,2023-01-24,executed,9.6306149,9.0,0.01,0.0,9.0,0.0,0.0
dca_l2_v2,MSFT,2023-01-23,2023-01-24,executed,235.4620692,6.6,0.01,0.0,6.6,0.0,0.0
dca_l2_v2,NVDA,2023-01-23,2023-01-24,executed,18.77364413,5.4,0.01,0.0,5.4,0.0,0.0
dca_l2_v2,AAPL,2023-01-23,2023-01-24,executed,137.91843275,4.5,0.0,0.0,4.5,0.0,0.0
dca_l2_v2,ASML,2023-01-23,2023-01-24,executed,645.93392856,3.0,0.0,0.0,3.0,0.0,0.0
dca_l2_v2,KO,2023-01-23,2023-01-24,executed,53.87770339,1.5,0.0,0.0,1.5,0.0,0.0
fixed,BYDDY,2023-01-30,2023-01-31,executed,10.11359427,24.0,0.02,0.01,18.0,0.0,6.0
reserve_fixed,BYDDY,2023-01-30,2023-01-31,executed,10.11359427,18.0,0.02,0.01,18.0,0.0,0.0
fixed,MSFT,2023-01-30,2023-01-31,executed,236.38449718,17.6,0.02,0.01,13.2,0.0,4.4
reserve_fixed,MSFT,2023-01-30,2023-01-31,executed,236.38449718,13.2,0.01,0.01,13.2,0.0,0.0
fixed,NVDA,2023-01-30,2023-01-31,executed,19.11567306,14.4,0.01,0.01,10.8,0.0,3.6
reserve_fixed,NVDA,2023-01-30,2023-01-31,executed,19.11567306,10.8,0.01,0.01,10.8,0.0,0.0
fixed,AAPL,2023-01-30,2023-01-31,executed,140.26765878,12.0,0.01,0.01,9.0,0.0,3.0
reserve_fixed,AAPL,2023-01-30,2023-01-31,executed,140.26765878,9.0,0.01,0.0,9.0,0.0,0.0
fixed,ASML,2023-01-30,2023-01-31,executed,630.91724097,8.0,0.01,0.0,6.0,0.0,2.0
reserve_fixed,ASML,2023-01-30,2023-01-31,executed,630.91724097,6.0,0.01,0.0,6.0,0.0,0.0
fixed,KO,2023-01-30,2023-01-31,executed,54.68478473,3.6,0.0,0.0,3.0,0.0,1.0
reserve_fixed,KO,2023-01-30,2023-01-31,executed,54.68478473,3.0,0.0,0.0,3.0,0.0,0.0
dca_l2_v2,BYDDY,2023-01-30,2023-01-31,executed,10.11359427,9.0,0.01,0.0,9.0,0.0,0.0
dca_l2_v2,MSFT,2023-01-30,2023-01-31,executed,236.38449718,6.6,0.01,0.0,6.6,0.0,0.0
dca_l2_v2,NVDA,2023-01-30,2023-01-31,executed,19.11567306,5.4,0.01,0.0,5.4,0.0,0.0
dca_l2_v2,AAPL,2023-01-30,2023-01-31,executed,140.26765878,4.5,0.0,0.0,4.5,0.0,0.0
dca_l2_v2,ASML,2023-01-30,2023-01-31,executed,630.91724097,3.0,0.0,0.0,3.0,0.0,0.0
dca_l2_v2,KO,2023-01-30,2023-01-31,executed,54.68478473,1.5,0.0,0.0,1.5,0.0,0.0
fixed,BYDDY,2023-02-06,2023-02-07,executed,10.10876486,30.0,0.03,0.01,22.5,0.0,7.5
reserve_fixed,BYDDY,2023-02-06,2023-02-07,executed,10.10876486,22.5,0.02,0.01,22.5,0.0,0.0
fixed,MSFT,2023-02-06,2023-02-07,executed,252.96883821,22.0,0.02,0.01,16.5,0.0,5.5
reserve_fixed,MSFT,2023-02-06,2023-02-07,executed,252.96883821,16.5,0.02,0.01,16.5,0.0,0.0
fixed,NVDA,2023-02-06,2023-02-07,executed,21.32140437,18.0,0.02,0.01,13.5,0.0,4.5
reserve_fixed,NVDA,2023-02-06,2023-02-07,executed,21.32140437,13.5,0.01,0.01,13.5,0.0,0.0
fixed,AAPL,2023-02-06,2023-02-07,executed,148.07235818,15.0,0.01,0.01,11.25,0.0,3.75
reserve_fixed,AAPL,2023-02-06,2023-02-07,executed,148.07235818,11.25,0.01,0.01,11.25,0.0,0.0
fixed,ASML,2023-02-06,2023-02-07,executed,640.07353783,10.0,0.01,0.01,7.5,0.0,2.5
reserve_fixed,ASML,2023-02-06,2023-02-07,executed,640.07353783,7.5,0.01,0.0,7.5,0.0,0.0
fixed,KO,2023-02-06,2023-02-07,executed,53.51003265,5.0,0.01,0.0,3.75,0.0,1.25
reserve_fixed,KO,2023-02-06,2023-02-07,executed,53.51003265,3.75,0.0,0.0,3.75,0.0,0.0
dca_l2_v2,BYDDY,2023-02-06,2023-02-07,executed,10.10876486,11.25,0.01,0.01,11.25,0.0,0.0
dca_l2_v2,MSFT,2023-02-06,2023-02-07,executed,252.96883821,8.25,0.01,0.0,8.25,0.0,0.0
dca_l2_v2,NVDA,2023-02-06,2023-02-07,executed,21.32140437,6.75,0.01,0.0,6.75,0.0,0.0
dca_l2_v2,AAPL,2023-02-06,2023-02-07,executed,148.07235818,5.63,0.01,0.0,5.63,0.0,0.0
dca_l2_v2,ASML,2023-02-06,2023-02-07,executed,640.07353783,3.75,0.0,0.0,3.75,0.0,0.0
dca_l2_v2,KO,2023-02-06,2023-02-07,executed,53.51003265,1.88,0.0,0.0,1.88,0.0,0.0
fixed,BYDDY,2023-02-13,2023-02-14,executed,9.79160936,30.0,0.03,0.01,22.5,0.0,7.5
reserve_fixed,BYDDY,2023-02-13,2023-02-14,executed,9.79160936,22.5,0.02,0.01,22.5,0.0,0.0
fixed,MSFT,2023-02-13,2023-02-14,executed,264.7565051,22.0,0.02,0.01,16.5,0.0,5.5
reserve_fixed,MSFT,2023-02-13,2023-02-14,executed,264.7565051,16.5,0.02,0.01,16.5,0.0,0.0
fixed,NVDA,2023-02-13,2023-02-14,executed,21.51685005,18.0,0.02,0.01,13.5,0.0,4.5
reserve_fixed,NVDA,2023-02-13,2023-02-14,executed,21.51685005,13.5,0.01,0.01,13.5,0.0,0.0
fixed,AAPL,2023-02-13,2023-02-14,executed,149.75541329,15.0,0.01,0.01,11.25,0.0,3.75
reserve_fixed,AAPL,2023-02-13,2023-02-14,executed,149.75541329,11.25,0.01,0.01,11.25,0.0,0.0
fixed,ASML,2023-02-13,2023-02-14,executed,642.47172633,10.0,0.01,0.01,7.5,0.0,2.5
reserve_fixed,ASML,2023-02-13,2023-02-14,executed,642.47172633,7.5,0.01,0.0,7.5,0.0,0.0
fixed,KO,2023-02-13,2023-02-14,executed,53.99428665,5.0,0.01,0.0,3.75,0.0,1.25
reserve_fixed,KO,2023-02-13,2023-02-14,executed,53.99428665,3.75,0.0,0.0,3.75,0.0,0.0
dca_l2_v2,BYDDY,2023-02-13,2023-02-14,executed,9.79160936,24.31,0.02,0.01,22.5,1.81,0.0
dca_l2_v2,MSFT,2023-02-13,2023-02-14,executed,264.7565051,16.5,0.02,0.01,16.5,0.0,0.0
dca_l2_v2,NVDA,2023-02-13,2023-02-14,executed,21.51685005,13.5,0.01,0.01,13.5,0.0,0.0
dca_l2_v2,AAPL,2023-02-13,2023-02-14,executed,149.75541329,11.25,0.01,0.01,11.25,0.0,0.0
dca_l2_v2,ASML,2023-02-13,2023-02-14,executed,642.47172633,7.5,0.01,0.0,7.5,0.0,0.0
dca_l2_v2,KO,2023-02-13,2023-02-14,executed,53.99428665,3.83,0.0,0.0,3.75,0.08,0.0
fixed,BYDDY,2023-02-17,2023-02-21,executed,9.29735936,30.0,0.03,0.01,22.5,0.0,7.5
reserve_fixed,BYDDY,2023-02-17,2023-02-21,executed,9.29735936,22.5,0.02,0.01,22.5,0.0,0.0
fixed,MSFT,2023-02-17,2023-02-21,executed,247.71327474,22.0,0.02,0.01,16.5,0.0,5.5
reserve_fixed,MSFT,2023-02-17,2023-02-21,executed,247.71327474,16.5,0.02,0.01,16.5,0.0,0.0
fixed,NVDA,2023-02-17,2023-02-21,executed,20.94048701,18.0,0.02,0.01,13.5,0.0,4.5
reserve_fixed,NVDA,2023-02-17,2023-02-21,executed,20.94048701,13.5,0.01,0.01,13.5,0.0,0.0
fixed,AAPL,2023-02-17,2023-02-21,executed,147.86525268,15.0,0.01,0.01,11.25,0.0,3.75
reserve_fixed,AAPL,2023-02-17,2023-02-21,executed,147.86525268,11.25,0.01,0.01,11.25,0.0,0.0
fixed,ASML,2023-02-17,2023-02-21,executed,619.46083963,10.0,0.01,0.01,7.5,0.0,2.5
reserve_fixed,ASML,2023-02-17,2023-02-21,executed,619.46083963,7.5,0.01,0.0,7.5,0.0,0.0
fixed,KO,2023-02-17,2023-02-21,executed,53.79699506,5.0,0.01,0.0,3.75,0.0,1.25
reserve_fixed,KO,2023-02-17,2023-02-21,executed,53.79699506,3.75,0.0,0.0,3.75,0.0,0.0
dca_l2_v2,BYDDY,2023-02-17,2023-02-21,executed,9.29735936,26.09,0.03,0.01,22.5,3.59,0.0
dca_l2_v2,MSFT,2023-02-17,2023-02-21,executed,247.71327474,16.5,0.02,0.01,16.5,0.0,0.0
dca_l2_v2,NVDA,2023-02-17,2023-02-21,executed,20.94048701,14.14,0.01,0.01,13.5,0.64,0.0
dca_l2_v2,AAPL,2023-02-17,2023-02-21,executed,147.86525268,11.25,0.01,0.01,11.25,0.0,0.0
dca_l2_v2,ASML,2023-02-17,2023-02-21,executed,619.46083963,7.73,0.01,0.0,7.5,0.23,0.0
dca_l2_v2,KO,2023-02-17,2023-02-21,executed,53.79699506,3.88,0.0,0.0,3.75,0.13,0.0
fixed,BYDDY,2023-02-27,2023-02-28,executed,8.7113445,30.0,0.03,0.01,22.5,0.0,7.5
reserve_fixed,BYDDY,2023-02-27,2023-02-28,executed,8.7113445,22.5,0.02,0.01,22.5,0.0,0.0
fixed,MSFT,2023-02-27,2023-02-28,executed,242.44715299,22.0,0.02,0.01,16.5,0.0,5.5
reserve_fixed,MSFT,2023-02-27,2023-02-28,executed,242.44715299,16.5,0.02,0.01,16.5,0.0,0.0
fixed,NVDA,2023-02-27,2023-02-28,executed,23.30576506,18.0,0.02,0.01,13.5,0.0,4.5
reserve_fixed,NVDA,2023-02-27,2023-02-28,executed,23.30576506,13.5,0.01,0.01,13.5,0.0,0.0
fixed,AAPL,2023-02-27,2023-02-28,executed,144.76422994,15.0,0.01,0.01,11.25,0.0,3.75
reserve_fixed,AAPL,2023-02-27,2023-02-28,executed,144.76422994,11.25,0.01,0.01,11.25,0.0,0.0
fixed,ASML,2023-02-27,2023-02-28,executed,594.64391637,10.0,0.01,0.01,7.5,0.0,2.5
reserve_fixed,ASML,2023-02-27,2023-02-28,executed,594.64391637,7.5,0.01,0.0,7.5,0.0,0.0
fixed,KO,2023-02-27,2023-02-28,executed,53.53693609,4.6,0.0,0.0,3.75,0.0,1.25
reserve_fixed,KO,2023-02-27,2023-02-28,executed,53.53693609,3.75,0.0,0.0,3.75,0.0,0.0
dca_l2_v2,BYDDY,2023-02-27,2023-02-28,executed,8.7113445,11.25,0.01,0.01,11.25,0.0,0.0
dca_l2_v2,MSFT,2023-02-27,2023-02-28,executed,242.44715299,8.25,0.01,0.0,8.25,0.0,0.0
dca_l2_v2,NVDA,2023-02-27,2023-02-28,executed,23.30576506,6.75,0.01,0.0,6.75,0.0,0.0
dca_l2_v2,AAPL,2023-02-27,2023-02-28,executed,144.76422994,5.63,0.01,0.0,5.63,0.0,0.0
dca_l2_v2,ASML,2023-02-27,2023-02-28,executed,594.64391637,3.75,0.0,0.0,3.75,0.0,0.0
dca_l2_v2,KO,2023-02-27,2023-02-28,executed,53.53693609,1.88,0.0,0.0,1.88,0.0,0.0
fixed,BYDDY,2023-03-06,2023-03-07,executed,9.16695419,30.0,0.03,0.01,22.5,0.0,7.5
reserve_fixed,BYDDY,2023-03-06,2023-03-07,executed,9.16695419,22.5,0.02,0.01,22.5,0.0,0.0
fixed,MSFT,2023-03-06,2023-03-07,executed,249.48489211,22.0,0.02,0.01,16.5,0.0,5.5
reserve_fixed,MSFT,2023-03-06,2023-03-07,executed,249.48489211,16.5,0.02,0.01,16.5,0.0,0.0
fixed,NVDA,2023-03-06,2023-03-07,executed,23.53711468,18.0,0.02,0.01,13.5,0.0,4.5
reserve_fixed,NVDA,2023-03-06,2023-03-07,executed,23.53711468,13.5,0.01,0.01,13.5,0.0,0.0
fixed,AAPL,2023-03-06,2023-03-07,executed,151.31084762,15.0,0.01,0.01,11.25,0.0,3.75
reserve_fixed,AAPL,2023-03-06,2023-03-07,executed,151.31084762,11.25,0.01,0.01,11.25,0.0,0.0
fixed,ASML,2023-03-06,2023-03-07,executed,601.34323736,10.0,0.01,0.01,7.5,0.0,2.5
reserve_fixed,ASML,2023-03-06,2023-03-07,executed,601.34323736,7.5,0.01,0.0,7.5,0.0,0.0
fixed,KO,2023-03-06,2023-03-07,executed,54.24538114,5.0,0.01,0.0,3.75,0.0,1.25
reserve_fixed,KO,2023-03-06,2023-03-07,executed,54.24538114,3.75,0.0,0.0,3.75,0.0,0.0
dca_l2_v2,BYDDY,2023-03-06,2023-03-07,executed,9.16695419,11.25,0.01,0.01,11.25,0.0,0.0
dca_l2_v2,MSFT,2023-03-06,2023-03-07,executed,249.48489211,8.25,0.01,0.0,8.25,0.0,0.0
dca_l2_v2,NVDA,2023-03-06,2023-03-07,executed,23.53711468,6.75,0.01,0.0,6.75,0.0,0.0
dca_l2_v2,AAPL,2023-03-06,2023-03-07,executed,151.31084762,5.63,0.01,0.0,5.63,0.0,0.0
dca_l2_v2,ASML,2023-03-06,2023-03-07,executed,601.34323736,3.75,0.0,0.0,3.75,0.0,0.0
dca_l2_v2,KO,2023-03-06,2023-03-07,executed,54.24538114,1.88,0.0,0.0,1.88,0.0,0.0
fixed,BYDDY,2023-03-13,2023-03-14,executed,8.04966182,30.0,0.03,0.01,22.5,0.0,7.5
reserve_fixed,BYDDY,2023-03-13,2023-03-14,executed,8.04966182,22.5,0.02,0.01,22.5,0.0,0.0
fixed,MSFT,2023-03-13,2023-03-14,executed,249.92291901,22.0,0.02,0.01,16.5,0.0,5.5
reserve_fixed,MSFT,2023-03-13,2023-03-14,executed,249.92291901,16.5,0.02,0.01,16.5,0.0,0.0
fixed,NVDA,2023-03-13,2023-03-14,executed,23.43339184,18.0,0.02,0.01,13.5,0.0,4.5
reserve_fixed,NVDA,2023-03-13,2023-03-14,executed,23.43339184,13.5,0.01,0.01,13.5,0.0,0.0
fixed,AAPL,2023-03-13,2023-03-14,executed,148.92848803,15.0,0.01,0.01,11.25,0.0,3.75
reserve_fixed,AAPL,2023-03-13,2023-03-14,executed,148.92848803,11.25,0.01,0.01,11.25,0.0,0.0
fixed,ASML,2023-03-13,2023-03-14,executed,599.53734186,10.0,0.01,0.01,7.5,0.0,2.5
reserve_fixed,ASML,2023-03-13,2023-03-14,executed,599.53734186,7.5,0.01,0.0,7.5,0.0,0.0
fixed,KO,2023-03-13,2023-03-14,executed,53.80596254,5.0,0.01,0.0,3.75,0.0,1.25
reserve_fixed,KO,2023-03-13,2023-03-14,executed,53.80596254,3.75,0.0,0.0,3.75,0.0,0.0
dca_l2_v2,BYDDY,2023-03-13,2023-03-14,executed,8.04966182,11.25,0.01,0.01,11.25,0.0,0.0
dca_l2_v2,MSFT,2023-03-13,2023-03-14,executed,249.92291901,8.25,0.01,0.0,8.25,0.0,0.0
dca_l2_v2,NVDA,2023-03-13,2023-03-14,executed,23.43339184,6.75,0.01,0.0,6.75,0.0,0.0
dca_l2_v2,AAPL,2023-03-13,2023-03-14,executed,148.92848803,5.63,0.01,0.0,5.63,0.0,0.0
dca_l2_v2,ASML,2023-03-13,2023-03-14,executed,599.53734186,3.75,0.0,0.0,3.75,0.0,0.0
dca_l2_v2,KO,2023-03-13,2023-03-14,executed,53.80596254,1.88,0.0,0.0,1.88,0.0,0.0
fixed,BYDDY,2023-03-20,2023-03-21,executed,8.2895417,30.0,0.03,0.01,22.5,0.0,7.5
reserve_fixed,BYDDY,2023-03-20,2023-03-21,executed,8.2895417,22.5,0.02,0.01,22.5,0.0,0.0
fixed,MSFT,2023-03-20,2023-03-21,executed,267.57088358,22.0,0.02,0.01,16.5,0.0,5.5
reserve_fixed,MSFT,2023-03-20,2023-03-21,executed,267.57088358,16.5,0.02,0.01,16.5,0.0,0.0
fixed,NVDA,2023-03-20,2023-03-21,executed,26.11023659,18.0,0.02,0.01,13.5,0.0,4.5
reserve_fixed,NVDA,2023-03-20,2023-03-21,executed,26.11023659,13.5,0.01,0.01,13.5,0.0,0.0
fixed,AAPL,2023-03-20,2023-03-21,executed,154.87457659,15.0,0.01,0.01,11.25,0.0,3.75
reserve_fixed,AAPL,2023-03-20,2023-03-21,executed,154.87457659,11.25,0.01,0.01,11.25,0.0,0.0
fixed,ASML,2023-03-20,2023-03-21,executed,632.76260419,10.0,0.01,0.01,7.5,0.0,2.5
reserve_fixed,ASML,2023-03-20,2023-03-21,executed,632.76260419,7.5,0.01,0.0,7.5,0.0,0.0
fixed,KO,2023-03-20,2023-03-21,executed,54.7337612,5.0,0.01,0.0,3.75,0.0,1.25
reserve_fixed,KO,2023-03-20,2023-03-21,executed,54.7337612,3.75,0.0,0.0,3.75,0.0,0.0
dca_l2_v2,BYDDY,2023-03-20,2023-03-21,executed,8.2895417,11.25,0.01,0.01,11.25,0.0,0.0
dca_l2_v2,MSFT,2023-03-20,2023-03-21,executed,267.57088358,8.25,0.01,0.0,8.25,0.0,0.0
dca_l2_v2,NVDA,2023-03-20,2023-03-21,executed,26.11023659,6.75,0.01,0.0,6.75,0.0,0.0
dca_l2_v2,AAPL,2023-03-20,2023-03-21,executed,154.87457659,5.63,0.01,0.0,5.63,0.0,0.0
dca_l2_v2,ASML,2023-03-20,2023-03-21,executed,632.76260419,3.75,0.0,0.0,3.75,0.0,0.0
dca_l2_v2,KO,2023-03-20,2023-03-21,executed,54.7337612,1.88,0.0,0.0,1.88,0.0,0.0
fixed,BYDDY,2023-03-27,2023-03-28,executed,8.79827994,30.0,0.03,0.01,22.5,0.0,7.5
reserve_fixed,BYDDY,2023-03-27,2023-03-28,executed,8.79827994,22.5,0.02,0.01,22.5,0.0,0.0
fixed,MSFT,2023-03-27,2023-03-28,executed,268.45664524,22.0,0.02,0.01,16.5,0.0,5.5
reserve_fixed,MSFT,2023-03-27,2023-03-28,executed,268.45664524,16.5,0.02,0.01,16.5,0.0,0.0
fixed,NVDA,2023-03-27,2023-03-28,executed,26.37653067,18.0,0.02,0.01,13.5,0.0,4.5
reserve_fixed,NVDA,2023-03-27,2023-03-28,executed,26.37653067,13.5,0.01,0.01,13.5,0.0,0.0
fixed,AAPL,2023-03-27,2023-03-28,executed,155.51449639,15.0,0.01,0.01,11.25,0.0,3.75
reserve_fixed,AAPL,2023-03-27,2023-03-28,executed,155.51449639,11.25,0.01,0.01,11.25,0.0,0.0
fixed,ASML,2023-03-27,2023-03-28,executed,625.37368658,10.0,0.01,0.01,7.5,0.0,2.5
reserve_fixed,ASML,2023-03-27,2023-03-28,executed,625.37368658,7.5,0.01,0.0,7.5,0.0,0.0
fixed,KO,2023-03-27,2023-03-28,executed,55.47473851,4.6,0.0,0.0,3.75,0.0,1.25
reserve_fixed,KO,2023-03-27,2023-03-28,executed,55.47473851,3.75,0.0,0.0,3.75,0.0,0.0
dca_l2_v2,BYDDY,2023-03-27,2023-03-28,executed,8.79827994,53.57,0.05,0.03,22.5,6.07,25.0
dca_l2_v2,MSFT,2023-03-27,2023-03-28,executed,268.45664524,16.5,0.02,0.01,16.5,0.0,0.0
dca_l2_v2,NVDA,2023-03-27,2023-03-28,executed,26.37653067,13.5,0.01,0.01,13.5,0.0,0.0
dca_l2_v2,AAPL,2023-03-27,2023-03-28,executed,155.51449639,11.25,0.01,0.01,11.25,0.0,0.0
dca_l2_v2,ASML,2023-03-27,2023-03-28,executed,625.37368658,7.94,0.01,0.0,7.5,0.44,0.0
dca_l2_v2,KO,2023-03-27,2023-03-28,executed,55.47473851,3.75,0.0,0.0,3.75,0.0,0.0
fixed,BYDDY,2023-04-03,2023-04-04,executed,9.36980656,30.0,0.03,0.01,22.5,0.0,7.5
reserve_fixed,BYDDY,2023-04-03,2023-04-04,executed,9.36980656,22.5,0.02,0.01,22.5,0.0,0.0
fixed,MSFT,2023-04-03,2023-04-04,executed,279.59247337,22.0,0.02,0.01,16.5,0.0,5.5
reserve_fixed,MSFT,2023-04-03,2023-04-04,executed,279.59247337,16.5,0.02,0.01,16.5,0.0,0.0
fixed,NVDA,2023-04-03,2023-04-04,executed,27.89148177,18.0,0.02,0.01,13.5,0.0,4.5
reserve_fixed,NVDA,2023-04-03,2023-04-04,executed,27.89148177,13.5,0.01,0.01,13.5,0.0,0.0
fixed,AAPL,2023-04-03,2023-04-04,executed,164.01031718,15.0,0.01,0.01,11.25,0.0,3.75
reserve_fixed,AAPL,2023-04-03,2023-04-04,executed,164.01031718,11.25,0.01,0.01,11.25,0.0,0.0
fixed,ASML,2023-04-03,2023-04-04,executed,656.2297509,10.0,0.01,0.01,7.5,0.0,2.5
reserve_fixed,ASML,2023-04-03,2023-04-04,executed,656.2297509,7.5,0.01,0.0,7.5,0.0,0.0
fixed,KO,2023-04-03,2023-04-04,executed,56.3783841,5.0,0.01,0.0,3.75,0.0,1.25
reserve_fixed,KO,2023-04-03,2023-04-04,executed,56.3783841,3.75,0.0,0.0,3.75,0.0,0.0
dca_l2_v2,BYDDY,2023-04-03,2023-04-04,executed,9.36980656,25.92,0.03,0.01,22.5,3.42,0.0
dca_l2_v2,MSFT,2023-04-03,2023-04-04,executed,279.59247337,16.5,0.02,0.01,16.5,0.0,0.0
dca_l2_v2,NVDA,2023-04-03,2023-04-04,executed,27.89148177,13.5,0.01,0.01,13.5,0.0,0.0
dca_l2_v2,AAPL,2023-04-03,2023-04-04,executed,164.01031718,11.25,0.01,0.01,11.25,0.0,0.0
dca_l2_v2,ASML,2023-04-03,2023-04-04,executed,656.2297509,7.5,0.01,0.0,7.5,0.0,0.0
dca_l2_v2,KO,2023-04-03,2023-04-04,executed,56.3783841,3.75,0.0,0.0,3.75,0.0,0.0
fixed,BYDDY,2023-04-10,2023-04-11,executed,9.31989762,30.0,0.03,0.01,22.5,0.0,7.5
reserve_fixed,BYDDY,2023-04-10,2023-04-11,executed,9.31989762,22.5,0.02,0.01,22.5,0.0,0.0
fixed,MSFT,2023-04-10,2023-04-11,executed,278.15183041,22.0,0.02,0.01,16.5,0.0,5.5
reserve_fixed,MSFT,2023-04-10,2023-04-11,executed,278.15183041,16.5,0.02,0.01,16.5,0.0,0.0
fixed,NVDA,2023-04-10,2023-04-11,executed,27.65012615,18.0,0.02,0.01,13.5,0.0,4.5
reserve_fixed,NVDA,2023-04-10,2023-04-11,executed,27.65012615,13.5,0.01,0.01,13.5,0.0,0.0
fixed,AAPL,2023-04-10,2023-04-11,executed,159.82639426,15.0,0.01,0.01,11.25,0.0,3.75
reserve_fixed,AAPL,2023-04-10,2023-04-11,executed,159.82639426,11.25,0.01,0.01,11.25,0.0,0.0
fixed,ASML,2023-04-10,2023-04-11,executed,650.04501508,10.0,0.01,0.01,7.5,0.0,2.5
reserve_fixed,ASML,2023-04-10,2023-04-11,executed,650.04501508,7.5,0.01,0.0,7.5,0.0,0.0
fixed,KO,2023-04-10,2023-04-11,executed,56.61333552,5.0,0.01,0.0,3.75,0.0,1.25
reserve_fixed,KO,2023-04-10,2023-04-11,executed,56.61333552,3.75,0.0,0.0,3.75,0.0,0.0
dca_l2_v2,BYDDY,2023-04-10,2023-04-11,executed,9.31989762,26.34,0.03,0.01,22.5,3.84,0.0
dca_l2_v2,MSFT,2023-04-10,2023-04-11,executed,278.15183041,16.5,0.02,0.01,16.5,0.0,0.0
dca_l2_v2,NVDA,2023-04-10,2023-04-11,executed,27.65012615,13.5,0.01,0.01,13.5,0.0,0.0
dca_l2_v2,AAPL,2023-04-10,2023-04-11,executed,159.82639426,11.25,0.01,0.01,11.25,0.0,0.0
dca_l2_v2,ASML,2023-04-10,2023-04-11,executed,650.04501508,7.5,0.01,0.0,7.5,0.0,0.0
dca_l2_v2,KO,2023-04-10,2023-04-11,executed,56.61333552,3.75,0.0,0.0,3.75,0.0,0.0
fixed,BYDDY,2023-04-17,2023-04-18,executed,9.47123125,30.0,0.03,0.01,22.5,0.0,7.5
reserve_fixed,BYDDY,2023-04-17,2023-04-18,executed,9.47123125,22.5,0.02,0.01,22.5,0.0,0.0
fixed,MSFT,2023-04-17,2023-04-18,executed,283.81706261,22.0,0.02,0.01,16.5,0.0,5.5
reserve_fixed,MSFT,2023-04-17,2023-04-18,executed,283.81706261,16.5,0.02,0.01,16.5,0.0,0.0
fixed,NVDA,2023-04-17,2023-04-18,executed,27.45964096,18.0,0.02,0.01,13.5,0.0,4.5
reserve_fixed,NVDA,2023-04-17,2023-04-18,executed,27.45964096,13.5,0.01,0.01,13.5,0.0,0.0
fixed,AAPL,2023-04-17,2023-04-18,executed,163.51814721,15.0,0.01,0.01,11.25,0.0,3.75
reserve_fixed,AAPL,2023-04-17,2023-04-18,executed,163.51814721,11.25,0.01,0.01,11.25,0.0,0.0
fixed,ASML,2023-04-17,2023-04-18,executed,625.94662891,10.0,0.01,0.01,7.5,0.0,2.5
reserve_fixed,ASML,2023-04-17,2023-04-18,executed,625.94662891,7.5,0.01,0.0,7.5,0.0,0.0
fixed,KO,2023-04-17,2023-04-18,executed,57.39046989,5.0,0.01,0.0,3.75,0.0,1.25
reserve_fixed,KO,2023-04-17,2023-04-18,executed,57.39046989,3.75,0.0,0.0,3.75,0.0,0.0
dca_l2_v2,BYDDY,2023-04-17,2023-04-18,executed,9.47123125,26.03,0.03,0.01,22.5,3.53,0.0
dca_l2_v2,MSFT,2023-04-17,2023-04-18,executed,283.81706261,16.5,0.02,0.01,16.5,0.0,0.0
dca_l2_v2,NVDA,2023-04-17,2023-04-18,executed,27.45964096,13.5,0.01,0.01,13.5,0.0,0.0
dca_l2_v2,AAPL,2023-04-17,2023-04-18,executed,163.51814721,11.25,0.01,0.01,11.25,0.0,0.0
dca_l2_v2,ASML,2023-04-17,2023-04-18,executed,625.94662891,8.07,0.01,0.0,7.5,0.57,0.0
dca_l2_v2,KO,2023-04-17,2023-04-18,executed,57.39046989,3.75,0.0,0.0,3.75,0.0,0.0
fixed,BYDDY,2023-04-24,2023-04-25,executed,9.13314629,30.0,0.03,0.01,22.5,0.0,7.5
reserve_fixed,BYDDY,2023-04-24,2023-04-25,executed,9.13314629,22.5,0.02,0.01,22.5,0.0,0.0
fixed,MSFT,2023-04-24,2023-04-25,executed,272.07774789,22.0,0.02,0.01,16.5,0.0,5.5
reserve_fixed,MSFT,2023-04-24,2023-04-25,executed,272.07774789,16.5,0.02,0.01,16.5,0.0,0.0
fixed,NVDA,2023-04-24,2023-04-25,executed,27.00584818,18.0,0.02,0.01,13.5,0.0,4.5
reserve_fixed,NVDA,2023-04-24,2023-04-25,executed,27.00584818,13.5,0.01,0.01,13.5,0.0,0.0
fixed,AAPL,2023-04-24,2023-04-25,executed,162.62225049,15.0,0.01,0.01,11.25,0.0,3.75
reserve_fixed,AAPL,2023-04-24,2023-04-25,executed,162.62225049,11.25,0.01,0.01,11.25,0.0,0.0
fixed,ASML,2023-04-24,2023-04-25,executed,608.25626815,10.0,0.01,0.01,7.5,0.0,2.5
reserve_fixed,ASML,2023-04-24,2023-04-25,executed,608.25626815,7.5,0.01,0.0,7.5,0.0,0.0
fixed,KO,2023-04-24,2023-04-25,executed,57.98688895,4.6,0.0,0.0,3.75,0.0,1.25
reserve_fixed,KO,2023-04-24,2023-04-25,executed,57.98688895,3.75,0.0,0.0,3.75,0.0,0.0
dca_l2_v2,BYDDY,2023-04-24,2023-04-25,executed,9.13314629,19.09,0.02,0.01,19.09,0.0,0.0
dca_l2_v2,MSFT,2023-04-24,2023-04-25,executed,272.07774789,14.0,0.01,0.01,14.0,0.0,0.0
dca_l2_v2,NVDA,2023-04-24,2023-04-25,executed,27.00584818,11.46,0.01,0.01,11.46,0.0,0.0
dca_l2_v2,AAPL,2023-04-24,2023-04-25,executed,162.62225049,9.55,0.01,0.0,9.55,0.0,0.0
dca_l2_v2,ASML,2023-04-24,2023-04-25,executed,608.25626815,6.36,0.01,0.0,6.36,0.0,0.0
dca_l2_v2,KO,2023-04-24,2023-04-25,executed,57.98688895,3.18,0.0,0.0,3.18,0.0,0.0
fixed,BYDDY,2023-05-01,2023-05-02,executed,9.68374345,24.0,0.02,0.01,18.0,0.0,6.0
reserve_fixed,BYDDY,2023-05-01,2023-05-02,executed,9.68374345,18.0,0.02,0.01,18.0,0.0,0.0
fixed,MSFT,2023-05-01,2023-05-02,executed,299.57649939,17.6,0.02,0.01,13.2,0.0,4.4
reserve_fixed,MSFT,2023-05-01,2023-05-02,executed,299.57649939,13.2,0.01,0.01,13.2,0.0,0.0
fixed,NVDA,2023-05-01,2023-05-02,executed,28.60357864,14.4,0.01,0.01,10.8,0.0,3.6
reserve_fixed,NVDA,2023-05-01,2023-05-02,executed,28.60357864,10.8,0.01,0.01,10.8,0.0,0.0
fixed,AAPL,2023-05-01,2023-05-02,executed,167.44606219,12.0,0.01,0.01,9.0,0.0,3.0
reserve_fixed,AAPL,2023-05-01,2023-05-02,executed,167.44606219,9.0,0.01,0.0,9.0,0.0,0.0
fixed,ASML,2023-05-01,2023-05-02,executed,616.26809806,8.0,0.01,0.0,6.0,0.0,2.0
reserve_fixed,ASML,2023-05-01,2023-05-02,executed,616.26809806,6.0,0.01,0.0,6.0,0.0,0.0
fixed,KO,2023-05-01,2023-05-02,executed,57.9597634,4.0,0.0,0.0,3.0,0.0,1.0
reserve_fixed,KO,2023-05-01,2023-05-02,executed,57.9597634,3.0,0.0,0.0,3.0,0.0,0.0
dca_l2_v2,BYDDY,2023-05-01,2023-05-02,executed,9.68374345,18.0,0.02,0.01,18.0,0.0,0.0
dca_l2_v2,MSFT,2023-05-01,2023-05-02,executed,299.57649939,13.2,0.01,0.01,13.2,0.0,0.0
dca_l2_v2,NVDA,2023-05-01,2023-05-02,executed,28.60357864,10.8,0.01,0.01,10.8,0.0,0.0
dca_l2_v2,AAPL,2023-05-01,2023-05-02,executed,167.44606219,9.0,0.01,0.0,9.0,0.0,0.0
dca_l2_v2,ASML,2023-05-01,2023-05-02,executed,616.26809806,6.21,0.01,0.0,6.0,0.21,0.0
dca_l2_v2,KO,2023-05-01,2023-05-02,executed,57.9597634,3.0,0.0,0.0,3.0,0.0,0.0
fixed,BYDDY,2023-05-08,2023-05-09,executed,9.71755135,24.0,0.02,0.01,18.0,0.0,6.0
reserve_fixed,BYDDY,2023-05-08,2023-05-09,executed,9.71755135,18.0,0.02,0.01,18.0,0.0,0.0
fixed,MSFT,2023-05-08,2023-05-09,executed,299.81010014,17.6,0.02,0.01,13.2,0.0,4.4
reserve_fixed,MSFT,2023-05-08,2023-05-09,executed,299.81010014,13.2,0.01,0.01,13.2,0.0,0.0
fixed,NVDA,2023-05-08,2023-05-09,executed,28.8219948,14.4,0.01,0.01,10.8,0.0,3.6
reserve_fixed,NVDA,2023-05-08,2023-05-09,executed,28.8219948,10.8,0.01,0.01,10.8,0.0,0.0
fixed,AAPL,2023-05-08,2023-05-09,executed,170.36009748,12.0,0.01,0.01,9.0,0.0,3.0
reserve_fixed,AAPL,2023-05-08,2023-05-09,executed,170.36009748,9.0,0.01,0.0,9.0,0.0,0.0
fixed,ASML,2023-05-08,2023-05-09,executed,623.69794212,8.0,0.01,0.0,6.0,0.0,2.0
reserve_fixed,ASML,2023-05-08,2023-05-09,executed,623.69794212,6.0,0.01,0.0,6.0,0.0,0.0
fixed,KO,2023-05-08,2023-05-09,executed,57.5079406,4.0,0.0,0.0,3.0,0.0,1.0
reserve_fixed,KO,2023-05-08,2023-05-09,executed,57.5079406,3.0,0.0,0.0,3.0,0.0,0.0
dca_l2_v2,BYDDY,2023-05-08,2023-05-09,executed,9.71755135,18.0,0.02,0.01,18.0,0.0,0.0
dca_l2_v2,MSFT,2023-05-08,2023-05-09,executed,299.81010014,13.2,0.01,0.01,13.2,0.0,0.0
dca_l2_v2,NVDA,2023-05-08,2023-05-09,executed,28.8219948,10.8,0.01,0.01,10.8,0.0,0.0
dca_l2_v2,AAPL,2023-05-08,2023-05-09,executed,170.36009748,9.0,0.01,0.0,9.0,0.0,0.0
dca_l2_v2,ASML,2023-05-08,2023-05-09,executed,623.69794212,6.0,0.01,0.0,6.0,0.0,0.0
dca_l2_v2,KO,2023-05-08,2023-05-09,executed,57.5079406,3.0,0.0,0.0,3.0,0.0,0.0
fixed,BYDDY,2023-05-15,2023-05-16,executed,10.07173835,24.0,0.02,0.01,18.0,0.0,6.0
reserve_fixed,BYDDY,2023-05-15,2023-05-16,executed,10.07173835,18.0,0.02,0.01,18.0,0.0,0.0
fixed,MSFT,2023-05-15,2023-05-16,executed,301.59144536,17.6,0.02,0.01,13.2,0.0,4.4
reserve_fixed,MSFT,2023-05-15,2023-05-16,executed,301.59144536,13.2,0.01,0.01,13.2,0.0,0.0
fixed,NVDA,2023-05-15,2023-05-16,executed,28.76414989,14.4,0.01,0.01,10.8,0.0,3.6
reserve_fixed,NVDA,2023-05-15,2023-05-16,executed,28.76414989,10.8,0.01,0.01,10.8,0.0,0.0
fixed,AAPL,2023-05-15,2023-05-16,executed,169.55076602,12.0,0.01,0.01,9.0,0.0,3.0
reserve_fixed,AAPL,2023-05-15,2023-05-16,executed,169.55076602,9.0,0.01,0.0,9.0,0.0,0.0
fixed,ASML,2023-05-15,2023-05-16,executed,635.65582908,8.0,0.01,0.0,6.0,0.0,2.0
reserve_fixed,ASML,2023-05-15,2023-05-16,executed,635.65582908,6.0,0.01,0.0,6.0,0.0,0.0
fixed,KO,2023-05-15,2023-05-16,executed,57.74289402,4.0,0.0,0.0,3.0,0.0,1.0
reserve_fixed,KO,2023-05-15,2023-05-16,executed,57.74289402,3.0,0.0,0.0,3.0,0.0,0.0
dca_l2_v2,BYDDY,2023-05-15,2023-05-16,executed,10.07173835,18.0,0.02,0.01,18.0,0.0,0.0
dca_l2_v2,MSFT,2023-05-15,2023-05-16,executed,301.59144536,13.2,0.01,0.01,13.2,0.0,0.0
dca_l2_v2,NVDA,2023-05-15,2023-05-16,executed,28.76414989,10.8,0.01,0.01,10.8,0.0,0.0
dca_l2_v2,AAPL,2023-05-15,2023-05-16,executed,169.55076602,9.0,0.01,0.0,9.0,0.0,0.0
dca_l2_v2,ASML,2023-05-15,2023-05-16,executed,635.65582908,6.0,0.01,0.0,6.0,0.0,0.0
dca_l2_v2,KO,2023-05-15,2023-05-16,executed,57.74289402,3.0,0.0,0.0,3.0,0.0,0.0
fixed,BYDDY,2023-05-22,2023-05-23,executed,10.35025554,24.0,0.02,0.01,18.0,0.0,6.0
reserve_fixed,BYDDY,2023-05-22,2023-05-23,executed,10.35025554,18.0,0.02,0.01,18.0,0.0,0.0
fixed,MSFT,2023-05-22,2023-05-23,executed,312.20128763,17.6,0.02,0.01,13.2,0.0,4.4
reserve_fixed,MSFT,2023-05-22,2023-05-23,executed,312.20128763,13.2,0.01,0.01,13.2,0.0,0.0
fixed,NVDA,2023-05-22,2023-05-23,executed,30.91739697,14.4,0.01,0.01,10.8,0.0,3.6
reserve_fixed,NVDA,2023-05-22,2023-05-23,executed,30.91739697,10.8,0.01,0.01,10.8,0.0,0.0
fixed,AAPL,2023-05-22,2023-05-23,executed,170.67458965,12.0,0.01,0.01,9.0,0.0,3.0
reserve_fixed,AAPL,2023-05-22,2023-05-23,executed,170.67458965,9.0,0.01,0.0,9.0,0.0,0.0
fixed,ASML,2023-05-22,2023-05-23,executed,672.72724853,8.0,0.01,0.0,6.0,0.0,2.0
reserve_fixed,ASML,2023-05-22,2023-05-23,executed,672.72724853,6.0,0.01,0.0,6.0,0.0,0.0
fixed,KO,2023-05-22,2023-05-23,executed,55.5831807,4.0,0.0,0.0,3.0,0.0,1.0
reserve_fixed,KO,2023-05-22,2023-05-23,executed,55.5831807,3.0,0.0,0.0,3.0,0.0,0.0
dca_l2_v2,BYDDY,2023-05-22,2023-05-23,executed,10.35025554,18.0,0.02,0.01,18.0,0.0,0.0
dca_l2_v2,MSFT,2023-05-22,2023-05-23,executed,312.20128763,13.2,0.01,0.01,13.2,0.0,0.0
dca_l2_v2,NVDA,2023-05-22,2023-05-23,executed,30.91739697,10.8,0.01,0.01,10.8,0.0,0.0
dca_l2_v2,AAPL,2023-05-22,2023-05-23,executed,170.67458965,9.0,0.01,0.0,9.0,0.0,0.0
dca_l2_v2,ASML,2023-05-22,2023-05-23,executed,672.72724853,6.0,0.01,0.0,6.0,0.0,0.0
dca_l2_v2,KO,2023-05-22,2023-05-23,executed,55.5831807,3.0,0.0,0.0,3.0,0.0,0.0
fixed,BYDDY,2023-05-26,2023-05-30,executed,9.75619066,24.0,0.02,0.01,18.0,0.0,6.0
reserve_fixed,BYDDY,2023-05-26,2023-05-30,executed,9.75619066,18.0,0.02,0.01,18.0,0.0,0.0
fixed,MSFT,2023-05-26,2023-05-30,executed,327.02947302,17.6,0.02,0.01,13.2,0.0,4.4
reserve_fixed,MSFT,2023-05-26,2023-05-30,executed,327.02947302,13.2,0.01,0.01,13.2,0.0,0.0
fixed,NVDA,2023-05-26,2023-05-30,executed,40.4868383,14.4,0.01,0.01,10.8,0.0,3.6
reserve_fixed,NVDA,2023-05-26,2023-05-30,executed,40.4868383,10.8,0.01,0.01,10.8,0.0,0.0
fixed,AAPL,2023-05-26,2023-05-30,executed,174.45024953,12.0,0.01,0.01,9.0,0.0,3.0
reserve_fixed,AAPL,2023-05-26,2023-05-30,executed,174.45024953,9.0,0.01,0.0,9.0,0.0,0.0
fixed,ASML,2023-05-26,2023-05-30,executed,723.63589413,8.0,0.01,0.0,6.0,0.0,2.0
reserve_fixed,ASML,2023-05-26,2023-05-30,executed,723.63589413,6.0,0.01,0.0,6.0,0.0,0.0
fixed,KO,2023-05-26,2023-05-30,executed,54.30000944,3.6,0.0,0.0,3.0,0.0,1.0
reserve_fixed,KO,2023-05-26,2023-05-30,executed,54.30000944,3.0,0.0,0.0,3.0,0.0,0.0
dca_l2_v2,BYDDY,2023-05-26,2023-05-30,executed,9.75619066,17.94,0.02,0.01,17.94,0.0,0.0
dca_l2_v2,MSFT,2023-05-26,2023-05-30,executed,327.02947302,13.15,0.01,0.01,13.15,0.0,0.0
dca_l2_v2,NVDA,2023-05-26,2023-05-30,executed,40.4868383,10.76,0.01,0.01,10.76,0.0,0.0
dca_l2_v2,AAPL,2023-05-26,2023-05-30,executed,174.45024953,8.97,0.01,0.0,8.97,0.0,0.0
dca_l2_v2,ASML,2023-05-26,2023-05-30,executed,723.63589413,5.98,0.01,0.0,5.98,0.0,0.0
dca_l2_v2,KO,2023-05-26,2023-05-30,executed,54.30000944,2.99,0.0,0.0,2.99,0.0,0.0
fixed,BYDDY,2023-06-05,2023-06-06,executed,10.36474378,30.0,0.03,0.01,22.5,0.0,7.5
reserve_fixed,BYDDY,2023-06-05,2023-06-06,executed,10.36474378,22.5,0.02,0.01,22.5,0.0,0.0
fixed,MSFT,2023-06-05,2023-06-06,executed,327.12695274,22.0,0.02,0.01,16.5,0.0,5.5
reserve_fixed,MSFT,2023-06-05,2023-06-06,executed,327.12695274,16.5,0.02,0.01,16.5,0.0,0.0
fixed,NVDA,2023-06-05,2023-06-06,executed,38.7265456,18.0,0.02,0.01,13.5,0.0,4.5
reserve_fixed,NVDA,2023-06-05,2023-06-06,executed,38.7265456,13.5,0.01,0.01,13.5,0.0,0.0
fixed,AAPL,2023-06-05,2023-06-06,executed,177.41756845,15.0,0.01,0.01,11.25,0.0,3.75
reserve_fixed,AAPL,2023-06-05,2023-06-06,executed,177.41756845,11.25,0.01,0.01,11.25,0.0,0.0
fixed,ASML,2023-06-05,2023-06-06,executed,689.18379969,10.0,0.01,0.01,7.5,0.0,2.5
reserve_fixed,ASML,2023-06-05,2023-06-06,executed,689.18379969,7.5,0.01,0.0,7.5,0.0,0.0
fixed,KO,2023-06-05,2023-06-06,executed,55.07714081,5.0,0.01,0.0,3.75,0.0,1.25
reserve_fixed,KO,2023-06-05,2023-06-06,executed,55.07714081,3.75,0.0,0.0,3.75,0.0,0.0
dca_l2_v2,BYDDY,2023-06-05,2023-06-06,executed,10.36474378,22.5,0.02,0.01,22.5,0.0,0.0
dca_l2_v2,MSFT,2023-06-05,2023-06-06,executed,327.12695274,16.5,0.02,0.01,16.5,0.0,0.0
dca_l2_v2,NVDA,2023-06-05,2023-06-06,executed,38.7265456,13.5,0.01,0.01,13.5,0.0,0.0
dca_l2_v2,AAPL,2023-06-05,2023-06-06,executed,177.41756845,11.25,0.01,0.01,11.25,0.0,0.0
dca_l2_v2,ASML,2023-06-05,2023-06-06,executed,689.18379969,7.5,0.01,0.0,7.5,0.0,0.0
dca_l2_v2,KO,2023-06-05,2023-06-06,executed,55.07714081,3.8,0.0,0.0,3.75,0.05,0.0
fixed,BYDDY,2023-06-12,2023-06-13,executed,10.5510659,30.0,0.03,0.01,22.5,0.0,7.5
reserve_fixed,BYDDY,2023-06-12,2023-06-13,executed,10.5510659,22.5,0.02,0.01,22.5,0.0,0.0
fixed,MSFT,2023-06-12,2023-06-13,executed,326.2880575,22.0,0.02,0.01,16.5,0.0,5.5
reserve_fixed,MSFT,2023-06-12,2023-06-13,executed,326.2880575,16.5,0.02,0.01,16.5,0.0,0.0
fixed,NVDA,2023-06-12,2023-06-13,executed,40.08306452,18.0,0.02,0.01,13.5,0.0,4.5
reserve_fixed,NVDA,2023-06-12,2023-06-13,executed,40.08306452,13.5,0.01,0.01,13.5,0.0,0.0
fixed,AAPL,2023-06-12,2023-06-13,executed,180.20743669,15.0,0.01,0.01,11.25,0.0,3.75
reserve_fixed,AAPL,2023-06-12,2023-06-13,executed,180.20743669,11.25,0.01,0.01,11.25,0.0,0.0
fixed,ASML,2023-06-12,2023-06-13,executed,717.88072798,10.0,0.01,0.01,7.5,0.0,2.5
reserve_fixed,ASML,2023-06-12,2023-06-13,executed,717.88072798,7.5,0.01,0.0,7.5,0.0,0.0
fixed,KO,2023-06-12,2023-06-13,executed,54.40844163,5.0,0.01,0.0,3.75,0.0,1.25
reserve_fixed,KO,2023-06-12,2023-06-13,executed,54.40844163,3.75,0.0,0.0,3.75,0.0,0.0
dca_l2_v2,BYDDY,2023-06-12,2023-06-13,executed,10.5510659,22.5,0.02,0.01,22.5,0.0,0.0
dca_l2_v2,MSFT,2023-06-12,2023-06-13,executed,326.2880575,16.5,0.02,0.01,16.5,0.0,0.0
dca_l2_v2,NVDA,2023-06-12,2023-06-13,executed,40.08306452,13.5,0.01,0.01,13.5,0.0,0.0
dca_l2_v2,AAPL,2023-06-12,2023-06-13,executed,180.20743669,11.25,0.01,0.01,11.25,0.0,0.0
dca_l2_v2,ASML,2023-06-12,2023-06-13,executed,717.88072798,7.5,0.01,0.0,7.5,0.0,0.0
dca_l2_v2,KO,2023-06-12,2023-06-13,executed,54.40844163,3.88,0.0,0.0,3.75,0.13,0.0
fixed,BYDDY,2023-06-16,2023-06-20,executed,10.84235247,30.0,0.03,0.01,22.5,0.0,7.5
reserve_fixed,BYDDY,2023-06-16,2023-06-20,executed,10.84235247,22.5,0.02,0.01,22.5,0.0,0.0
fixed,MSFT,2023-06-16,2023-06-20,executed,331.00965612,22.0,0.02,0.01,16.5,0.0,5.5
reserve_fixed,MSFT,2023-06-16,2023-06-20,executed,331.00965612,16.5,0.02,0.01,16.5,0.0,0.0
fixed,NVDA,2023-06-16,2023-06-20,executed,42.88786422,18.0,0.02,0.01,13.5,0.0,4.5
reserve_fixed,NVDA,2023-06-16,2023-06-20,executed,42.88786422,13.5,0.01,0.01,13.5,0.0,0.0
fixed,AAPL,2023-06-16,2023-06-20,executed,181.79461788,15.0,0.01,0.01,11.25,0.0,3.75
reserve_fixed,AAPL,2023-06-16,2023-06-20,executed,181.79461788,11.25,0.01,0.01,11.25,0.0,0.0
fixed,ASML,2023-06-16,2023-06-20,executed,701.71616474,10.0,0.01,0.01,7.5,0.0,2.5
reserve_fixed,ASML,2023-06-16,2023-06-20,executed,701.71616474,7.5,0.01,0.0,7.5,0.0,0.0
fixed,KO,2023-06-16,2023-06-20,executed,56.07934266,5.0,0.01,0.0,3.75,0.0,1.25
reserve_fixed,KO,2023-06-16,2023-06-20,executed,56.07934266,3.75,0.0,0.0,3.75,0.0,0.0
dca_l2_v2,BYDDY,2023-06-16,2023-06-20,executed,10.84235247,22.5,0.02,0.01,22.5,0.0,0.0
dca_l2_v2,MSFT,2023-06-16,2023-06-20,executed,331.00965612,16.5,0.02,0.01,16.5,0.0,0.0
dca_l2_v2,NVDA,2023-06-16,2023-06-20,executed,42.88786422,13.5,0.01,0.01,13.5,0.0,0.0
dca_l2_v2,AAPL,2023-06-16,2023-06-20,executed,181.79461788,11.25,0.01,0.01,11.25,0.0,0.0
dca_l2_v2,ASML,2023-06-16,2023-06-20,executed,701.71616474,7.5,0.01,0.0,7.5,0.0,0.0
dca_l2_v2,KO,2023-06-16,2023-06-20,executed,56.07934266,3.75,0.0,0.0,3.75,0.0,0.0
fixed,BYDDY,2023-06-26,2023-06-27,executed,10.35687385,30.0,0.03,0.01,22.5,0.0,7.5
reserve_fixed,BYDDY,2023-06-26,2023-06-27,executed,10.35687385,22.5,0.02,0.01,22.5,0.0,0.0
fixed,MSFT,2023-06-26,2023-06-27,executed,323.74188705,22.0,0.02,0.01,16.5,0.0,5.5
reserve_fixed,MSFT,2023-06-26,2023-06-27,executed,323.74188705,16.5,0.02,0.01,16.5,0.0,0.0
fixed,NVDA,2023-06-26,2023-06-27,executed,40.69449308,18.0,0.02,0.01,13.5,0.0,4.5
reserve_fixed,NVDA,2023-06-26,2023-06-27,executed,40.69449308,13.5,0.01,0.01,13.5,0.0,0.0
fixed,AAPL,2023-06-26,2023-06-27,executed,183.25361402,15.0,0.01,0.01,11.25,0.0,3.75
reserve_fixed,AAPL,2023-06-26,2023-06-27,executed,183.25361402,11.25,0.01,0.01,11.25,0.0,0.0
fixed,ASML,2023-06-26,2023-06-27,executed,688.35613106,10.0,0.01,0.01,7.5,0.0,2.5
reserve_fixed,ASML,2023-06-26,2023-06-27,executed,688.35613106,7.5,0.01,0.0,7.5,0.0,0.0
fixed,KO,2023-06-26,2023-06-27,executed,55.74244629,4.6,0.0,0.0,3.75,0.0,1.25
reserve_fixed,KO,2023-06-26,2023-06-27,executed,55.74244629,3.75,0.0,0.0,3.75,0.0,0.0
dca_l2_v2,BYDDY,2023-06-26,2023-06-27,executed,10.35687385,22.45,0.02,0.01,22.45,0.0,0.0
dca_l2_v2,MSFT,2023-06-26,2023-06-27,executed,323.74188705,16.46,0.02,0.01,16.46,0.0,0.0
dca_l2_v2,NVDA,2023-06-26,2023-06-27,executed,40.69449308,13.47,0.01,0.01,13.47,0.0,0.0
dca_l2_v2,AAPL,2023-06-26,2023-06-27,executed,183.25361402,11.22,0.01,0.01,11.22,0.0,0.0
dca_l2_v2,ASML,2023-06-26,2023-06-27,executed,688.35613106,7.48,0.01,0.0,7.48,0.0,0.0
dca_l2_v2,KO,2023-06-26,2023-06-27,executed,55.74244629,3.74,0.0,0.0,3.74,0.0,0.0
fixed,BYDDY,2023-07-03,2023-07-05,executed,10.7565836,30.0,0.03,0.01,22.5,0.0,7.5
reserve_fixed,BYDDY,2023-07-03,2023-07-05,executed,10.7565836,22.5,0.02,0.01,22.5,0.0,0.0
fixed,MSFT,2023-07-03,2023-07-05,executed,326.89290977,22.0,0.02,0.01,16.5,0.0,5.5
reserve_fixed,MSFT,2023-07-03,2023-07-05,executed,326.89290977,16.5,0.02,0.01,16.5,0.0,0.0
fixed,NVDA,2023-07-03,2023-07-05,executed,42.02708004,18.0,0.02,0.01,13.5,0.0,4.5
reserve_fixed,NVDA,2023-07-03,2023-07-05,executed,42.02708004,13.5,0.01,0.01,13.5,0.0,0.0
fixed,AAPL,2023-07-03,2023-07-05,executed,188.85306434,15.0,0.01,0.01,11.25,0.0,3.75
reserve_fixed,AAPL,2023-07-03,2023-07-05,executed,188.85306434,11.25,0.01,0.01,11.25,0.0,0.0
fixed,ASML,2023-07-03,2023-07-05,executed,702.28102603,10.0,0.01,0.01,7.5,0.0,2.5
reserve_fixed,ASML,2023-07-03,2023-07-05,executed,702.28102603,7.5,0.01,0.0,7.5,0.0,0.0
fixed,KO,2023-07-03,2023-07-05,executed,54.88655556,5.0,0.01,0.0,3.75,0.0,1.25
reserve_fixed,KO,2023-07-03,2023-07-05,executed,54.88655556,3.75,0.0,0.0,3.75,0.0,0.0
dca_l2_v2,BYDDY,2023-07-03,2023-07-05,executed,10.7565836,22.65,0.02,0.01,22.5,0.15,0.0
dca_l2_v2,MSFT,2023-07-03,2023-07-05,executed,326.89290977,16.5,0.02,0.01,16.5,0.0,0.0
dca_l2_v2,NVDA,2023-07-03,2023-07-05,executed,42.02708004,13.5,0.01,0.01,13.5,0.0,0.0
dca_l2_v2,AAPL,2023-07-03,2023-07-05,executed,188.85306434,11.25,0.01,0.01,11.25,0.0,0.0
dca_l2_v2,ASML,2023-07-03,2023-07-05,executed,702.28102603,7.5,0.01,0.0,7.5,0.0,0.0
dca_l2_v2,KO,2023-07-03,2023-07-05,executed,54.88655556,3.76,0.0,0.0,3.75,0.01,0.0
fixed,BYDDY,2023-07-10,2023-07-11,executed,11.00255953,30.0,0.03,0.01,22.5,0.0,7.5
reserve_fixed,BYDDY,2023-07-10,2023-07-11,executed,11.00255953,22.5,0.02,0.01,22.5,0.0,0.0
fixed,MSFT,2023-07-10,2023-07-11,executed,322.96147204,22.0,0.02,0.01,16.5,0.0,5.5
reserve_fixed,MSFT,2023-07-10,2023-07-11,executed,322.96147204,16.5,0.02,0.01,16.5,0.0,0.0
fixed,NVDA,2023-07-10,2023-07-11,executed,42.37218851,18.0,0.02,0.01,13.5,0.0,4.5
reserve_fixed,NVDA,2023-07-10,2023-07-11,executed,42.37218851,13.5,0.01,0.01,13.5,0.0,0.0
fixed,AAPL,2023-07-10,2023-07-11,executed,186.47723002,15.0,0.01,0.01,11.25,0.0,3.75
reserve_fixed,AAPL,2023-07-10,2023-07-11,executed,186.47723002,11.25,0.01,0.01,11.25,0.0,0.0
fixed,ASML,2023-07-10,2023-07-11,executed,690.32313607,10.0,0.01,0.01,7.5,0.0,2.5
reserve_fixed,ASML,2023-07-10,2023-07-11,executed,690.32313607,7.5,0.01,0.0,7.5,0.0,0.0
fixed,KO,2023-07-10,2023-07-11,executed,54.13991643,5.0,0.01,0.0,3.75,0.0,1.25
reserve_fixed,KO,2023-07-10,2023-07-11,executed,54.13991643,3.75,0.0,0.0,3.75,0.0,0.0
dca_l2_v2,BYDDY,2023-07-10,2023-07-11,executed,11.00255953,22.5,0.02,0.01,22.5,0.0,0.0
dca_l2_v2,MSFT,2023-07-10,2023-07-11,executed,322.96147204,16.5,0.02,0.01,16.5,0.0,0.0
dca_l2_v2,NVDA,2023-07-10,2023-07-11,executed,42.37218851,13.5,0.01,0.01,13.5,0.0,0.0
dca_l2_v2,AAPL,2023-07-10,2023-07-11,executed,186.47723002,11.25,0.01,0.01,11.25,0.0,0.0
dca_l2_v2,ASML,2023-07-10,2023-07-11,executed,690.32313607,7.5,0.01,0.0,7.5,0.0,0.0
dca_l2_v2,KO,2023-07-10,2023-07-11,executed,54.13991643,3.94,0.0,0.0,3.75,0.19,0.0
fixed,BYDDY,2023-07-17,2023-07-18,executed,10.96533893,30.0,0.03,0.01,22.5,0.0,7.5
reserve_fixed,BYDDY,2023-07-17,2023-07-18,executed,10.96533893,22.5,0.02,0.01,22.5,0.0,0.0
fixed,MSFT,2023-07-17,2023-07-18,executed,337.37013577,22.0,0.02,0.01,16.5,0.0,5.5
reserve_fixed,MSFT,2023-07-17,2023-07-18,executed,337.37013577,16.5,0.02,0.01,16.5,0.0,0.0
fixed,NVDA,2023-07-17,2023-07-18,executed,46.58137305,18.0,0.02,0.01,13.5,0.0,4.5
reserve_fixed,NVDA,2023-07-17,2023-07-18,executed,46.58137305,13.5,0.01,0.01,13.5,0.0,0.0
fixed,AAPL,2023-07-17,2023-07-18,executed,190.60780628,15.0,0.01,0.01,11.25,0.0,3.75
reserve_fixed,AAPL,2023-07-17,2023-07-18,executed,190.60780628,11.25,0.01,0.01,11.25,0.0,0.0
fixed,ASML,2023-07-17,2023-07-18,executed,729.1569903,10.0,0.01,0.01,7.5,0.0,2.5
reserve_fixed,ASML,2023-07-17,2023-07-18,executed,729.1569903,7.5,0.01,0.0,7.5,0.0,0.0
fixed,KO,2023-07-17,2023-07-18,executed,55.50570898,5.0,0.01,0.0,3.75,0.0,1.25
reserve_fixed,KO,2023-07-17,2023-07-18,executed,55.50570898,3.75,0.0,0.0,3.75,0.0,0.0
dca_l2_v2,BYDDY,2023-07-17,2023-07-18,executed,10.96533893,22.5,0.02,0.01,22.5,0.0,0.0
dca_l2_v2,MSFT,2023-07-17,2023-07-18,executed,337.37013577,16.5,0.02,0.01,16.5,0.0,0.0
dca_l2_v2,NVDA,2023-07-17,2023-07-18,executed,46.58137305,13.5,0.01,0.01,13.5,0.0,0.0
dca_l2_v2,AAPL,2023-07-17,2023-07-18,executed,190.60780628,11.25,0.01,0.01,11.25,0.0,0.0
dca_l2_v2,ASML,2023-07-17,2023-07-18,executed,729.1569903,7.5,0.01,0.0,7.5,0.0,0.0
dca_l2_v2,KO,2023-07-17,2023-07-18,executed,55.50570898,3.75,0.0,0.0,3.75,0.0,0.0
fixed,BYDDY,2023-07-24,2023-07-25,executed,11.10127386,30.0,0.03,0.01,22.5,0.0,7.5
reserve_fixed,BYDDY,2023-07-24,2023-07-25,executed,11.10127386,22.5,0.02,0.01,22.5,0.0,0.0
fixed,MSFT,2023-07-24,2023-07-25,executed,338.61886982,22.0,0.02,0.01,16.5,0.0,5.5
reserve_fixed,MSFT,2023-07-24,2023-07-25,executed,338.61886982,16.5,0.02,0.01,16.5,0.0,0.0
fixed,NVDA,2023-07-24,2023-07-25,executed,44.82589174,18.0,0.02,0.01,13.5,0.0,4.5
reserve_fixed,NVDA,2023-07-24,2023-07-25,executed,44.82589174,13.5,0.01,0.01,13.5,0.0,0.0
fixed,AAPL,2023-07-24,2023-07-25,executed,190.58808842,15.0,0.01,0.01,11.25,0.0,3.75
reserve_fixed,AAPL,2023-07-24,2023-07-25,executed,190.58808842,11.25,0.01,0.01,11.25,0.0,0.0
fixed,ASML,2023-07-24,2023-07-25,executed,666.95274872,10.0,0.01,0.01,7.5,0.0,2.5
reserve_fixed,ASML,2023-07-24,2023-07-25,executed,666.95274872,7.5,0.01,0.0,7.5,0.0,0.0
fixed,KO,2023-07-24,2023-07-25,executed,56.72581373,4.6,0.0,0.0,3.75,0.0,1.25
reserve_fixed,KO,2023-07-24,2023-07-25,executed,56.72581373,3.75,0.0,0.0,3.75,0.0,0.0
dca_l2_v2,BYDDY,2023-07-24,2023-07-25,executed,11.10127386,22.4,0.02,0.01,22.4,0.0,0.0
dca_l2_v2,MSFT,2023-07-24,2023-07-25,executed,338.61886982,16.42,0.02,0.01,16.42,0.0,0.0
dca_l2_v2,NVDA,2023-07-24,2023-07-25,executed,44.82589174,13.44,0.01,0.01,13.44,0.0,0.0
dca_l2_v2,AAPL,2023-07-24,2023-07-25,executed,190.58808842,11.2,0.01,0.01,11.2,0.0,0.0
dca_l2_v2,ASML,2023-07-24,2023-07-25,executed,666.95274872,7.47,0.01,0.0,7.47,0.0,0.0
dca_l2_v2,KO,2023-07-24,2023-07-25,executed,56.72581373,3.73,0.0,0.0,3.73,0.0,0.0
fixed,BYDDY,2023-07-31,2023-08-01,executed,11.50422124,24.0,0.02,0.01,18.0,0.0,6.0
reserve_fixed,BYDDY,2023-07-31,2023-08-01,executed,11.50422124,18.0,0.02,0.01,18.0,0.0,0.0
fixed,MSFT,2023-07-31,2023-08-01,executed,326.99050655,17.6,0.02,0.01,13.2,0.0,4.4
reserve_fixed,MSFT,2023-07-31,2023-08-01,executed,326.99050655,13.2,0.01,0.01,13.2,0.0,0.0
fixed,NVDA,2023-07-31,2023-08-01,executed,46.34100192,14.4,0.01,0.01,10.8,0.0,3.6
reserve_fixed,NVDA,2023-07-31,2023-08-01,executed,46.34100192,10.8,0.01,0.01,10.8,0.0,0.0
fixed,AAPL,2023-07-31,2023-08-01,executed,193.45681907,12.0,0.01,0.01,9.0,0.0,3.0
reserve_fixed,AAPL,2023-07-31,2023-08-01,executed,193.45681907,9.0,0.01,0.0,9.0,0.0,0.0
fixed,ASML,2023-07-31,2023-08-01,executed,694.33068885,8.0,0.01,0.0,6.0,0.0,2.0
reserve_fixed,ASML,2023-07-31,2023-08-01,executed,694.33068885,6.0,0.01,0.0,6.0,0.0,0.0
fixed,KO,2023-07-31,2023-08-01,executed,56.53459817,4.0,0.0,0.0,3.0,0.0,1.0
reserve_fixed,KO,2023-07-31,2023-08-01,executed,56.53459817,3.0,0.0,0.0,3.0,0.0,0.0
dca_l2_v2,BYDDY,2023-07-31,2023-08-01,executed,11.50422124,18.0,0.02,0.01,18.0,0.0,0.0
dca_l2_v2,MSFT,2023-07-31,2023-08-01,executed,326.99050655,13.71,0.01,0.01,13.2,0.51,0.0
dca_l2_v2,NVDA,2023-07-31,2023-08-01,executed,46.34100192,10.8,0.01,0.01,10.8,0.0,0.0
dca_l2_v2,AAPL,2023-07-31,2023-08-01,executed,193.45681907,9.0,0.01,0.0,9.0,0.0,0.0
dca_l2_v2,ASML,2023-07-31,2023-08-01,executed,694.33068885,6.05,0.01,0.0,6.0,0.05,0.0
dca_l2_v2,KO,2023-07-31,2023-08-01,executed,56.53459817,3.0,0.0,0.0,3.0,0.0,0.0
fixed,BYDDY,2023-08-07,2023-08-08,executed,10.80189525,24.0,0.02,0.01,18.0,0.0,6.0
reserve_fixed,BYDDY,2023-08-07,2023-08-08,executed,10.80189525,18.0,0.02,0.01,18.0,0.0,0.0
fixed,MSFT,2023-08-07,2023-08-08,executed,318.96173917,17.6,0.02,0.01,13.2,0.0,4.4
reserve_fixed,MSFT,2023-08-07,2023-08-08,executed,318.96173917,13.2,0.01,0.01,13.2,0.0,0.0
fixed,NVDA,2023-08-07,2023-08-08,executed,44.73811488,14.4,0.01,0.01,10.8,0.0,3.6
reserve_fixed,NVDA,2023-08-07,2023-08-08,executed,44.73811488,10.8,0.01,0.01,10.8,0.0,0.0
fixed,AAPL,2023-08-07,2023-08-08,executed,177.14156252,12.0,0.01,0.01,9.0,0.0,3.0
reserve_fixed,AAPL,2023-08-07,2023-08-08,executed,177.14156252,9.0,0.01,0.0,9.0,0.0,0.0
fixed,ASML,2023-08-07,2023-08-08,executed,659.06026545,8.0,0.01,0.0,6.0,0.0,2.0
reserve_fixed,ASML,2023-08-07,2023-08-08,executed,659.06026545,6.0,0.01,0.0,6.0,0.0,0.0
fixed,KO,2023-08-07,2023-08-08,executed,55.71512564,4.0,0.0,0.0,3.0,0.0,1.0
reserve_fixed,KO,2023-08-07,2023-08-08,executed,55.71512564,3.0,0.0,0.0,3.0,0.0,0.0
dca_l2_v2,BYDDY,2023-08-07,2023-08-08,executed,10.80189525,18.0,0.02,0.01,18.0,0.0,0.0
dca_l2_v2,MSFT,2023-08-07,2023-08-08,executed,318.96173917,14.25,0.01,0.01,13.2,1.05,0.0
dca_l2_v2,NVDA,2023-08-07,2023-08-08,executed,44.73811488,10.8,0.01,0.01,10.8,0.0,0.0
dca_l2_v2,AAPL,2023-08-07,2023-08-08,executed,177.14156252,9.89,0.01,0.0,9.0,0.89,0.0
dca_l2_v2,ASML,2023-08-07,2023-08-08,executed,659.06026545,6.48,0.01,0.0,6.0,0.48,0.0
dca_l2_v2,KO,2023-08-07,2023-08-08,executed,55.71512564,3.0,0.0,0.0,3.0,0.0,0.0
fixed,BYDDY,2023-08-14,2023-08-15,executed,9.74031572,24.0,0.02,0.01,18.0,0.0,6.0
reserve_fixed,BYDDY,2023-08-14,2023-08-15,executed,9.74031572,18.0,0.02,0.01,18.0,0.0,0.0
fixed,MSFT,2023-08-14,2023-08-15,executed,315.09863158,17.6,0.02,0.01,13.2,0.0,4.4
reserve_fixed,MSFT,2023-08-14,2023-08-15,executed,315.09863158,13.2,0.01,0.01,13.2,0.0,0.0
fixed,NVDA,2023-08-14,2023-08-15,executed,44.44587083,14.4,0.01,0.01,10.8,0.0,3.6
reserve_fixed,NVDA,2023-08-14,2023-08-15,executed,44.44587083,10.8,0.01,0.01,10.8,0.0,0.0
fixed,AAPL,2023-08-14,2023-08-15,executed,176.58114145,12.0,0.01,0.01,9.0,0.0,3.0
reserve_fixed,AAPL,2023-08-14,2023-08-15,executed,176.58114145,9.0,0.01,0.0,9.0,0.0,0.0
fixed,ASML,2023-08-14,2023-08-15,executed,642.06935924,8.0,0.01,0.0,6.0,0.0,2.0
reserve_fixed,ASML,2023-08-14,2023-08-15,executed,642.06935924,6.0,0.01,0.0,6.0,0.0,0.0
fixed,KO,2023-08-14,2023-08-15,executed,55.25986512,4.0,0.0,0.0,3.0,0.0,1.0
reserve_fixed,KO,2023-08-14,2023-08-15,executed,55.25986512,3.0,0.0,0.0,3.0,0.0,0.0
dca_l2_v2,BYDDY,2023-08-14,2023-08-15,executed,9.74031572,21.39,0.02,0.01,18.0,3.39,0.0
dca_l2_v2,MSFT,2023-08-14,2023-08-15,executed,315.09863158,14.8,0.01,0.01,13.2,1.6,0.0
dca_l2_v2,NVDA,2023-08-14,2023-08-15,executed,44.44587083,11.58,0.01,0.01,10.8,0.78,0.0
dca_l2_v2,AAPL,2023-08-14,2023-08-15,executed,176.58114145,9.79,0.01,0.0,9.0,0.79,0.0
dca_l2_v2,ASML,2023-08-14,2023-08-15,executed,642.06935924,6.88,0.01,0.0,6.0,0.88,0.0
dca_l2_v2,KO,2023-08-14,2023-08-15,executed,55.25986512,3.0,0.0,0.0,3.0,0.0,0.0
fixed,BYDDY,2023-08-21,2023-08-22,executed,9.17716229,24.0,0.02,0.01,18.0,0.0,6.0
reserve_fixed,BYDDY,2023-08-21,2023-08-22,executed,9.17716229,18.0,0.02,0.01,18.0,0.0,0.0
fixed,MSFT,2023-08-21,2023-08-22,executed,318.20978438,17.6,0.02,0.01,13.2,0.0,4.4
reserve_fixed,MSFT,2023-08-21,2023-08-22,executed,318.20978438,13.2,0.01,0.01,13.2,0.0,0.0
fixed,NVDA,2023-08-21,2023-08-22,executed,48.01170786,14.4,0.01,0.01,10.8,0.0,3.6
reserve_fixed,NVDA,2023-08-21,2023-08-22,executed,48.01170786,10.8,0.01,0.01,10.8,0.0,0.0
fixed,AAPL,2023-08-21,2023-08-22,executed,174.78453259,12.0,0.01,0.01,9.0,0.0,3.0
reserve_fixed,AAPL,2023-08-21,2023-08-22,executed,174.78453259,9.0,0.01,0.0,9.0,0.0,0.0
fixed,ASML,2023-08-21,2023-08-22,executed,662.87618846,8.0,0.01,0.0,6.0,0.0,2.0
reserve_fixed,ASML,2023-08-21,2023-08-22,executed,662.87618846,6.0,0.01,0.0,6.0,0.0,0.0
fixed,KO,2023-08-21,2023-08-22,executed,54.94118887,4.0,0.0,0.0,3.0,0.0,1.0
reserve_fixed,KO,2023-08-21,2023-08-22,executed,54.94118887,3.0,0.0,0.0,3.0,0.0,0.0
dca_l2_v2,BYDDY,2023-08-21,2023-08-22,executed,9.17716229,9.0,0.01,0.0,9.0,0.0,0.0
dca_l2_v2,MSFT,2023-08-21,2023-08-22,executed,318.20978438,6.6,0.01,0.0,6.6,0.0,0.0
dca_l2_v2,NVDA,2023-08-21,2023-08-22,executed,48.01170786,5.4,0.01,0.0,5.4,0.0,0.0
dca_l2_v2,AAPL,2023-08-21,2023-08-22,executed,174.78453259,4.5,0.0,0.0,4.5,0.0,0.0
dca_l2_v2,ASML,2023-08-21,2023-08-22,executed,662.87618846,3.0,0.0,0.0,3.0,0.0,0.0
dca_l2_v2,KO,2023-08-21,2023-08-22,executed,54.94118887,1.5,0.0,0.0,1.5,0.0,0.0
fixed,BYDDY,2023-08-28,2023-08-29,executed,9.90537921,24.0,0.02,0.01,18.0,0.0,6.0
reserve_fixed,BYDDY,2023-08-28,2023-08-29,executed,9.90537921,18.0,0.02,0.01,18.0,0.0,0.0
fixed,MSFT,2023-08-28,2023-08-29,executed,314.67080577,17.6,0.02,0.01,13.2,0.0,4.4
reserve_fixed,MSFT,2023-08-28,2023-08-29,executed,314.67080577,13.2,0.01,0.01,13.2,0.0,0.0
fixed,NVDA,2023-08-28,2023-08-29,executed,46.54647361,14.4,0.01,0.01,10.8,0.0,3.6
reserve_fixed,NVDA,2023-08-28,2023-08-29,executed,46.54647361,10.8,0.01,0.01,10.8,0.0,0.0
fixed,AAPL,2023-08-28,2023-08-29,executed,177.39059997,12.0,0.01,0.01,9.0,0.0,3.0
reserve_fixed,AAPL,2023-08-28,2023-08-29,executed,177.39059997,9.0,0.01,0.0,9.0,0.0,0.0
fixed,ASML,2023-08-28,2023-08-29,executed,636.79922749,8.0,0.01,0.0,6.0,0.0,2.0
reserve_fixed,ASML,2023-08-28,2023-08-29,executed,636.79922749,6.0,0.01,0.0,6.0,0.0,0.0
fixed,KO,2023-08-28,2023-08-29,executed,55.14149997,3.6,0.0,0.0,3.0,0.0,1.0
reserve_fixed,KO,2023-08-28,2023-08-29,executed,55.14149997,3.0,0.0,0.0,3.0,0.0,0.0
dca_l2_v2,BYDDY,2023-08-28,2023-08-29,executed,9.90537921,9.0,0.01,0.0,9.0,0.0,0.0
dca_l2_v2,MSFT,2023-08-28,2023-08-29,executed,314.67080577,6.6,0.01,0.0,6.6,0.0,0.0
dca_l2_v2,NVDA,2023-08-28,2023-08-29,executed,46.54647361,5.4,0.01,0.0,5.4,0.0,0.0
dca_l2_v2,AAPL,2023-08-28,2023-08-29,executed,177.39059997,4.5,0.0,0.0,4.5,0.0,0.0
dca_l2_v2,ASML,2023-08-28,2023-08-29,executed,636.79922749,3.0,0.0,0.0,3.0,0.0,0.0
dca_l2_v2,KO,2023-08-28,2023-08-29,executed,55.14149997,1.5,0.0,0.0,1.5,0.0,0.0
fixed,BYDDY,2023-09-01,2023-09-05,executed,10.38923802,30.0,0.03,0.01,22.5,0.0,7.5
reserve_fixed,BYDDY,2023-09-01,2023-09-05,executed,10.38923802,22.5,0.02,0.01,22.5,0.0,0.0
fixed,MSFT,2023-09-01,2023-09-05,executed,321.63141034,22.0,0.02,0.01,16.5,0.0,5.5
reserve_fixed,MSFT,2023-09-01,2023-09-05,executed,321.63141034,16.5,0.02,0.01,16.5,0.0,0.0
fixed,NVDA,2023-09-01,2023-09-05,executed,48.09948372,18.0,0.02,0.01,13.5,0.0,4.5
reserve_fixed,NVDA,2023-09-01,2023-09-05,executed,48.09948372,13.5,0.01,0.01,13.5,0.0,0.0
fixed,AAPL,2023-09-01,2023-09-05,executed,185.86033773,15.0,0.01,0.01,11.25,0.0,3.75
reserve_fixed,AAPL,2023-09-01,2023-09-05,executed,185.86033773,11.25,0.01,0.01,11.25,0.0,0.0
fixed,ASML,2023-09-01,2023-09-05,executed,649.1253955,10.0,0.01,0.01,7.5,0.0,2.5
reserve_fixed,ASML,2023-09-01,2023-09-05,executed,649.1253955,7.5,0.01,0.0,7.5,0.0,0.0
fixed,KO,2023-09-01,2023-09-05,executed,53.94871088,5.0,0.01,0.0,3.75,0.0,1.25
reserve_fixed,KO,2023-09-01,2023-09-05,executed,53.94871088,3.75,0.0,0.0,3.75,0.0,0.0
dca_l2_v2,BYDDY,2023-09-01,2023-09-05,executed,10.38923802,11.25,0.01,0.01,11.25,0.0,0.0
dca_l2_v2,MSFT,2023-09-01,2023-09-05,executed,321.63141034,8.25,0.01,0.0,8.25,0.0,0.0
dca_l2_v2,NVDA,2023-09-01,2023-09-05,executed,48.09948372,6.75,0.01,0.0,6.75,0.0,0.0
dca_l2_v2,AAPL,2023-09-01,2023-09-05,executed,185.86033773,5.63,0.01,0.0,5.63,0.0,0.0
dca_l2_v2,ASML,2023-09-01,2023-09-05,executed,649.1253955,3.75,0.0,0.0,3.75,0.0,0.0
dca_l2_v2,KO,2023-09-01,2023-09-05,executed,53.94871088,1.88,0.0,0.0,1.88,0.0,0.0
fixed,BYDDY,2023-09-11,2023-09-12,executed,10.48957217,30.0,0.03,0.01,22.5,0.0,7.5
reserve_fixed,BYDDY,2023-09-11,2023-09-12,executed,10.48957217,22.5,0.02,0.01,22.5,0.0,0.0
fixed,MSFT,2023-09-11,2023-09-12,executed,328.29864429,22.0,0.02,0.01,16.5,0.0,5.5
reserve_fixed,MSFT,2023-09-11,2023-09-12,executed,328.29864429,16.5,0.02,0.01,16.5,0.0,0.0
fixed,NVDA,2023-09-11,2023-09-12,executed,44.62708439,18.0,0.02,0.01,13.5,0.0,4.5
reserve_fixed,NVDA,2023-09-11,2023-09-12,executed,44.62708439,13.5,0.01,0.01,13.5,0.0,0.0
fixed,AAPL,2023-09-11,2023-09-12,executed,177.18332239,15.0,0.01,0.01,11.25,0.0,3.75
reserve_fixed,AAPL,2023-09-11,2023-09-12,executed,177.18332239,11.25,0.01,0.01,11.25,0.0,0.0
fixed,ASML,2023-09-11,2023-09-12,executed,596.29777989,10.0,0.01,0.01,7.5,0.0,2.5
reserve_fixed,ASML,2023-09-11,2023-09-12,executed,596.29777989,7.5,0.01,0.0,7.5,0.0,0.0
fixed,KO,2023-09-11,2023-09-12,executed,53.71196856,5.0,0.01,0.0,3.75,0.0,1.25
reserve_fixed,KO,2023-09-11,2023-09-12,executed,53.71196856,3.75,0.0,0.0,3.75,0.0,0.0
dca_l2_v2,BYDDY,2023-09-11,2023-09-12,executed,10.48957217,11.25,0.01,0.01,11.25,0.0,0.0
dca_l2_v2,MSFT,2023-09-11,2023-09-12,executed,328.29864429,8.25,0.01,0.0,8.25,0.0,0.0
dca_l2_v2,NVDA,2023-09-11,2023-09-12,executed,44.62708439,6.75,0.01,0.0,6.75,0.0,0.0
dca_l2_v2,AAPL,2023-09-11,2023-09-12,executed,177.18332239,5.63,0.01,0.0,5.63,0.0,0.0
dca_l2_v2,ASML,2023-09-11,2023-09-12,executed,596.29777989,3.75,0.0,0.0,3.75,0.0,0.0
dca_l2_v2,KO,2023-09-11,2023-09-12,executed,53.71196856,1.88,0.0,0.0,1.88,0.0,0.0
fixed,BYDDY,2023-09-18,2023-09-19,executed,10.18371931,30.0,0.03,0.01,22.5,0.0,7.5
reserve_fixed,BYDDY,2023-09-18,2023-09-19,executed,10.18371931,22.5,0.02,0.01,22.5,0.0,0.0
fixed,MSFT,2023-09-18,2023-09-19,executed,318.8647597,22.0,0.02,0.01,16.5,0.0,5.5
reserve_fixed,MSFT,2023-09-18,2023-09-19,executed,318.8647597,16.5,0.02,0.01,16.5,0.0,0.0
fixed,NVDA,2023-09-18,2023-09-19,executed,43.72433024,18.0,0.02,0.01,13.5,0.0,4.5
reserve_fixed,NVDA,2023-09-18,2023-09-19,executed,43.72433024,13.5,0.01,0.01,13.5,0.0,0.0
fixed,AAPL,2023-09-18,2023-09-19,executed,175.23864654,15.0,0.01,0.01,11.25,0.0,3.75
reserve_fixed,AAPL,2023-09-18,2023-09-19,executed,175.23864654,11.25,0.01,0.01,11.25,0.0,0.0
fixed,ASML,2023-09-18,2023-09-19,executed,581.69768249,10.0,0.01,0.01,7.5,0.0,2.5
reserve_fixed,ASML,2023-09-18,2023-09-19,executed,581.69768249,7.5,0.01,0.0,7.5,0.0,0.0
fixed,KO,2023-09-18,2023-09-19,executed,53.46814771,5.0,0.01,0.0,3.75,0.0,1.25
reserve_fixed,KO,2023-09-18,2023-09-19,executed,53.46814771,3.75,0.0,0.0,3.75,0.0,0.0
dca_l2_v2,BYDDY,2023-09-18,2023-09-19,executed,10.18371931,11.25,0.01,0.01,11.25,0.0,0.0
dca_l2_v2,MSFT,2023-09-18,2023-09-19,executed,318.8647597,8.25,0.01,0.0,8.25,0.0,0.0
dca_l2_v2,NVDA,2023-09-18,2023-09-19,executed,43.72433024,6.75,0.01,0.0,6.75,0.0,0.0
dca_l2_v2,AAPL,2023-09-18,2023-09-19,executed,175.23864654,5.63,0.01,0.0,5.63,0.0,0.0
dca_l2_v2,ASML,2023-09-18,2023-09-19,executed,581.69768249,3.75,0.0,0.0,3.75,0.0,0.0
dca_l2_v2,KO,2023-09-18,2023-09-19,executed,53.46814771,1.88,0.0,0.0,1.88,0.0,0.0
fixed,BYDDY,2023-09-25,2023-09-26,executed,9.78239075,30.0,0.03,0.01,22.5,0.0,7.5
reserve_fixed,BYDDY,2023-09-25,2023-09-26,executed,9.78239075,22.5,0.02,0.01,22.5,0.0,0.0
fixed,MSFT,2023-09-25,2023-09-26,executed,308.07204304,22.0,0.02,0.01,16.5,0.0,5.5
reserve_fixed,MSFT,2023-09-25,2023-09-26,executed,308.07204304,16.5,0.02,0.01,16.5,0.0,0.0
fixed,NVDA,2023-09-25,2023-09-26,executed,41.89686796,18.0,0.02,0.01,13.5,0.0,4.5
reserve_fixed,NVDA,2023-09-25,2023-09-26,executed,41.89686796,13.5,0.01,0.01,13.5,0.0,0.0
fixed,AAPL,2023-09-25,2023-09-26,executed,172.57334655,15.0,0.01,0.01,11.25,0.0,3.75
reserve_fixed,AAPL,2023-09-25,2023-09-26,executed,172.57334655,11.25,0.01,0.01,11.25,0.0,0.0
fixed,ASML,2023-09-25,2023-09-26,executed,562.53025457,10.0,0.01,0.01,7.5,0.0,2.5
reserve_fixed,ASML,2023-09-25,2023-09-26,executed,562.53025457,7.5,0.01,0.0,7.5,0.0,0.0
fixed,KO,2023-09-25,2023-09-26,executed,52.06399699,4.6,0.0,0.0,3.75,0.0,1.25
reserve_fixed,KO,2023-09-25,2023-09-26,executed,52.06399699,3.75,0.0,0.0,3.75,0.0,0.0
dca_l2_v2,BYDDY,2023-09-25,2023-09-26,executed,9.78239075,11.25,0.01,0.01,11.25,0.0,0.0
dca_l2_v2,MSFT,2023-09-25,2023-09-26,executed,308.07204304,8.25,0.01,0.0,8.25,0.0,0.0
dca_l2_v2,NVDA,2023-09-25,2023-09-26,executed,41.89686796,6.75,0.01,0.0,6.75,0.0,0.0
dca_l2_v2,AAPL,2023-09-25,2023-09-26,executed,172.57334655,5.63,0.01,0.0,5.63,0.0,0.0
dca_l2_v2,ASML,2023-09-25,2023-09-26,executed,562.53025457,3.75,0.0,0.0,3.75,0.0,0.0
dca_l2_v2,KO,2023-09-25,2023-09-26,executed,52.06399699,1.88,0.0,0.0,1.88,0.0,0.0
fixed,BYDDY,2023-10-02,2023-10-03,executed,9.87786747,24.0,0.02,0.01,18.0,0.0,6.0
reserve_fixed,BYDDY,2023-10-02,2023-10-03,executed,9.87786747,18.0,0.02,0.01,18.0,0.0,0.0
fixed,MSFT,2023-10-02,2023-10-03,executed,313.64437382,17.6,0.02,0.01,13.2,0.0,4.4
reserve_fixed,MSFT,2023-10-02,2023-10-03,executed,313.64437382,13.2,0.01,0.01,13.2,0.0,0.0
fixed,NVDA,2023-10-02,2023-10-03,executed,44.69691029,14.4,0.01,0.01,10.8,0.0,3.6
reserve_fixed,NVDA,2023-10-02,2023-10-03,executed,44.69691029,10.8,0.01,0.01,10.8,0.0,0.0
fixed,AAPL,2023-10-02,2023-10-03,executed,170.04624563,12.0,0.01,0.01,9.0,0.0,3.0
reserve_fixed,AAPL,2023-10-02,2023-10-03,executed,170.04624563,9.0,0.01,0.0,9.0,0.0,0.0
fixed,ASML,2023-10-02,2023-10-03,executed,561.1152114,8.0,0.01,0.0,6.0,0.0,2.0
reserve_fixed,ASML,2023-10-02,2023-10-03,executed,561.1152114,6.0,0.01,0.0,6.0,0.0,0.0
fixed,KO,2023-10-02,2023-10-03,executed,50.62312391,4.0,0.0,0.0,3.0,0.0,1.0
reserve_fixed,KO,2023-10-02,2023-10-03,executed,50.62312391,3.0,0.0,0.0,3.0,0.0,0.0
dca_l2_v2,BYDDY,2023-10-02,2023-10-03,executed,9.87786747,9.0,0.01,0.0,9.0,0.0,0.0
dca_l2_v2,MSFT,2023-10-02,2023-10-03,executed,313.64437382,6.6,0.01,0.0,6.6,0.0,0.0
dca_l2_v2,NVDA,2023-10-02,2023-10-03,executed,44.69691029,5.4,0.01,0.0,5.4,0.0,0.0
dca_l2_v2,AAPL,2023-10-02,2023-10-03,executed,170.04624563,4.5,0.0,0.0,4.5,0.0,0.0
dca_l2_v2,ASML,2023-10-02,2023-10-03,executed,561.1152114,3.0,0.0,0.0,3.0,0.0,0.0
dca_l2_v2,KO,2023-10-02,2023-10-03,executed,50.62312391,1.5,0.0,0.0,1.5,0.0,0.0
fixed,BYDDY,2023-10-09,2023-10-10,executed,9.80828369,24.0,0.02,0.01,18.0,0.0,6.0
reserve_fixed,BYDDY,2023-10-09,2023-10-10,executed,9.80828369,18.0,0.02,0.01,18.0,0.0,0.0
fixed,MSFT,2023-10-09,2023-10-10,executed,323.54745788,17.6,0.02,0.01,13.2,0.0,4.4
reserve_fixed,MSFT,2023-10-09,2023-10-10,executed,323.54745788,13.2,0.01,0.01,13.2,0.0,0.0
fixed,NVDA,2023-10-09,2023-10-10,executed,45.19766254,14.4,0.01,0.01,10.8,0.0,3.6
reserve_fixed,NVDA,2023-10-09,2023-10-10,executed,45.19766254,10.8,0.01,0.01,10.8,0.0,0.0
fixed,AAPL,2023-10-09,2023-10-10,executed,175.81121368,12.0,0.01,0.01,9.0,0.0,3.0
reserve_fixed,AAPL,2023-10-09,2023-10-10,executed,175.81121368,9.0,0.01,0.0,9.0,0.0,0.0
fixed,ASML,2023-10-09,2023-10-10,executed,585.7381217,8.0,0.01,0.0,6.0,0.0,2.0
reserve_fixed,ASML,2023-10-09,2023-10-10,executed,585.7381217,6.0,0.01,0.0,6.0,0.0,0.0
fixed,KO,2023-10-09,2023-10-10,executed,49.67784451,4.0,0.0,0.0,3.0,0.0,1.0
reserve_fixed,KO,2023-10-09,2023-10-10,executed,49.67784451,3.0,0.0,0.0,3.0,0.0,0.0
dca_l2_v2,BYDDY,2023-10-09,2023-10-10,executed,9.80828369,9.0,0.01,0.0,9.0,0.0,0.0
dca_l2_v2,MSFT,2023-10-09,2023-10-10,executed,323.54745788,6.6,0.01,0.0,6.6,0.0,0.0
dca_l2_v2,NVDA,2023-10-09,2023-10-10,executed,45.19766254,5.4,0.01,0.0,5.4,0.0,0.0
dca_l2_v2,AAPL,2023-10-09,2023-10-10,executed,175.81121368,4.5,0.0,0.0,4.5,0.0,0.0
dca_l2_v2,ASML,2023-10-09,2023-10-10,executed,585.7381217,3.0,0.0,0.0,3.0,0.0,0.0
dca_l2_v2,KO,2023-10-09,2023-10-10,executed,49.67784451,1.5,0.0,0.0,1.5,0.0,0.0
fixed,BYDDY,2023-10-16,2023-10-17,executed,10.11413454,24.0,0.02,0.01,18.0,0.0,6.0
reserve_fixed,BYDDY,2023-10-16,2023-10-17,executed,10.11413454,18.0,0.02,0.01,18.0,0.0,0.0
fixed,MSFT,2023-10-16,2023-10-17,executed,322.20812155,17.6,0.02,0.01,13.2,0.0,4.4
reserve_fixed,MSFT,2023-10-16,2023-10-17,executed,322.20812155,13.2,0.01,0.01,13.2,0.0,0.0
fixed,NVDA,2023-10-16,2023-10-17,executed,43.89091749,14.4,0.01,0.01,10.8,0.0,3.6
reserve_fixed,NVDA,2023-10-16,2023-10-17,executed,43.89091749,10.8,0.01,0.01,10.8,0.0,0.0
fixed,AAPL,2023-10-16,2023-10-17,executed,174.37979933,12.0,0.01,0.01,9.0,0.0,3.0
reserve_fixed,AAPL,2023-10-16,2023-10-17,executed,174.37979933,9.0,0.01,0.0,9.0,0.0,0.0
fixed,ASML,2023-10-16,2023-10-17,executed,576.67176979,8.0,0.01,0.0,6.0,0.0,2.0
reserve_fixed,ASML,2023-10-16,2023-10-17,executed,576.67176979,6.0,0.01,0.0,6.0,0.0,0.0
fixed,KO,2023-10-16,2023-10-17,executed,48.92529442,4.0,0.0,0.0,3.0,0.0,1.0
reserve_fixed,KO,2023-10-16,2023-10-17,executed,48.92529442,3.0,0.0,0.0,3.0,0.0,0.0
dca_l2_v2,BYDDY,2023-10-16,2023-10-17,executed,10.11413454,9.0,0.01,0.0,9.0,0.0,0.0
dca_l2_v2,MSFT,2023-10-16,2023-10-17,executed,322.20812155,6.6,0.01,0.0,6.6,0.0,0.0
dca_l2_v2,NVDA,2023-10-16,2023-10-17,executed,43.89091749,5.4,0.01,0.0,5.4,0.0,0.0
dca_l2_v2,AAPL,2023-10-16,2023-10-17,executed,174.37979933,4.5,0.0,0.0,4.5,0.0,0.0
dca_l2_v2,ASML,2023-10-16,2023-10-17,executed,576.67176979,3.0,0.0,0.0,3.0,0.0,0.0
dca_l2_v2,KO,2023-10-16,2023-10-17,executed,48.92529442,1.5,0.0,0.0,1.5,0.0,0.0
fixed,BYDDY,2023-10-23,2023-10-24,executed,10.0316033,24.0,0.02,0.01,18.0,0.0,6.0
reserve_fixed,BYDDY,2023-10-23,2023-10-24,executed,10.0316033,18.0,0.02,0.01,18.0,0.0,0.0
fixed,MSFT,2023-10-23,2023-10-24,executed,323.87977196,17.6,0.02,0.01,13.2,0.0,4.4
reserve_fixed,MSFT,2023-10-23,2023-10-24,executed,323.87977196,13.2,0.01,0.01,13.2,0.0,0.0
fixed,NVDA,2023-10-23,2023-10-24,executed,42.97021037,14.4,0.01,0.01,10.8,0.0,3.6
reserve_fixed,NVDA,2023-10-23,2023-10-24,executed,42.97021037,10.8,0.01,0.01,10.8,0.0,0.0
fixed,AAPL,2023-10-23,2023-10-24,executed,170.82607935,12.0,0.01,0.01,9.0,0.0,3.0
reserve_fixed,AAPL,2023-10-23,2023-10-24,executed,170.82607935,9.0,0.01,0.0,9.0,0.0,0.0
fixed,ASML,2023-10-23,2023-10-24,executed,576.40815405,8.0,0.01,0.0,6.0,0.0,2.0
reserve_fixed,ASML,2023-10-23,2023-10-24,executed,576.40815405,6.0,0.01,0.0,6.0,0.0,0.0
fixed,KO,2023-10-23,2023-10-24,executed,51.07283065,4.0,0.0,0.0,3.0,0.0,1.0
reserve_fixed,KO,2023-10-23,2023-10-24,executed,51.07283065,3.0,0.0,0.0,3.0,0.0,0.0
dca_l2_v2,BYDDY,2023-10-23,2023-10-24,executed,10.0316033,9.0,0.01,0.0,9.0,0.0,0.0
dca_l2_v2,MSFT,2023-10-23,2023-10-24,executed,323.87977196,6.6,0.01,0.0,6.6,0.0,0.0
dca_l2_v2,NVDA,2023-10-23,2023-10-24,executed,42.97021037,5.4,0.01,0.0,5.4,0.0,0.0
dca_l2_v2,AAPL,2023-10-23,2023-10-24,executed,170.82607935,4.5,0.0,0.0,4.5,0.0,0.0
dca_l2_v2,ASML,2023-10-23,2023-10-24,executed,576.40815405,3.0,0.0,0.0,3.0,0.0,0.0
dca_l2_v2,KO,2023-10-23,2023-10-24,executed,51.07283065,1.5,0.0,0.0,1.5,0.0,0.0
fixed,BYDDY,2023-10-30,2023-10-31,executed,9.90376041,24.0,0.02,0.01,18.0,0.0,6.0
reserve_fixed,BYDDY,2023-10-30,2023-10-31,executed,9.90376041,18.0,0.02,0.01,18.0,0.0,0.0
fixed,MSFT,2023-10-30,2023-10-31,executed,331.26073359,17.6,0.02,0.01,13.2,0.0,4.4
reserve_fixed,MSFT,2023-10-30,2023-10-31,executed,331.26073359,13.2,0.01,0.01,13.2,0.0,0.0
fixed,NVDA,2023-10-30,2023-10-31,executed,40.34971878,14.4,0.01,0.01,10.8,0.0,3.6
reserve_fixed,NVDA,2023-10-30,2023-10-31,executed,40.34971878,10.8,0.01,0.01,10.8,0.0,0.0
fixed,AAPL,2023-10-30,2023-10-31,executed,167.17366106,12.0,0.01,0.01,9.0,0.0,3.0
reserve_fixed,AAPL,2023-10-30,2023-10-31,executed,167.17366106,9.0,0.01,0.0,9.0,0.0,0.0
fixed,ASML,2023-10-30,2023-10-31,executed,585.22093824,8.0,0.01,0.0,6.0,0.0,2.0
reserve_fixed,ASML,2023-10-30,2023-10-31,executed,585.22093824,6.0,0.01,0.0,6.0,0.0,0.0
fixed,KO,2023-10-30,2023-10-31,executed,51.9171526,3.6,0.0,0.0,3.0,0.0,1.0
reserve_fixed,KO,2023-10-30,2023-10-31,executed,51.9171526,3.0,0.0,0.0,3.0,0.0,0.0
dca_l2_v2,BYDDY,2023-10-30,2023-10-31,executed,9.90376041,9.0,0.01,0.0,9.0,0.0,0.0
dca_l2_v2,MSFT,2023-10-30,2023-10-31,executed,331.26073359,6.6,0.01,0.0,6.6,0.0,0.0
dca_l2_v2,NVDA,2023-10-30,2023-10-31,executed,40.34971878,5.4,0.01,0.0,5.4,0.0,0.0
dca_l2_v2,AAPL,2023-10-30,2023-10-31,executed,167.17366106,4.5,0.0,0.0,4.5,0.0,0.0
dca_l2_v2,ASML,2023-10-30,2023-10-31,executed,585.22093824,3.0,0.0,0.0,3.0,0.0,0.0
dca_l2_v2,KO,2023-10-30,2023-10-31,executed,51.9171526,1.5,0.0,0.0,1.5,0.0,0.0
fixed,BYDDY,2023-11-06,2023-11-07,executed,10.13678986,30.0,0.03,0.01,22.5,0.0,7.5
reserve_fixed,BYDDY,2023-11-06,2023-11-07,executed,10.13678986,22.5,0.02,0.01,22.5,0.0,0.0
fixed,MSFT,2023-11-06,2023-11-07,executed,351.35052647,22.0,0.02,0.01,16.5,0.0,5.5
reserve_fixed,MSFT,2023-11-06,2023-11-07,executed,351.35052647,16.5,0.02,0.01,16.5,0.0,0.0
fixed,NVDA,2023-11-06,2023-11-07,executed,45.60565143,18.0,0.02,0.01,13.5,0.0,4.5
reserve_fixed,NVDA,2023-11-06,2023-11-07,executed,45.60565143,13.5,0.01,0.01,13.5,0.0,0.0
fixed,AAPL,2023-11-06,2023-11-07,executed,176.87731646,15.0,0.01,0.01,11.25,0.0,3.75
reserve_fixed,AAPL,2023-11-06,2023-11-07,executed,176.87731646,11.25,0.01,0.01,11.25,0.0,0.0
fixed,ASML,2023-11-06,2023-11-07,executed,620.15315962,10.0,0.01,0.01,7.5,0.0,2.5
reserve_fixed,ASML,2023-11-06,2023-11-07,executed,620.15315962,7.5,0.01,0.0,7.5,0.0,0.0
fixed,KO,2023-11-06,2023-11-07,executed,52.23836413,5.0,0.01,0.0,3.75,0.0,1.25
reserve_fixed,KO,2023-11-06,2023-11-07,executed,52.23836413,3.75,0.0,0.0,3.75,0.0,0.0
dca_l2_v2,BYDDY,2023-11-06,2023-11-07,executed,10.13678986,11.25,0.01,0.01,11.25,0.0,0.0
dca_l2_v2,MSFT,2023-11-06,2023-11-07,executed,351.35052647,8.25,0.01,0.0,8.25,0.0,0.0
dca_l2_v2,NVDA,2023-11-06,2023-11-07,executed,45.60565143,6.75,0.01,0.0,6.75,0.0,0.0
dca_l2_v2,AAPL,2023-11-06,2023-11-07,executed,176.87731646,5.63,0.01,0.0,5.63,0.0,0.0
dca_l2_v2,ASML,2023-11-06,2023-11-07,executed,620.15315962,3.75,0.0,0.0,3.75,0.0,0.0
dca_l2_v2,KO,2023-11-06,2023-11-07,executed,52.23836413,1.88,0.0,0.0,1.88,0.0,0.0
fixed,BYDDY,2023-11-13,2023-11-14,executed,10.14002548,30.0,0.03,0.01,22.5,0.0,7.5
reserve_fixed,BYDDY,2023-11-13,2023-11-14,executed,10.14002548,22.5,0.02,0.01,22.5,0.0,0.0
fixed,MSFT,2023-11-13,2023-11-14,executed,362.70048761,22.0,0.02,0.01,16.5,0.0,5.5
reserve_fixed,MSFT,2023-11-13,2023-11-14,executed,362.70048761,16.5,0.02,0.01,16.5,0.0,0.0
fixed,NVDA,2023-11-13,2023-11-14,executed,49.55683303,18.0,0.02,0.01,13.5,0.0,4.5
reserve_fixed,NVDA,2023-11-13,2023-11-14,executed,49.55683303,13.5,0.01,0.01,13.5,0.0,0.0
fixed,AAPL,2023-11-13,2023-11-14,executed,185.5319246,15.0,0.01,0.01,11.25,0.0,3.75
reserve_fixed,AAPL,2023-11-13,2023-11-14,executed,185.5319246,11.25,0.01,0.01,11.25,0.0,0.0
fixed,ASML,2023-11-13,2023-11-14,executed,660.10280946,10.0,0.01,0.01,7.5,0.0,2.5
reserve_fixed,ASML,2023-11-13,2023-11-14,executed,660.10280946,7.5,0.01,0.0,7.5,0.0,0.0
fixed,KO,2023-11-13,2023-11-14,executed,52.33013899,5.0,0.01,0.0,3.75,0.0,1.25
reserve_fixed,KO,2023-11-13,2023-11-14,executed,52.33013899,3.75,0.0,0.0,3.75,0.0,0.0
dca_l2_v2,BYDDY,2023-11-13,2023-11-14,executed,10.14002548,22.5,0.02,0.01,22.5,0.0,0.0
dca_l2_v2,MSFT,2023-11-13,2023-11-14,executed,362.70048761,16.5,0.02,0.01,16.5,0.0,0.0
dca_l2_v2,NVDA,2023-11-13,2023-11-14,executed,49.55683303,13.5,0.01,0.01,13.5,0.0,0.0
dca_l2_v2,AAPL,2023-11-13,2023-11-14,executed,185.5319246,11.25,0.01,0.01,11.25,0.0,0.0
dca_l2_v2,ASML,2023-11-13,2023-11-14,executed,660.10280946,7.5,0.01,0.0,7.5,0.0,0.0
dca_l2_v2,KO,2023-11-13,2023-11-14,executed,52.33013899,3.75,0.0,0.0,3.75,0.0,0.0
fixed,BYDDY,2023-11-20,2023-11-21,executed,10.18210151,30.0,0.03,0.01,22.5,0.0,7.5
reserve_fixed,BYDDY,2023-11-20,2023-11-21,executed,10.18210151,22.5,0.02,0.01,22.5,0.0,0.0
fixed,MSFT,2023-11-20,2023-11-21,executed,368.00154182,22.0,0.02,0.01,16.5,0.0,5.5
reserve_fixed,MSFT,2023-11-20,2023-11-21,executed,368.00154182,16.5,0.02,0.01,16.5,0.0,0.0
fixed,NVDA,2023-11-20,2023-11-21,executed,50.00172637,18.0,0.02,0.01,13.5,0.0,4.5
reserve_fixed,NVDA,2023-11-20,2023-11-21,executed,50.00172637,13.5,0.01,0.01,13.5,0.0,0.0
fixed,AAPL,2023-11-20,2023-11-21,executed,189.19904725,15.0,0.01,0.01,11.25,0.0,3.75
reserve_fixed,AAPL,2023-11-20,2023-11-21,executed,189.19904725,11.25,0.01,0.01,11.25,0.0,0.0
fixed,ASML,2023-11-20,2023-11-21,executed,678.90836254,10.0,0.01,0.01,7.5,0.0,2.5
reserve_fixed,ASML,2023-11-20,2023-11-21,executed,678.90836254,7.5,0.01,0.0,7.5,0.0,0.0
fixed,KO,2023-11-20,2023-11-21,executed,52.7339478,5.0,0.01,0.0,3.75,0.0,1.25
reserve_fixed,KO,2023-11-20,2023-11-21,executed,52.7339478,3.75,0.0,0.0,3.75,0.0,0.0
dca_l2_v2,BYDDY,2023-11-20,2023-11-21,executed,10.18210151,22.5,0.02,0.01,22.5,0.0,0.0
dca_l2_v2,MSFT,2023-11-20,2023-11-21,executed,368.00154182,16.5,0.02,0.01,16.5,0.0,0.0
dca_l2_v2,NVDA,2023-11-20,2023-11-21,executed,50.00172637,13.5,0.01,0.01,13.5,0.0,0.0
dca_l2_v2,AAPL,2023-11-20,2023-11-21,executed,189.19904725,11.25,0.01,0.01,11.25,0.0,0.0
dca_l2_v2,ASML,2023-11-20,2023-11-21,executed,678.90836254,7.5,0.01,0.0,7.5,0.0,0.0
dca_l2_v2,KO,2023-11-20,2023-11-21,executed,52.7339478,3.75,0.0,0.0,3.75,0.0,0.0
fixed,BYDDY,2023-11-27,2023-11-28,executed,9.16745144,30.0,0.03,0.01,22.5,0.0,7.5
reserve_fixed,BYDDY,2023-11-27,2023-11-28,executed,9.16745144,22.5,0.02,0.01,22.5,0.0,0.0
fixed,MSFT,2023-11-27,2023-11-28,executed,370.6268238,22.0,0.02,0.01,16.5,0.0,5.5
reserve_fixed,MSFT,2023-11-27,2023-11-28,executed,370.6268238,16.5,0.02,0.01,16.5,0.0,0.0
fixed,NVDA,2023-11-27,2023-11-28,executed,48.11641118,18.0,0.02,0.01,13.5,0.0,4.5
reserve_fixed,NVDA,2023-11-27,2023-11-28,executed,48.11641118,13.5,0.01,0.01,13.5,0.0,0.0
fixed,AAPL,2023-11-27,2023-11-28,executed,187.58787907,15.0,0.01,0.01,11.25,0.0,3.75
reserve_fixed,AAPL,2023-11-27,2023-11-28,executed,187.58787907,11.25,0.01,0.01,11.25,0.0,0.0
fixed,ASML,2023-11-27,2023-11-28,executed,665.33739845,10.0,0.01,0.01,7.5,0.0,2.5
reserve_fixed,ASML,2023-11-27,2023-11-28,executed,665.33739845,7.5,0.01,0.0,7.5,0.0,0.0
fixed,KO,2023-11-27,2023-11-28,executed,53.59664193,4.6,0.0,0.0,3.75,0.0,1.25
reserve_fixed,KO,2023-11-27,2023-11-28,executed,53.59664193,3.75,0.0,0.0,3.75,0.0,0.0
dca_l2_v2,BYDDY,2023-11-27,2023-11-28,executed,9.16745144,25.56,0.03,0.01,22.5,3.06,0.0
dca_l2_v2,MSFT,2023-11-27,2023-11-28,executed,370.6268238,16.5,0.02,0.01,16.5,0.0,0.0
dca_l2_v2,NVDA,2023-11-27,2023-11-28,executed,48.11641118,13.5,0.01,0.01,13.5,0.0,0.0
dca_l2_v2,AAPL,2023-11-27,2023-11-28,executed,187.58787907,11.25,0.01,0.01,11.25,0.0,0.0
dca_l2_v2,ASML,2023-11-27,2023-11-28,executed,665.33739845,7.5,0.01,0.0,7.5,0.0,0.0
dca_l2_v2,KO,2023-11-27,2023-11-28,executed,53.59664193,3.75,0.0,0.0,3.75,0.0,0.0
fixed,BYDDY,2023-12-04,2023-12-05,executed,8.64799083,30.0,0.03,0.01,22.5,0.0,7.5
reserve_fixed,BYDDY,2023-12-04,2023-12-05,executed,8.64799083,22.5,0.02,0.01,22.5,0.0,0.0
fixed,MSFT,2023-12-04,2023-12-05,executed,358.96972416,22.0,0.02,0.01,16.5,0.0,5.5
reserve_fixed,MSFT,2023-12-04,2023-12-05,executed,358.96972416,16.5,0.02,0.01,16.5,0.0,0.0
fixed,NVDA,2023-12-04,2023-12-05,executed,45.3572633,18.0,0.02,0.01,13.5,0.0,4.5
reserve_fixed,NVDA,2023-12-04,2023-12-05,executed,45.3572633,13.5,0.01,0.01,13.5,0.0,0.0
fixed,AAPL,2023-12-04,2023-12-05,executed,188.01291848,15.0,0.01,0.01,11.25,0.0,3.75
reserve_fixed,AAPL,2023-12-04,2023-12-05,executed,188.01291848,11.25,0.01,0.01,11.25,0.0,0.0
fixed,ASML,2023-12-04,2023-12-05,executed,675.43490268,10.0,0.01,0.01,7.5,0.0,2.5
reserve_fixed,ASML,2023-12-04,2023-12-05,executed,675.43490268,7.5,0.01,0.0,7.5,0.0,0.0
fixed,KO,2023-12-04,2023-12-05,executed,54.16216255,5.0,0.01,0.0,3.75,0.0,1.25
reserve_fixed,KO,2023-12-04,2023-12-05,executed,54.16216255,3.75,0.0,0.0,3.75,0.0,0.0
dca_l2_v2,BYDDY,2023-12-04,2023-12-05,executed,8.64799083,27.36,0.03,0.01,22.5,4.86,0.0
dca_l2_v2,MSFT,2023-12-04,2023-12-05,executed,358.96972416,16.5,0.02,0.01,16.5,0.0,0.0
dca_l2_v2,NVDA,2023-12-04,2023-12-05,executed,45.3572633,15.09,0.02,0.01,13.5,1.59,0.0
dca_l2_v2,AAPL,2023-12-04,2023-12-05,executed,188.01291848,11.25,0.01,0.01,11.25,0.0,0.0
dca_l2_v2,ASML,2023-12-04,2023-12-05,executed,675.43490268,7.5,0.01,0.0,7.5,0.0,0.0
dca_l2_v2,KO,2023-12-04,2023-12-05,executed,54.16216255,3.75,0.0,0.0,3.75,0.0,0.0
fixed,BYDDY,2023-12-11,2023-12-12,executed,8.64960764,30.0,0.03,0.01,22.5,0.0,7.5
reserve_fixed,BYDDY,2023-12-11,2023-12-12,executed,8.64960764,22.5,0.02,0.01,22.5,0.0,0.0
fixed,MSFT,2023-12-11,2023-12-12,executed,363.27987116,22.0,0.02,0.01,16.5,0.0,5.5
reserve_fixed,MSFT,2023-12-11,2023-12-12,executed,363.27987116,16.5,0.02,0.01,16.5,0.0,0.0
fixed,NVDA,2023-12-11,2023-12-12,executed,45.93588747,18.0,0.02,0.01,13.5,0.0,4.5
reserve_fixed,NVDA,2023-12-11,2023-12-12,executed,45.93588747,13.5,0.01,0.01,13.5,0.0,0.0
fixed,AAPL,2023-12-11,2023-12-12,executed,190.84976719,15.0,0.01,0.01,11.25,0.0,3.75
reserve_fixed,AAPL,2023-12-11,2023-12-12,executed,190.84976719,11.25,0.01,0.01,11.25,0.0,0.0
fixed,ASML,2023-12-11,2023-12-12,executed,699.50446644,10.0,0.01,0.01,7.5,0.0,2.5
reserve_fixed,ASML,2023-12-11,2023-12-12,executed,699.50446644,7.5,0.01,0.0,7.5,0.0,0.0
fixed,KO,2023-12-11,2023-12-12,executed,54.76345404,5.0,0.01,0.0,3.75,0.0,1.25
reserve_fixed,KO,2023-12-11,2023-12-12,executed,54.76345404,3.75,0.0,0.0,3.75,0.0,0.0
dca_l2_v2,BYDDY,2023-12-11,2023-12-12,executed,8.64960764,27.24,0.03,0.01,22.5,4.74,0.0
dca_l2_v2,MSFT,2023-12-11,2023-12-12,executed,363.27987116,16.5,0.02,0.01,16.5,0.0,0.0
dca_l2_v2,NVDA,2023-12-11,2023-12-12,executed,45.93588747,14.34,0.01,0.01,13.5,0.84,0.0
dca_l2_v2,AAPL,2023-12-11,2023-12-12,executed,190.84976719,11.25,0.01,0.01,11.25,0.0,0.0
dca_l2_v2,ASML,2023-12-11,2023-12-12,executed,699.50446644,7.5,0.01,0.0,7.5,0.0,0.0
dca_l2_v2,KO,2023-12-11,2023-12-12,executed,54.76345404,3.75,0.0,0.0,3.75,0.0,0.0
fixed,BYDDY,2023-12-18,2023-12-19,executed,8.35993888,30.0,0.03,0.01,22.5,0.0,7.5
reserve_fixed,BYDDY,2023-12-18,2023-12-19,executed,8.35993888,22.5,0.02,0.01,22.5,0.0,0.0
fixed,MSFT,2023-12-18,2023-12-19,executed,363.90681748,22.0,0.02,0.01,16.5,0.0,5.5
reserve_fixed,MSFT,2023-12-18,2023-12-19,executed,363.90681748,16.5,0.02,0.01,16.5,0.0,0.0
fixed,NVDA,2023-12-18,2023-12-19,executed,49.30580058,18.0,0.02,0.01,13.5,0.0,4.5
reserve_fixed,NVDA,2023-12-18,2023-12-19,executed,49.30580058,13.5,0.01,0.01,13.5,0.0,0.0
fixed,AAPL,2023-12-18,2023-12-19,executed,193.89422666,15.0,0.01,0.01,11.25,0.0,3.75
reserve_fixed,AAPL,2023-12-18,2023-12-19,executed,193.89422666,11.25,0.01,0.01,11.25,0.0,0.0
fixed,ASML,2023-12-18,2023-12-19,executed,726.97899484,10.0,0.01,0.01,7.5,0.0,2.5
reserve_fixed,ASML,2023-12-18,2023-12-19,executed,726.97899484,7.5,0.01,0.0,7.5,0.0,0.0
fixed,KO,2023-12-18,2023-12-19,executed,54.57843758,5.0,0.01,0.0,3.75,0.0,1.25
reserve_fixed,KO,2023-12-18,2023-12-19,executed,54.57843758,3.75,0.0,0.0,3.75,0.0,0.0
dca_l2_v2,BYDDY,2023-12-18,2023-12-19,executed,8.35993888,53.16,0.05,0.03,22.5,5.66,25.0
dca_l2_v2,MSFT,2023-12-18,2023-12-19,executed,363.90681748,16.5,0.02,0.01,16.5,0.0,0.0
dca_l2_v2,NVDA,2023-12-18,2023-12-19,executed,49.30580058,13.5,0.01,0.01,13.5,0.0,0.0
dca_l2_v2,AAPL,2023-12-18,2023-12-19,executed,193.89422666,11.25,0.01,0.01,11.25,0.0,0.0
dca_l2_v2,ASML,2023-12-18,2023-12-19,executed,726.97899484,7.5,0.01,0.0,7.5,0.0,0.0
dca_l2_v2,KO,2023-12-18,2023-12-19,executed,54.57843758,3.75,0.0,0.0,3.75,0.0,0.0
fixed,BYDDY,2023-12-22,2023-12-26,executed,8.57678525,30.0,0.03,0.01,22.5,0.0,7.5
reserve_fixed,BYDDY,2023-12-22,2023-12-26,executed,8.57678525,22.5,0.02,0.01,22.5,0.0,0.0
fixed,MSFT,2023-12-22,2023-12-26,executed,367.3451748,22.0,0.02,0.01,16.5,0.0,5.5
reserve_fixed,MSFT,2023-12-22,2023-12-26,executed,367.3451748,16.5,0.02,0.01,16.5,0.0,0.0
fixed,NVDA,2023-12-22,2023-12-26,executed,48.85089224,18.0,0.02,0.01,13.5,0.0,4.5
reserve_fixed,NVDA,2023-12-22,2023-12-26,executed,48.85089224,13.5,0.01,0.01,13.5,0.0,0.0
fixed,AAPL,2023-12-22,2023-12-26,executed,191.37365301,15.0,0.01,0.01,11.25,0.0,3.75
reserve_fixed,AAPL,2023-12-22,2023-12-26,executed,191.37365301,11.25,0.01,0.01,11.25,0.0,0.0
fixed,ASML,2023-12-22,2023-12-26,executed,733.92592657,10.0,0.01,0.01,7.5,0.0,2.5
reserve_fixed,ASML,2023-12-22,2023-12-26,executed,733.92592657,7.5,0.01,0.0,7.5,0.0,0.0
fixed,KO,2023-12-22,2023-12-26,executed,53.70889503,4.6,0.0,0.0,3.75,0.0,1.25
reserve_fixed,KO,2023-12-22,2023-12-26,executed,53.70889503,3.75,0.0,0.0,3.75,0.0,0.0
dca_l2_v2,BYDDY,2023-12-22,2023-12-26,executed,8.57678525,17.19,0.02,0.01,17.19,0.0,0.0
dca_l2_v2,MSFT,2023-12-22,2023-12-26,executed,367.3451748,12.61,0.01,0.01,12.61,0.0,0.0
dca_l2_v2,NVDA,2023-12-22,2023-12-26,executed,48.85089224,10.32,0.01,0.01,10.32,0.0,0.0
dca_l2_v2,AAPL,2023-12-22,2023-12-26,executed,191.37365301,8.6,0.01,0.0,8.6,0.0,0.0
dca_l2_v2,ASML,2023-12-22,2023-12-26,executed,733.92592657,5.73,0.01,0.0,5.73,0.0,0.0
dca_l2_v2,KO,2023-12-22,2023-12-26,executed,53.70889503,2.87,0.0,0.0,2.87,0.0,0.0
fixed,BYDDY,2023-12-29,2024-01-02,executed,8.81628894,24.0,0.02,0.01,18.0,0.0,6.0
reserve_fixed,BYDDY,2023-12-29,2024-01-02,executed,8.81628894,18.0,0.02,0.01,18.0,0.0,0.0
fixed,MSFT,2023-12-29,2024-01-02,executed,366.22843471,17.6,0.02,0.01,13.2,0.0,4.4
reserve_fixed,MSFT,2023-12-29,2024-01-02,executed,366.22843471,13.2,0.01,0.01,13.2,0.0,0.0
fixed,NVDA,2023-12-29,2024-01-02,executed,49.12623084,14.4,0.01,0.01,10.8,0.0,3.6
reserve_fixed,NVDA,2023-12-29,2024-01-02,executed,49.12623084,10.8,0.01,0.01,10.8,0.0,0.0
fixed,AAPL,2023-12-29,2024-01-02,executed,184.98829292,12.0,0.01,0.01,9.0,0.0,3.0
reserve_fixed,AAPL,2023-12-29,2024-01-02,executed,184.98829292,9.0,0.01,0.0,9.0,0.0,0.0
fixed,ASML,2023-12-29,2024-01-02,executed,714.25931218,8.0,0.01,0.0,6.0,0.0,2.0
reserve_fixed,ASML,2023-12-29,2024-01-02,executed,714.25931218,6.0,0.01,0.0,6.0,0.0,0.0
fixed,KO,2023-12-29,2024-01-02,executed,54.39342512,4.0,0.0,0.0,3.0,0.0,1.0
reserve_fixed,KO,2023-12-29,2024-01-02,executed,54.39342512,3.0,0.0,0.0,3.0,0.0,0.0
dca_l2_v2,BYDDY,2023-12-29,2024-01-02,executed,8.81628894,21.26,0.02,0.01,18.0,3.26,0.0
dca_l2_v2,MSFT,2023-12-29,2024-01-02,executed,366.22843471,13.2,0.01,0.01,13.2,0.0,0.0
dca_l2_v2,NVDA,2023-12-29,2024-01-02,executed,49.12623084,10.8,0.01,0.01,10.8,0.0,0.0
dca_l2_v2,AAPL,2023-12-29,2024-01-02,executed,184.98829292,9.0,0.01,0.0,9.0,0.0,0.0
dca_l2_v2,ASML,2023-12-29,2024-01-02,executed,714.25931218,6.0,0.01,0.0,6.0,0.0,0.0
dca_l2_v2,KO,2023-12-29,2024-01-02,executed,54.39342512,3.0,0.0,0.0,3.0,0.0,0.0
fixed,BYDDY,2024-01-08,2024-01-09,executed,8.66255511,24.0,0.02,0.01,18.0,0.0,6.0
reserve_fixed,BYDDY,2024-01-08,2024-01-09,executed,8.66255511,18.0,0.02,0.01,18.0,0.0,0.0
fixed,MSFT,2024-01-08,2024-01-09,executed,364.41624907,17.6,0.02,0.01,13.2,0.0,4.4
reserve_fixed,MSFT,2024-01-08,2024-01-09,executed,364.41624907,13.2,0.01,0.01,13.2,0.0,0.0
fixed,NVDA,2024-01-08,2024-01-09,executed,52.27568178,14.4,0.01,0.01,10.8,0.0,3.6
reserve_fixed,NVDA,2024-01-08,2024-01-09,executed,52.27568178,10.8,0.01,0.01,10.8,0.0,0.0
fixed,AAPL,2024-01-08,2024-01-09,executed,181.79559537,12.0,0.01,0.01,9.0,0.0,3.0
reserve_fixed,AAPL,2024-01-08,2024-01-09,executed,181.79559537,9.0,0.01,0.0,9.0,0.0,0.0
fixed,ASML,2024-01-08,2024-01-09,executed,695.34601326,8.0,0.01,0.0,6.0,0.0,2.0
reserve_fixed,ASML,2024-01-08,2024-01-09,executed,695.34601326,6.0,0.01,0.0,6.0,0.0,0.0
fixed,KO,2024-01-08,2024-01-09,executed,55.49425026,4.0,0.0,0.0,3.0,0.0,1.0
reserve_fixed,KO,2024-01-08,2024-01-09,executed,55.49425026,3.0,0.0,0.0,3.0,0.0,0.0
dca_l2_v2,BYDDY,2024-01-08,2024-01-09,executed,8.66255511,21.98,0.02,0.01,18.0,3.98,0.0
dca_l2_v2,MSFT,2024-01-08,2024-01-09,executed,364.41624907,13.2,0.01,0.01,13.2,0.0,0.0
dca_l2_v2,NVDA,2024-01-08,2024-01-09,executed,52.27568178,10.8,0.01,0.01,10.8,0.0,0.0
dca_l2_v2,AAPL,2024-01-08,2024-01-09,executed,181.79559537,9.3,0.01,0.0,9.0,0.3,0.0
dca_l2_v2,ASML,2024-01-08,2024-01-09,executed,695.34601326,6.1,0.01,0.0,6.0,0.1,0.0
dca_l2_v2,KO,2024-01-08,2024-01-09,executed,55.49425026,3.0,0.0,0.0,3.0,0.0,0.0
fixed,BYDDY,2024-01-12,2024-01-16,executed,8.55089431,24.0,0.02,0.01,18.0,0.0,6.0
reserve_fixed,BYDDY,2024-01-12,2024-01-16,executed,8.55089431,18.0,0.02,0.01,18.0,0.0,0.0
fixed,MSFT,2024-01-12,2024-01-16,executed,385.62429779,17.6,0.02,0.01,13.2,0.0,4.4
reserve_fixed,MSFT,2024-01-12,2024-01-16,executed,385.62429779,13.2,0.01,0.01,13.2,0.0,0.0
fixed,NVDA,2024-01-12,2024-01-16,executed,54.8864285,14.4,0.01,0.01,10.8,0.0,3.6
reserve_fixed,NVDA,2024-01-12,2024-01-16,executed,54.8864285,10.8,0.01,0.01,10.8,0.0,0.0
fixed,AAPL,2024-01-12,2024-01-16,executed,180.05591597,12.0,0.01,0.01,9.0,0.0,3.0
reserve_fixed,AAPL,2024-01-12,2024-01-16,executed,180.05591597,9.0,0.01,0.0,9.0,0.0,0.0
fixed,ASML,2024-01-12,2024-01-16,executed,692.72397689,8.0,0.01,0.0,6.0,0.0,2.0
reserve_fixed,ASML,2024-01-12,2024-01-16,executed,692.72397689,6.0,0.01,0.0,6.0,0.0,0.0
fixed,KO,2024-01-12,2024-01-16,executed,55.86427318,4.0,0.0,0.0,3.0,0.0,1.0
reserve_fixed,KO,2024-01-12,2024-01-16,executed,55.86427318,3.0,0.0,0.0,3.0,0.0,0.0
dca_l2_v2,BYDDY,2024-01-12,2024-01-16,executed,8.55089431,21.74,0.02,0.01,18.0,3.74,0.0
dca_l2_v2,MSFT,2024-01-12,2024-01-16,executed,385.62429779,13.2,0.01,0.01,13.2,0.0,0.0
dca_l2_v2,NVDA,2024-01-12,2024-01-16,executed,54.8864285,10.8,0.01,0.01,10.8,0.0,0.0
dca_l2_v2,AAPL,2024-01-12,2024-01-16,executed,180.05591597,9.26,0.01,0.0,9.0,0.26,0.0
dca_l2_v2,ASML,2024-01-12,2024-01-16,executed,692.72397689,6.25,0.01,0.0,6.0,0.25,0.0
dca_l2_v2,KO,2024-01-12,2024-01-16,executed,55.86427318,3.0,0.0,0.0,3.0,0.0,0.0
fixed,BYDDY,2024-01-22,2024-01-23,executed,8.29035311,24.0,0.02,0.01,18.0,0.0,6.0
reserve_fixed,BYDDY,2024-01-22,2024-01-23,executed,8.29035311,18.0,0.02,0.01,18.0,0.0,0.0
fixed,MSFT,2024-01-22,2024-01-23,executed,387.67165996,17.6,0.02,0.01,13.2,0.0,4.4
reserve_fixed,MSFT,2024-01-22,2024-01-23,executed,387.67165996,13.2,0.01,0.01,13.2,0.0,0.0
fixed,NVDA,2024-01-22,2024-01-23,executed,59.42753592,14.4,0.01,0.01,10.8,0.0,3.6
reserve_fixed,NVDA,2024-01-22,2024-01-23,executed,59.42753592,10.8,0.01,0.01,10.8,0.0,0.0
fixed,AAPL,2024-01-22,2024-01-23,executed,192.76734551,12.0,0.01,0.01,9.0,0.0,3.0
reserve_fixed,AAPL,2024-01-22,2024-01-23,executed,192.76734551,9.0,0.01,0.0,9.0,0.0,0.0
fixed,ASML,2024-01-22,2024-01-23,executed,749.53200972,8.0,0.01,0.0,6.0,0.0,2.0
reserve_fixed,ASML,2024-01-22,2024-01-23,executed,749.53200972,6.0,0.01,0.0,6.0,0.0,0.0
fixed,KO,2024-01-22,2024-01-23,executed,55.0687206,4.0,0.0,0.0,3.0,0.0,1.0
reserve_fixed,KO,2024-01-22,2024-01-23,executed,55.0687206,3.0,0.0,0.0,3.0,0.0,0.0
dca_l2_v2,BYDDY,2024-01-22,2024-01-23,executed,8.29035311,48.45,0.05,0.02,18.0,5.45,25.0
dca_l2_v2,MSFT,2024-01-22,2024-01-23,executed,387.67165996,13.2,0.01,0.01,13.2,0.0,0.0
dca_l2_v2,NVDA,2024-01-22,2024-01-23,executed,59.42753592,10.8,0.01,0.01,10.8,0.0,0.0
dca_l2_v2,AAPL,2024-01-22,2024-01-23,executed,192.76734551,9.0,0.01,0.0,9.0,0.0,0.0
dca_l2_v2,ASML,2024-01-22,2024-01-23,executed,749.53200972,6.0,0.01,0.0,6.0,0.0,0.0
dca_l2_v2,KO,2024-01-22,2024-01-23,executed,55.0687206,3.0,0.0,0.0,3.0,0.0,0.0
fixed,BYDDY,2024-01-29,2024-01-30,executed,7.40192811,24.0,0.02,0.01,18.0,0.0,6.0
reserve_fixed,BYDDY,2024-01-29,2024-01-30,executed,7.40192811,18.0,0.02,0.01,18.0,0.0,0.0
fixed,MSFT,2024-01-29,2024-01-30,executed,403.8446224,17.6,0.02,0.01,13.2,0.0,4.4
reserve_fixed,MSFT,2024-01-29,2024-01-30,executed,403.8446224,13.2,0.01,0.01,13.2,0.0,0.0
fixed,NVDA,2024-01-29,2024-01-30,executed,62.74958111,14.4,0.01,0.01,10.8,0.0,3.6
reserve_fixed,NVDA,2024-01-29,2024-01-30,executed,62.74958111,10.8,0.01,0.01,10.8,0.0,0.0
fixed,AAPL,2024-01-29,2024-01-30,executed,188.73450009,12.0,0.01,0.01,9.0,0.0,3.0
reserve_fixed,AAPL,2024-01-29,2024-01-30,executed,188.73450009,9.0,0.01,0.0,9.0,0.0,0.0
fixed,ASML,2024-01-29,2024-01-30,executed,855.20333097,8.0,0.01,0.0,6.0,0.0,2.0
reserve_fixed,ASML,2024-01-29,2024-01-30,executed,855.20333097,6.0,0.01,0.0,6.0,0.0,0.0
fixed,KO,2024-01-29,2024-01-30,executed,55.36473653,3.6,0.0,0.0,3.0,0.0,1.0
reserve_fixed,KO,2024-01-29,2024-01-30,executed,55.36473653,3.0,0.0,0.0,3.0,0.0,0.0
dca_l2_v2,BYDDY,2024-01-29,2024-01-30,executed,7.40192811,12.8,0.01,0.01,12.8,0.0,0.0
dca_l2_v2,MSFT,2024-01-29,2024-01-30,executed,403.8446224,9.39,0.01,0.0,9.39,0.0,0.0
dca_l2_v2,NVDA,2024-01-29,2024-01-30,executed,62.74958111,7.68,0.01,0.0,7.68,0.0,0.0
dca_l2_v2,AAPL,2024-01-29,2024-01-30,executed,188.73450009,6.4,0.01,0.0,6.4,0.0,0.0
dca_l2_v2,ASML,2024-01-29,2024-01-30,executed,855.20333097,4.27,0.0,0.0,4.27,0.0,0.0
dca_l2_v2,KO,2024-01-29,2024-01-30,executed,55.36473653,2.13,0.0,0.0,2.13,0.0,0.0
fixed,BYDDY,2024-02-05,2024-02-06,executed,7.50064245,30.0,0.03,0.01,22.5,0.0,7.5
reserve_fixed,BYDDY,2024-02-05,2024-02-06,executed,7.50064245,22.5,0.02,0.01,22.5,0.0,0.0
fixed,MSFT,2024-02-05,2024-02-06,executed,397.59484307,22.0,0.02,0.01,16.5,0.0,5.5
reserve_fixed,MSFT,2024-02-05,2024-02-06,executed,397.59484307,16.5,0.02,0.01,16.5,0.0,0.0
fixed,NVDA,2024-02-05,2024-02-06,executed,69.46347938,18.0,0.02,0.01,13.5,0.0,4.5
reserve_fixed,NVDA,2024-02-05,2024-02-06,executed,69.46347938,13.5,0.01,0.01,13.5,0.0,0.0
fixed,AAPL,2024-02-05,2024-02-06,executed,184.70163467,15.0,0.01,0.01,11.25,0.0,3.75
reserve_fixed,AAPL,2024-02-05,2024-02-06,executed,184.70163467,11.25,0.01,0.01,11.25,0.0,0.0
fixed,ASML,2024-02-05,2024-02-06,executed,880.95854014,10.0,0.01,0.01,7.5,0.0,2.5
reserve_fixed,ASML,2024-02-05,2024-02-06,executed,880.95854014,7.5,0.01,0.0,7.5,0.0,0.0
fixed,KO,2024-02-05,2024-02-06,executed,55.46649939,5.0,0.01,0.0,3.75,0.0,1.25
reserve_fixed,KO,2024-02-05,2024-02-06,executed,55.46649939,3.75,0.0,0.0,3.75,0.0,0.0
dca_l2_v2,BYDDY,2024-02-05,2024-02-06,executed,7.50064245,22.5,0.02,0.01,22.5,0.0,0.0
dca_l2_v2,MSFT,2024-02-05,2024-02-06,executed,397.59484307,16.5,0.02,0.01,16.5,0.0,0.0
dca_l2_v2,NVDA,2024-02-05,2024-02-06,executed,69.46347938,13.5,0.01,0.01,13.5,0.0,0.0
dca_l2_v2,AAPL,2024-02-05,2024-02-06,executed,184.70163467,11.32,0.01,0.01,11.25,0.07,0.0
dca_l2_v2,ASML,2024-02-05,2024-02-06,executed,880.95854014,7.5,0.01,0.0,7.5,0.0,0.0
dca_l2_v2,KO,2024-02-05,2024-02-06,executed,55.46649939,3.75,0.0,0.0,3.75,0.0,0.0
fixed,BYDDY,2024-02-12,2024-02-13,executed,7.70292454,30.0,0.03,0.01,22.5,0.0,7.5
reserve_fixed,BYDDY,2024-02-12,2024-02-13,executed,7.70292454,22.5,0.02,0.01,22.5,0.0,0.0
fixed,MSFT,2024-02-12,2024-02-13,executed,396.67401289,22.0,0.02,0.01,16.5,0.0,5.5
reserve_fixed,MSFT,2024-02-12,2024-02-13,executed,396.67401289,16.5,0.02,0.01,16.5,0.0,0.0
fixed,NVDA,2024-02-12,2024-02-13,executed,70.23165828,18.0,0.02,0.01,13.5,0.0,4.5
reserve_fixed,NVDA,2024-02-12,2024-02-13,executed,70.23165828,13.5,0.01,0.01,13.5,0.0,0.0
fixed,AAPL,2024-02-12,2024-02-13,executed,183.85853132,15.0,0.01,0.01,11.25,0.0,3.75
reserve_fixed,AAPL,2024-02-12,2024-02-13,executed,183.85853132,11.25,0.01,0.01,11.25,0.0,0.0
fixed,ASML,2024-02-12,2024-02-13,executed,873.16644604,10.0,0.01,0.01,7.5,0.0,2.5
reserve_fixed,ASML,2024-02-12,2024-02-13,executed,873.16644604,7.5,0.01,0.0,7.5,0.0,0.0
fixed,KO,2024-02-12,2024-02-13,executed,55.04097273,5.0,0.01,0.0,3.75,0.0,1.25
reserve_fixed,KO,2024-02-12,2024-02-13,executed,55.04097273,3.75,0.0,0.0,3.75,0.0,0.0
dca_l2_v2,BYDDY,2024-02-12,2024-02-13,executed,7.70292454,26.64,0.03,0.01,22.5,4.14,0.0
dca_l2_v2,MSFT,2024-02-12,2024-02-13,executed,396.67401289,16.5,0.02,0.01,16.5,0.0,0.0
dca_l2_v2,NVDA,2024-02-12,2024-02-13,executed,70.23165828,13.5,0.01,0.01,13.5,0.0,0.0
dca_l2_v2,AAPL,2024-02-12,2024-02-13,executed,183.85853132,11.37,0.01,0.01,11.25,0.12,0.0
dca_l2_v2,ASML,2024-02-12,2024-02-13,executed,873.16644604,7.5,0.01,0.0,7.5,0.0,0.0
dca_l2_v2,KO,2024-02-12,2024-02-13,executed,55.04097273,3.75,0.0,0.0,3.75,0.0,0.0
fixed,BYDDY,2024-02-16,2024-02-20,executed,7.60582901,30.0,0.03,0.01,22.5,0.0,7.5
reserve_fixed,BYDDY,2024-02-16,2024-02-20,executed,7.60582901,22.5,0.02,0.01,22.5,0.0,0.0
fixed,MSFT,2024-02-16,2024-02-20,executed,395.73919771,22.0,0.02,0.01,16.5,0.0,5.5
reserve_fixed,MSFT,2024-02-16,2024-02-20,executed,395.73919771,16.5,0.02,0.01,16.5,0.0,0.0
fixed,NVDA,2024-02-16,2024-02-20,executed,71.77493553,18.0,0.02,0.01,13.5,0.0,4.5
reserve_fixed,NVDA,2024-02-16,2024-02-20,executed,71.77493553,13.5,0.01,0.01,13.5,0.0,0.0
fixed,AAPL,2024-02-16,2024-02-20,executed,179.91945077,15.0,0.01,0.01,11.25,0.0,3.75
reserve_fixed,AAPL,2024-02-16,2024-02-20,executed,179.91945077,11.25,0.01,0.01,11.25,0.0,0.0
fixed,ASML,2024-02-16,2024-02-20,executed,900.36559182,10.0,0.01,0.01,7.5,0.0,2.5
reserve_fixed,ASML,2024-02-16,2024-02-20,executed,900.36559182,7.5,0.01,0.0,7.5,0.0,0.0
fixed,KO,2024-02-16,2024-02-20,executed,55.13347296,5.0,0.01,0.0,3.75,0.0,1.25
reserve_fixed,KO,2024-02-16,2024-02-20,executed,55.13347296,3.75,0.0,0.0,3.75,0.0,0.0
dca_l2_v2,BYDDY,2024-02-16,2024-02-20,executed,7.60582901,25.84,0.03,0.01,22.5,3.34,0.0
dca_l2_v2,MSFT,2024-02-16,2024-02-20,executed,395.73919771,16.5,0.02,0.01,16.5,0.0,0.0
dca_l2_v2,NVDA,2024-02-16,2024-02-20,executed,71.77493553,13.5,0.01,0.01,13.5,0.0,0.0
dca_l2_v2,AAPL,2024-02-16,2024-02-20,executed,179.91945077,12.05,0.01,0.01,11.25,0.8,0.0
dca_l2_v2,ASML,2024-02-16,2024-02-20,executed,900.36559182,7.5,0.01,0.0,7.5,0.0,0.0
dca_l2_v2,KO,2024-02-16,2024-02-20,executed,55.13347296,3.75,0.0,0.0,3.75,0.0,0.0
fixed,BYDDY,2024-02-26,2024-02-27,executed,8.2531335,30.0,0.03,0.01,22.5,0.0,7.5
reserve_fixed,BYDDY,2024-02-26,2024-02-27,executed,8.2531335,22.5,0.02,0.01,22.5,0.0,0.0
fixed,MSFT,2024-02-26,2024-02-27,executed,400.40081336,22.0,0.02,0.01,16.5,0.0,5.5
reserve_fixed,MSFT,2024-02-26,2024-02-27,executed,400.40081336,16.5,0.02,0.01,16.5,0.0,0.0
fixed,NVDA,2024-02-26,2024-02-27,executed,79.19115179,18.0,0.02,0.01,13.5,0.0,4.5
reserve_fixed,NVDA,2024-02-26,2024-02-27,executed,79.19115179,13.5,0.01,0.01,13.5,0.0,0.0
fixed,AAPL,2024-02-26,2024-02-27,executed,179.2365815,15.0,0.01,0.01,11.25,0.0,3.75
reserve_fixed,AAPL,2024-02-26,2024-02-27,executed,179.2365815,11.25,0.01,0.01,11.25,0.0,0.0
fixed,ASML,2024-02-26,2024-02-27,executed,934.08266893,10.0,0.01,0.01,7.5,0.0,2.5
reserve_fixed,ASML,2024-02-26,2024-02-27,executed,934.08266893,7.5,0.01,0.0,7.5,0.0,0.0
fixed,KO,2024-02-26,2024-02-27,executed,56.00302652,4.6,0.0,0.0,3.75,0.0,1.25
reserve_fixed,KO,2024-02-26,2024-02-27,executed,56.00302652,3.75,0.0,0.0,3.75,0.0,0.0
dca_l2_v2,BYDDY,2024-02-26,2024-02-27,executed,8.2531335,19.96,0.02,0.01,19.96,0.0,0.0
dca_l2_v2,MSFT,2024-02-26,2024-02-27,executed,400.40081336,14.64,0.01,0.01,14.64,0.0,0.0
dca_l2_v2,NVDA,2024-02-26,2024-02-27,executed,79.19115179,11.98,0.01,0.01,11.98,0.0,0.0
dca_l2_v2,AAPL,2024-02-26,2024-02-27,executed,179.2365815,9.98,0.01,0.0,9.98,0.0,0.0
dca_l2_v2,ASML,2024-02-26,2024-02-27,executed,934.08266893,6.65,0.01,0.0,6.65,0.0,0.0
dca_l2_v2,KO,2024-02-26,2024-02-27,executed,56.00302652,3.33,0.0,0.0,3.33,0.0,0.0
fixed,BYDDY,2024-03-04,2024-03-05,executed,7.94890146,30.0,0.03,0.01,22.5,0.0,7.5
reserve_fixed,BYDDY,2024-03-04,2024-03-05,executed,7.94890146,22.5,0.02,0.01,22.5,0.0,0.0
fixed,MSFT,2024-03-04,2024-03-05,executed,406.25977437,22.0,0.02,0.01,16.5,0.0,5.5
reserve_fixed,MSFT,2024-03-04,2024-03-05,executed,406.25977437,16.5,0.02,0.01,16.5,0.0,0.0
fixed,NVDA,2024-03-04,2024-03-05,executed,85.07006077,18.0,0.02,0.01,13.5,0.0,4.5
reserve_fixed,NVDA,2024-03-04,2024-03-05,executed,85.07006077,13.5,0.01,0.01,13.5,0.0,0.0
fixed,AAPL,2024-03-04,2024-03-05,executed,169.00294224,15.0,0.01,0.01,11.25,0.0,3.75
reserve_fixed,AAPL,2024-03-04,2024-03-05,executed,169.00294224,11.25,0.01,0.01,11.25,0.0,0.0
fixed,ASML,2024-03-04,2024-03-05,executed,970.06401461,10.0,0.01,0.01,7.5,0.0,2.5
reserve_fixed,ASML,2024-03-04,2024-03-05,executed,970.06401461,7.5,0.01,0.0,7.5,0.0,0.0
fixed,KO,2024-03-04,2024-03-05,executed,55.42024027,5.0,0.01,0.0,3.75,0.0,1.25
reserve_fixed,KO,2024-03-04,2024-03-05,executed,55.42024027,3.75,0.0,0.0,3.75,0.0,0.0
dca_l2_v2,BYDDY,2024-03-04,2024-03-05,executed,7.94890146,26.08,0.03,0.01,22.5,3.58,0.0
dca_l2_v2,MSFT,2024-03-04,2024-03-05,executed,406.25977437,16.5,0.02,0.01,16.5,0.0,0.0
dca_l2_v2,NVDA,2024-03-04,2024-03-05,executed,85.07006077,13.5,0.01,0.01,13.5,0.0,0.0
dca_l2_v2,AAPL,2024-03-04,2024-03-05,executed,169.00294224,12.79,0.01,0.01,11.25,1.54,0.0
dca_l2_v2,ASML,2024-03-04,2024-03-05,executed,970.06401461,7.5,0.01,0.0,7.5,0.0,0.0
dca_l2_v2,KO,2024-03-04,2024-03-05,executed,55.42024027,3.75,0.0,0.0,3.75,0.0,0.0
fixed,BYDDY,2024-03-11,2024-03-12,executed,8.57840406,30.0,0.03,0.01,22.5,0.0,7.5
reserve_fixed,BYDDY,2024-03-11,2024-03-12,executed,8.57840406,22.5,0.02,0.01,22.5,0.0,0.0
fixed,MSFT,2024-03-11,2024-03-12,executed,400.0377209,22.0,0.02,0.01,16.5,0.0,5.5
reserve_fixed,MSFT,2024-03-11,2024-03-12,executed,400.0377209,16.5,0.02,0.01,16.5,0.0,0.0
fixed,NVDA,2024-03-11,2024-03-12,executed,87.84255933,18.0,0.02,0.01,13.5,0.0,4.5
reserve_fixed,NVDA,2024-03-11,2024-03-12,executed,87.84255933,13.5,0.01,0.01,13.5,0.0,0.0
fixed,AAPL,2024-03-11,2024-03-12,executed,171.36837937,15.0,0.01,0.01,11.25,0.0,3.75
reserve_fixed,AAPL,2024-03-11,2024-03-12,executed,171.36837937,11.25,0.01,0.01,11.25,0.0,0.0
fixed,ASML,2024-03-11,2024-03-12,executed,947.60873458,10.0,0.01,0.01,7.5,0.0,2.5
reserve_fixed,ASML,2024-03-11,2024-03-12,executed,947.60873458,7.5,0.01,0.0,7.5,0.0,0.0
fixed,KO,2024-03-11,2024-03-12,executed,55.79951882,5.0,0.01,0.0,3.75,0.0,1.25
reserve_fixed,KO,2024-03-11,2024-03-12,executed,55.79951882,3.75,0.0,0.0,3.75,0.0,0.0
dca_l2_v2,BYDDY,2024-03-11,2024-03-12,executed,8.57840406,24.42,0.02,0.01,22.5,1.92,0.0
dca_l2_v2,MSFT,2024-03-11,2024-03-12,executed,400.0377209,16.5,0.02,0.01,16.5,0.0,0.0
dca_l2_v2,NVDA,2024-03-11,2024-03-12,executed,87.84255933,13.5,0.01,0.01,13.5,0.0,0.0
dca_l2_v2,AAPL,2024-03-11,2024-03-12,executed,171.36837937,12.85,0.01,0.01,11.25,1.6,0.0
dca_l2_v2,ASML,2024-03-11,2024-03-12,executed,947.60873458,8.08,0.01,0.0,7.5,0.58,0.0
dca_l2_v2,KO,2024-03-11,2024-03-12,executed,55.79951882,3.75,0.0,0.0,3.75,0.0,0.0
fixed,BYDDY,2024-03-18,2024-03-19,executed,8.88749153,30.0,0.03,0.01,22.5,0.0,7.5
reserve_fixed,BYDDY,2024-03-18,2024-03-19,executed,8.88749153,22.5,0.02,0.01,22.5,0.0,0.0
fixed,MSFT,2024-03-18,2024-03-19,executed,410.05782145,22.0,0.02,0.01,16.5,0.0,5.5
reserve_fixed,MSFT,2024-03-18,2024-03-19,executed,410.05782145,16.5,0.02,0.01,16.5,0.0,0.0
fixed,NVDA,2024-03-18,2024-03-19,executed,86.49670674,18.0,0.02,0.01,13.5,0.0,4.5
reserve_fixed,NVDA,2024-03-18,2024-03-19,executed,86.49670674,13.5,0.01,0.01,13.5,0.0,0.0
fixed,AAPL,2024-03-18,2024-03-19,executed,172.54612595,15.0,0.01,0.01,11.25,0.0,3.75
reserve_fixed,AAPL,2024-03-18,2024-03-19,executed,172.54612595,11.25,0.01,0.01,11.25,0.0,0.0
fixed,ASML,2024-03-18,2024-03-19,executed,919.90965096,10.0,0.01,0.01,7.5,0.0,2.5
reserve_fixed,ASML,2024-03-18,2024-03-19,executed,919.90965096,7.5,0.01,0.0,7.5,0.0,0.0
fixed,KO,2024-03-18,2024-03-19,executed,56.17124359,5.0,0.01,0.0,3.75,0.0,1.25
reserve_fixed,KO,2024-03-18,2024-03-19,executed,56.17124359,3.75,0.0,0.0,3.75,0.0,0.0
dca_l2_v2,BYDDY,2024-03-18,2024-03-19,executed,8.88749153,22.5,0.02,0.01,22.5,0.0,0.0
dca_l2_v2,MSFT,2024-03-18,2024-03-19,executed,410.05782145,16.5,0.02,0.01,16.5,0.0,0.0
dca_l2_v2,NVDA,2024-03-18,2024-03-19,executed,86.49670674,13.5,0.01,0.01,13.5,0.0,0.0
dca_l2_v2,AAPL,2024-03-18,2024-03-19,executed,172.54612595,12.78,0.01,0.01,11.25,1.53,0.0
dca_l2_v2,ASML,2024-03-18,2024-03-19,executed,919.90965096,8.45,0.01,0.0,7.5,0.95,0.0
dca_l2_v2,KO,2024-03-18,2024-03-19,executed,56.17124359,3.75,0.0,0.0,3.75,0.0,0.0
fixed,BYDDY,2024-03-25,2024-03-26,executed,8.8648372,30.0,0.03,0.01,22.5,0.0,7.5
reserve_fixed,BYDDY,2024-03-25,2024-03-26,executed,8.8648372,22.5,0.02,0.01,22.5,0.0,0.0
fixed,MSFT,2024-03-25,2024-03-26,executed,417.69307517,22.0,0.02,0.01,16.5,0.0,5.5
reserve_fixed,MSFT,2024-03-25,2024-03-26,executed,417.69307517,16.5,0.02,0.01,16.5,0.0,0.0
fixed,NVDA,2024-03-25,2024-03-26,executed,95.62625723,18.0,0.02,0.01,13.5,0.0,4.5
reserve_fixed,NVDA,2024-03-25,2024-03-26,executed,95.62625723,13.5,0.01,0.01,13.5,0.0,0.0
fixed,AAPL,2024-03-25,2024-03-26,executed,168.25080136,15.0,0.01,0.01,11.25,0.0,3.75
reserve_fixed,AAPL,2024-03-25,2024-03-26,executed,168.25080136,11.25,0.01,0.01,11.25,0.0,0.0
fixed,ASML,2024-03-25,2024-03-26,executed,967.15304986,10.0,0.01,0.01,7.5,0.0,2.5
reserve_fixed,ASML,2024-03-25,2024-03-26,executed,967.15304986,7.5,0.01,0.0,7.5,0.0,0.0
fixed,KO,2024-03-25,2024-03-26,executed,56.41368375,4.6,0.0,0.0,3.75,0.0,1.25
reserve_fixed,KO,2024-03-25,2024-03-26,executed,56.41368375,3.75,0.0,0.0,3.75,0.0,0.0
dca_l2_v2,BYDDY,2024-03-25,2024-03-26,executed,8.8648372,18.99,0.02,0.01,18.99,0.0,0.0
dca_l2_v2,MSFT,2024-03-25,2024-03-26,executed,417.69307517,13.93,0.01,0.01,13.93,0.0,0.0
dca_l2_v2,NVDA,2024-03-25,2024-03-26,executed,95.62625723,11.39,0.01,0.01,11.39,0.0,0.0
dca_l2_v2,AAPL,2024-03-25,2024-03-26,executed,168.25080136,9.5,0.01,0.0,9.5,0.0,0.0
dca_l2_v2,ASML,2024-03-25,2024-03-26,executed,967.15304986,6.33,0.01,0.0,6.33,0.0,0.0
dca_l2_v2,KO,2024-03-25,2024-03-26,executed,56.41368375,3.17,0.0,0.0,3.17,0.0,0.0
fixed,BYDDY,2024-04-01,2024-04-02,executed,8.39068625,24.0,0.02,0.01,18.0,0.0,6.0
reserve_fixed,BYDDY,2024-04-01,2024-04-02,executed,8.39068625,18.0,0.02,0.01,18.0,0.0,0.0
fixed,MSFT,2024-04-01,2024-04-02,executed,412.29537166,17.6,0.02,0.01,13.2,0.0,4.4
reserve_fixed,MSFT,2024-04-01,2024-04-02,executed,412.29537166,13.2,0.01,0.01,13.2,0.0,0.0
fixed,NVDA,2024-04-01,2024-04-02,executed,88.24061726,14.4,0.01,0.01,10.8,0.0,3.6
reserve_fixed,NVDA,2024-04-01,2024-04-02,executed,88.24061726,10.8,0.01,0.01,10.8,0.0,0.0
fixed,AAPL,2024-04-01,2024-04-02,executed,167.34025631,12.0,0.01,0.01,9.0,0.0,3.0
reserve_fixed,AAPL,2024-04-01,2024-04-02,executed,167.34025631,9.0,0.01,0.0,9.0,0.0,0.0
fixed,ASML,2024-04-01,2024-04-02,executed,948.91237708,8.0,0.01,0.0,6.0,0.0,2.0
reserve_fixed,ASML,2024-04-01,2024-04-02,executed,948.91237708,6.0,0.01,0.0,6.0,0.0,0.0
fixed,KO,2024-04-01,2024-04-02,executed,56.36706545,4.0,0.0,0.0,3.0,0.0,1.0
reserve_fixed,KO,2024-04-01,2024-04-02,executed,56.36706545,3.0,0.0,0.0,3.0,0.0,0.0
dca_l2_v2,BYDDY,2024-04-01,2024-04-02,executed,8.39068625,18.61,0.02,0.01,18.0,0.61,0.0
dca_l2_v2,MSFT,2024-04-01,2024-04-02,executed,412.29537166,13.2,0.01,0.01,13.2,0.0,0.0
dca_l2_v2,NVDA,2024-04-01,2024-04-02,executed,88.24061726,10.8,0.01,0.01,10.8,0.0,0.0
dca_l2_v2,AAPL,2024-04-01,2024-04-02,executed,167.34025631,10.44,0.01,0.01,9.0,1.44,0.0
dca_l2_v2,ASML,2024-04-01,2024-04-02,executed,948.91237708,6.03,0.01,0.0,6.0,0.03,0.0
dca_l2_v2,KO,2024-04-01,2024-04-02,executed,56.36706545,3.0,0.0,0.0,3.0,0.0,0.0
fixed,BYDDY,2024-04-08,2024-04-09,executed,8.57678525,24.0,0.02,0.01,18.0,0.0,6.0
reserve_fixed,BYDDY,2024-04-08,2024-04-09,executed,8.57678525,18.0,0.02,0.01,18.0,0.0,0.0
fixed,MSFT,2024-04-08,2024-04-09,executed,418.50763824,17.6,0.02,0.01,13.2,0.0,4.4
reserve_fixed,MSFT,2024-04-08,2024-04-09,executed,418.50763824,13.2,0.01,0.01,13.2,0.0,0.0
fixed,NVDA,2024-04-08,2024-04-09,executed,87.23696969,14.4,0.01,0.01,10.8,0.0,3.6
reserve_fixed,NVDA,2024-04-08,2024-04-09,executed,87.23696969,10.8,0.01,0.01,10.8,0.0,0.0
fixed,AAPL,2024-04-08,2024-04-09,executed,166.96415536,12.0,0.01,0.01,9.0,0.0,3.0
reserve_fixed,AAPL,2024-04-08,2024-04-09,executed,166.96415536,9.0,0.01,0.0,9.0,0.0,0.0
fixed,ASML,2024-04-08,2024-04-09,executed,974.01404664,8.0,0.01,0.0,6.0,0.0,2.0
reserve_fixed,ASML,2024-04-08,2024-04-09,executed,974.01404664,6.0,0.01,0.0,6.0,0.0,0.0
fixed,KO,2024-04-08,2024-04-09,executed,55.46258043,4.0,0.0,0.0,3.0,0.0,1.0
reserve_fixed,KO,2024-04-08,2024-04-09,executed,55.46258043,3.0,0.0,0.0,3.0,0.0,0.0
dca_l2_v2,BYDDY,2024-04-08,2024-04-09,executed,8.57678525,18.48,0.02,0.01,18.0,0.48,0.0
dca_l2_v2,MSFT,2024-04-08,2024-04-09,executed,418.50763824,13.2,0.01,0.01,13.2,0.0,0.0
dca_l2_v2,NVDA,2024-04-08,2024-04-09,executed,87.23696969,11.69,0.01,0.01,10.8,0.89,0.0
dca_l2_v2,AAPL,2024-04-08,2024-04-09,executed,166.96415536,10.49,0.01,0.01,9.0,1.49,0.0
dca_l2_v2,ASML,2024-04-08,2024-04-09,executed,974.01404664,6.18,0.01,0.0,6.0,0.18,0.0
dca_l2_v2,KO,2024-04-08,2024-04-09,executed,55.46258043,3.0,0.0,0.0,3.0,0.0,0.0
fixed,BYDDY,2024-04-15,2024-04-16,executed,8.37450316,24.0,0.02,0.01,18.0,0.0,6.0
reserve_fixed,BYDDY,2024-04-15,2024-04-16,executed,8.37450316,18.0,0.02,0.01,18.0,0.0,0.0
fixed,MSFT,2024-04-15,2024-04-16,executed,406.85842555,17.6,0.02,0.01,13.2,0.0,4.4
reserve_fixed,MSFT,2024-04-15,2024-04-16,executed,406.85842555,13.2,0.01,0.01,13.2,0.0,0.0
fixed,NVDA,2024-04-15,2024-04-16,executed,86.23034162,14.4,0.01,0.01,10.8,0.0,3.6
reserve_fixed,NVDA,2024-04-15,2024-04-16,executed,86.23034162,10.8,0.01,0.01,10.8,0.0,0.0
fixed,AAPL,2024-04-15,2024-04-16,executed,169.98279192,12.0,0.01,0.01,9.0,0.0,3.0
reserve_fixed,AAPL,2024-04-15,2024-04-16,executed,169.98279192,9.0,0.01,0.0,9.0,0.0,0.0
fixed,ASML,2024-04-15,2024-04-16,executed,939.27751806,8.0,0.01,0.0,6.0,0.0,2.0
reserve_fixed,ASML,2024-04-15,2024-04-16,executed,939.27751806,6.0,0.01,0.0,6.0,0.0,0.0
fixed,KO,2024-04-15,2024-04-16,executed,54.31565225,4.0,0.0,0.0,3.0,0.0,1.0
reserve_fixed,KO,2024-04-15,2024-04-16,executed,54.31565225,3.0,0.0,0.0,3.0,0.0,0.0
dca_l2_v2,BYDDY,2024-04-15,2024-04-16,executed,8.37450316,9.0,0.01,0.0,9.0,0.0,0.0
dca_l2_v2,MSFT,2024-04-15,2024-04-16,executed,406.85842555,6.6,0.01,0.0,6.6,0.0,0.0
dca_l2_v2,NVDA,2024-04-15,2024-04-16,executed,86.23034162,5.4,0.01,0.0,5.4,0.0,0.0
dca_l2_v2,AAPL,2024-04-15,2024-04-16,executed,169.98279192,4.5,0.0,0.0,4.5,0.0,0.0
dca_l2_v2,ASML,2024-04-15,2024-04-16,executed,939.27751806,3.0,0.0,0.0,3.0,0.0,0.0
dca_l2_v2,KO,2024-04-15,2024-04-16,executed,54.31565225,1.5,0.0,0.0,1.5,0.0,0.0
fixed,BYDDY,2024-04-22,2024-04-23,executed,8.15603698,24.0,0.02,0.01,18.0,0.0,6.0
reserve_fixed,BYDDY,2024-04-22,2024-04-23,executed,8.15603698,18.0,0.02,0.01,18.0,0.0,0.0
fixed,MSFT,2024-04-22,2024-04-23,executed,396.72060817,17.6,0.02,0.01,13.2,0.0,4.4
reserve_fixed,MSFT,2024-04-22,2024-04-23,executed,396.72060817,13.2,0.01,0.01,13.2,0.0,0.0
fixed,NVDA,2024-04-22,2024-04-23,executed,80.57961767,14.4,0.01,0.01,10.8,0.0,3.6
reserve_fixed,NVDA,2024-04-22,2024-04-23,executed,80.57961767,10.8,0.01,0.01,10.8,0.0,0.0
fixed,AAPL,2024-04-22,2024-04-23,executed,163.64865444,12.0,0.01,0.01,9.0,0.0,3.0
reserve_fixed,AAPL,2024-04-22,2024-04-23,executed,163.64865444,9.0,0.01,0.0,9.0,0.0,0.0
fixed,ASML,2024-04-22,2024-04-23,executed,861.84559745,8.0,0.01,0.0,6.0,0.0,2.0
reserve_fixed,ASML,2024-04-22,2024-04-23,executed,861.84559745,6.0,0.01,0.0,6.0,0.0,0.0
fixed,KO,2024-04-22,2024-04-23,executed,56.44165873,4.0,0.0,0.0,3.0,0.0,1.0
reserve_fixed,KO,2024-04-22,2024-04-23,executed,56.44165873,3.0,0.0,0.0,3.0,0.0,0.0
dca_l2_v2,BYDDY,2024-04-22,2024-04-23,executed,8.15603698,9.0,0.01,0.0,9.0,0.0,0.0
dca_l2_v2,MSFT,2024-04-22,2024-04-23,executed,396.72060817,6.6,0.01,0.0,6.6,0.0,0.0
dca_l2_v2,NVDA,2024-04-22,2024-04-23,executed,80.57961767,5.4,0.01,0.0,5.4,0.0,0.0
dca_l2_v2,AAPL,2024-04-22,2024-04-23,executed,163.64865444,4.5,0.0,0.0,4.5,0.0,0.0
dca_l2_v2,ASML,2024-04-22,2024-04-23,executed,861.84559745,3.0,0.0,0.0,3.0,0.0,0.0
dca_l2_v2,KO,2024-04-22,2024-04-23,executed,56.44165873,1.5,0.0,0.0,1.5,0.0,0.0
fixed,BYDDY,2024-04-29,2024-04-30,executed,8.8826361,24.0,0.02,0.01,18.0,0.0,6.0
reserve_fixed,BYDDY,2024-04-29,2024-04-30,executed,8.8826361,18.0,0.02,0.01,18.0,0.0,0.0
fixed,MSFT,2024-04-29,2024-04-30,executed,394.02176343,17.6,0.02,0.01,13.2,0.0,4.4
reserve_fixed,MSFT,2024-04-29,2024-04-30,executed,394.02176343,13.2,0.01,0.01,13.2,0.0,0.0
fixed,NVDA,2024-04-29,2024-04-30,executed,87.03544497,14.4,0.01,0.01,10.8,0.0,3.6
reserve_fixed,NVDA,2024-04-29,2024-04-30,executed,87.03544497,10.8,0.01,0.01,10.8,0.0,0.0
fixed,AAPL,2024-04-29,2024-04-30,executed,171.5465274,12.0,0.01,0.01,9.0,0.0,3.0
reserve_fixed,AAPL,2024-04-29,2024-04-30,executed,171.5465274,9.0,0.01,0.0,9.0,0.0,0.0
fixed,ASML,2024-04-29,2024-04-30,executed,880.13876546,8.0,0.01,0.0,6.0,0.0,2.0
reserve_fixed,ASML,2024-04-29,2024-04-30,executed,880.13876546,6.0,0.01,0.0,6.0,0.0,0.0
fixed,KO,2024-04-29,2024-04-30,executed,57.94291098,3.6,0.0,0.0,3.0,0.0,1.0
reserve_fixed,KO,2024-04-29,2024-04-30,executed,57.94291098,3.0,0.0,0.0,3.0,0.0,0.0
dca_l2_v2,BYDDY,2024-04-29,2024-04-30,executed,8.8826361,9.0,0.01,0.0,9.0,0.0,0.0
dca_l2_v2,MSFT,2024-04-29,2024-04-30,executed,394.02176343,6.6,0.01,0.0,6.6,0.0,0.0
dca_l2_v2,NVDA,2024-04-29,2024-04-30,executed,87.03544497,5.4,0.01,0.0,5.4,0.0,0.0
dca_l2_v2,AAPL,2024-04-29,2024-04-30,executed,171.5465274,4.5,0.0,0.0,4.5,0.0,0.0
dca_l2_v2,ASML,2024-04-29,2024-04-30,executed,880.13876546,3.0,0.0,0.0,3.0,0.0,0.0
dca_l2_v2,KO,2024-04-29,2024-04-30,executed,57.94291098,1.5,0.0,0.0,1.5,0.0,0.0
fixed,BYDDY,2024-05-06,2024-05-07,executed,9.37458795,30.0,0.03,0.01,22.5,0.0,7.5
reserve_fixed,BYDDY,2024-05-06,2024-05-07,executed,9.37458795,22.5,0.02,0.01,22.5,0.0,0.0
fixed,MSFT,2024-05-06,2024-05-07,executed,406.94680472,22.0,0.02,0.01,16.5,0.0,5.5
reserve_fixed,MSFT,2024-05-06,2024-05-07,executed,406.94680472,16.5,0.02,0.01,16.5,0.0,0.0
fixed,NVDA,2024-05-06,2024-05-07,executed,90.88439549,18.0,0.02,0.01,13.5,0.0,4.5
reserve_fixed,NVDA,2024-05-06,2024-05-07,executed,90.88439549,13.5,0.01,0.01,13.5,0.0,0.0
fixed,AAPL,2024-05-06,2024-05-07,executed,181.56239883,15.0,0.01,0.01,11.25,0.0,3.75
reserve_fixed,AAPL,2024-05-06,2024-05-07,executed,181.56239883,11.25,0.01,0.01,11.25,0.0,0.0
fixed,ASML,2024-05-06,2024-05-07,executed,908.35709657,10.0,0.01,0.01,7.5,0.0,2.5
reserve_fixed,ASML,2024-05-06,2024-05-07,executed,908.35709657,7.5,0.01,0.0,7.5,0.0,0.0
fixed,KO,2024-05-06,2024-05-07,executed,58.52103289,5.0,0.01,0.0,3.75,0.0,1.25
reserve_fixed,KO,2024-05-06,2024-05-07,executed,58.52103289,3.75,0.0,0.0,3.75,0.0,0.0
dca_l2_v2,BYDDY,2024-05-06,2024-05-07,executed,9.37458795,11.25,0.01,0.01,11.25,0.0,0.0
dca_l2_v2,MSFT,2024-05-06,2024-05-07,executed,406.94680472,8.25,0.01,0.0,8.25,0.0,0.0
dca_l2_v2,NVDA,2024-05-06,2024-05-07,executed,90.88439549,6.75,0.01,0.0,6.75,0.0,0.0
dca_l2_v2,AAPL,2024-05-06,2024-05-07,executed,181.56239883,5.63,0.01,0.0,5.63,0.0,0.0
dca_l2_v2,ASML,2024-05-06,2024-05-07,executed,908.35709657,3.75,0.0,0.0,3.75,0.0,0.0
dca_l2_v2,KO,2024-05-06,2024-05-07,executed,58.52103289,1.88,0.0,0.0,1.88,0.0,0.0
fixed,BYDDY,2024-05-13,2024-05-14,executed,9.11404775,30.0,0.03,0.01,22.5,0.0,7.5
reserve_fixed,BYDDY,2024-05-13,2024-05-14,executed,9.11404775,22.5,0.02,0.01,22.5,0.0,0.0
fixed,MSFT,2024-05-13,2024-05-14,executed,404.35589191,22.0,0.02,0.01,16.5,0.0,5.5
reserve_fixed,MSFT,2024-05-13,2024-05-14,executed,404.35589191,16.5,0.02,0.01,16.5,0.0,0.0
fixed,NVDA,2024-05-13,2024-05-14,executed,89.38891612,18.0,0.02,0.01,13.5,0.0,4.5
reserve_fixed,NVDA,2024-05-13,2024-05-14,executed,89.38891612,13.5,0.01,0.01,13.5,0.0,0.0
fixed,AAPL,2024-05-13,2024-05-14,executed,185.83231772,15.0,0.01,0.01,11.25,0.0,3.75
reserve_fixed,AAPL,2024-05-13,2024-05-14,executed,185.83231772,11.25,0.01,0.01,11.25,0.0,0.0
fixed,ASML,2024-05-13,2024-05-14,executed,896.63954673,10.0,0.01,0.01,7.5,0.0,2.5
reserve_fixed,ASML,2024-05-13,2024-05-14,executed,896.63954673,7.5,0.01,0.0,7.5,0.0,0.0
fixed,KO,2024-05-13,2024-05-14,executed,59.28565301,5.0,0.01,0.0,3.75,0.0,1.25
reserve_fixed,KO,2024-05-13,2024-05-14,executed,59.28565301,3.75,0.0,0.0,3.75,0.0,0.0
dca_l2_v2,BYDDY,2024-05-13,2024-05-14,executed,9.11404775,22.5,0.02,0.01,22.5,0.0,0.0
dca_l2_v2,MSFT,2024-05-13,2024-05-14,executed,404.35589191,16.5,0.02,0.01,16.5,0.0,0.0
dca_l2_v2,NVDA,2024-05-13,2024-05-14,executed,89.38891612,13.5,0.01,0.01,13.5,0.0,0.0
dca_l2_v2,AAPL,2024-05-13,2024-05-14,executed,185.83231772,11.25,0.01,0.01,11.25,0.0,0.0
dca_l2_v2,ASML,2024-05-13,2024-05-14,executed,896.63954673,8.65,0.01,0.0,7.5,1.15,0.0
dca_l2_v2,KO,2024-05-13,2024-05-14,executed,59.28565301,3.75,0.0,0.0,3.75,0.0,0.0
fixed,BYDDY,2024-05-20,2024-05-21,executed,9.09786666,30.0,0.03,0.01,22.5,0.0,7.5
reserve_fixed,BYDDY,2024-05-20,2024-05-21,executed,9.09786666,22.5,0.02,0.01,22.5,0.0,0.0
fixed,MSFT,2024-05-20,2024-05-21,executed,419.64595012,22.0,0.02,0.01,16.5,0.0,5.5
reserve_fixed,MSFT,2024-05-20,2024-05-21,executed,419.64595012,16.5,0.02,0.01,16.5,0.0,0.0
fixed,NVDA,2024-05-20,2024-05-21,executed,93.37954444,18.0,0.02,0.01,13.5,0.0,4.5
reserve_fixed,NVDA,2024-05-20,2024-05-21,executed,93.37954444,13.5,0.01,0.01,13.5,0.0,0.0
fixed,AAPL,2024-05-20,2024-05-21,executed,189.38029783,15.0,0.01,0.01,11.25,0.0,3.75
reserve_fixed,AAPL,2024-05-20,2024-05-21,executed,189.38029783,11.25,0.01,0.01,11.25,0.0,0.0
fixed,ASML,2024-05-20,2024-05-21,executed,904.53635916,10.0,0.01,0.01,7.5,0.0,2.5
reserve_fixed,ASML,2024-05-20,2024-05-21,executed,904.53635916,7.5,0.01,0.0,7.5,0.0,0.0
fixed,KO,2024-05-20,2024-05-21,executed,58.57699786,5.0,0.01,0.0,3.75,0.0,1.25
reserve_fixed,KO,2024-05-20,2024-05-21,executed,58.57699786,3.75,0.0,0.0,3.75,0.0,0.0
dca_l2_v2,BYDDY,2024-05-20,2024-05-21,executed,9.09786666,22.5,0.02,0.01,22.5,0.0,0.0
dca_l2_v2,MSFT,2024-05-20,2024-05-21,executed,419.64595012,16.5,0.02,0.01,16.5,0.0,0.0
dca_l2_v2,NVDA,2024-05-20,2024-05-21,executed,93.37954444,13.5,0.01,0.01,13.5,0.0,0.0
dca_l2_v2,AAPL,2024-05-20,2024-05-21,executed,189.38029783,11.25,0.01,0.01,11.25,0.0,0.0
dca_l2_v2,ASML,2024-05-20,2024-05-21,executed,904.53635916,8.45,0.01,0.0,7.5,0.95,0.0
dca_l2_v2,KO,2024-05-20,2024-05-21,executed,58.57699786,3.75,0.0,0.0,3.75,0.0,0.0
fixed,BYDDY,2024-05-24,2024-05-28,executed,8.59458815,30.0,0.03,0.01,22.5,0.0,7.5
reserve_fixed,BYDDY,2024-05-24,2024-05-28,executed,8.59458815,22.5,0.02,0.01,22.5,0.0,0.0
fixed,MSFT,2024-05-24,2024-05-28,executed,422.39882787,22.0,0.02,0.01,16.5,0.0,5.5
reserve_fixed,MSFT,2024-05-24,2024-05-28,executed,422.39882787,16.5,0.02,0.01,16.5,0.0,0.0
fixed,NVDA,2024-05-24,2024-05-28,executed,109.98550627,18.0,0.02,0.01,13.5,0.0,4.5
reserve_fixed,NVDA,2024-05-24,2024-05-28,executed,109.98550627,13.5,0.01,0.01,13.5,0.0,0.0
fixed,AAPL,2024-05-24,2024-05-28,executed,189.79653284,15.0,0.01,0.01,11.25,0.0,3.75
reserve_fixed,AAPL,2024-05-24,2024-05-28,executed,189.79653284,11.25,0.01,0.01,11.25,0.0,0.0
fixed,ASML,2024-05-24,2024-05-28,executed,955.47264757,10.0,0.01,0.01,7.5,0.0,2.5
reserve_fixed,ASML,2024-05-24,2024-05-28,executed,955.47264757,7.5,0.01,0.0,7.5,0.0,0.0
fixed,KO,2024-05-24,2024-05-28,executed,57.61655788,4.6,0.0,0.0,3.75,0.0,1.25
reserve_fixed,KO,2024-05-24,2024-05-28,executed,57.61655788,3.75,0.0,0.0,3.75,0.0,0.0
dca_l2_v2,BYDDY,2024-05-24,2024-05-28,executed,8.59458815,24.75,0.02,0.01,22.5,2.25,0.0
dca_l2_v2,MSFT,2024-05-24,2024-05-28,executed,422.39882787,16.5,0.02,0.01,16.5,0.0,0.0
dca_l2_v2,NVDA,2024-05-24,2024-05-28,executed,109.98550627,13.5,0.01,0.01,13.5,0.0,0.0
dca_l2_v2,AAPL,2024-05-24,2024-05-28,executed,189.79653284,11.25,0.01,0.01,11.25,0.0,0.0
dca_l2_v2,ASML,2024-05-24,2024-05-28,executed,955.47264757,7.5,0.01,0.0,7.5,0.0,0.0
dca_l2_v2,KO,2024-05-24,2024-05-28,executed,57.61655788,3.75,0.0,0.0,3.75,0.0,0.0
fixed,BYDDY,2024-06-03,2024-06-04,executed,9.54774249,30.0,0.03,0.01,22.5,0.0,7.5
reserve_fixed,BYDDY,2024-06-03,2024-06-04,executed,9.54774249,22.5,0.02,0.01,22.5,0.0,0.0
fixed,MSFT,2024-06-03,2024-06-04,executed,405.48832284,22.0,0.02,0.01,16.5,0.0,5.5
reserve_fixed,MSFT,2024-06-03,2024-06-04,executed,405.48832284,16.5,0.02,0.01,16.5,0.0,0.0
fixed,NVDA,2024-06-03,2024-06-04,executed,115.44466949,18.0,0.02,0.01,13.5,0.0,4.5
reserve_fixed,NVDA,2024-06-03,2024-06-04,executed,115.44466949,13.5,0.01,0.01,13.5,0.0,0.0
fixed,AAPL,2024-06-03,2024-06-04,executed,192.89853307,15.0,0.01,0.01,11.25,0.0,3.75
reserve_fixed,AAPL,2024-06-03,2024-06-04,executed,192.89853307,11.25,0.01,0.01,11.25,0.0,0.0
fixed,ASML,2024-06-03,2024-06-04,executed,945.10057613,10.0,0.01,0.01,7.5,0.0,2.5
reserve_fixed,ASML,2024-06-03,2024-06-04,executed,945.10057613,7.5,0.01,0.0,7.5,0.0,0.0
fixed,KO,2024-06-03,2024-06-04,executed,58.93132394,5.0,0.01,0.0,3.75,0.0,1.25
reserve_fixed,KO,2024-06-03,2024-06-04,executed,58.93132394,3.75,0.0,0.0,3.75,0.0,0.0
dca_l2_v2,BYDDY,2024-06-03,2024-06-04,executed,9.54774249,22.5,0.02,0.01,22.5,0.0,0.0
dca_l2_v2,MSFT,2024-06-03,2024-06-04,executed,405.48832284,16.5,0.02,0.01,16.5,0.0,0.0
dca_l2_v2,NVDA,2024-06-03,2024-06-04,executed,115.44466949,13.5,0.01,0.01,13.5,0.0,0.0
dca_l2_v2,AAPL,2024-06-03,2024-06-04,executed,192.89853307,11.25,0.01,0.01,11.25,0.0,0.0
dca_l2_v2,ASML,2024-06-03,2024-06-04,executed,945.10057613,7.5,0.01,0.0,7.5,0.0,0.0
dca_l2_v2,KO,2024-06-03,2024-06-04,executed,58.93132394,3.75,0.0,0.0,3.75,0.0,0.0
fixed,BYDDY,2024-06-10,2024-06-11,executed,9.52670597,30.0,0.03,0.01,22.5,0.0,7.5
reserve_fixed,BYDDY,2024-06-10,2024-06-11,executed,9.52670597,22.5,0.02,0.01,22.5,0.0,0.0
fixed,MSFT,2024-06-10,2024-06-11,executed,418.31870082,22.0,0.02,0.01,16.5,0.0,5.5
reserve_fixed,MSFT,2024-06-10,2024-06-11,executed,418.31870082,16.5,0.02,0.01,16.5,0.0,0.0
fixed,NVDA,2024-06-10,2024-06-11,executed,121.49446087,18.0,0.02,0.01,13.5,0.0,4.5
reserve_fixed,NVDA,2024-06-10,2024-06-11,executed,121.49446087,13.5,0.01,0.01,13.5,0.0,0.0
fixed,AAPL,2024-06-10,2024-06-11,executed,191.91738374,15.0,0.01,0.01,11.25,0.0,3.75
reserve_fixed,AAPL,2024-06-10,2024-06-11,executed,191.91738374,11.25,0.01,0.01,11.25,0.0,0.0
fixed,ASML,2024-06-10,2024-06-11,executed,1009.1885401,10.0,0.01,0.01,7.5,0.0,2.5
reserve_fixed,ASML,2024-06-10,2024-06-11,executed,1009.1885401,7.5,0.01,0.0,7.5,0.0,0.0
fixed,KO,2024-06-10,2024-06-11,executed,59.29497867,5.0,0.01,0.0,3.75,0.0,1.25
reserve_fixed,KO,2024-06-10,2024-06-11,executed,59.29497867,3.75,0.0,0.0,3.75,0.0,0.0
dca_l2_v2,BYDDY,2024-06-10,2024-06-11,executed,9.52670597,22.5,0.02,0.01,22.5,0.0,0.0
dca_l2_v2,MSFT,2024-06-10,2024-06-11,executed,418.31870082,16.5,0.02,0.01,16.5,0.0,0.0
dca_l2_v2,NVDA,2024-06-10,2024-06-11,executed,121.49446087,13.5,0.01,0.01,13.5,0.0,0.0
dca_l2_v2,AAPL,2024-06-10,2024-06-11,executed,191.91738374,11.25,0.01,0.01,11.25,0.0,0.0
dca_l2_v2,ASML,2024-06-10,2024-06-11,executed,1009.1885401,7.5,0.01,0.0,7.5,0.0,0.0
dca_l2_v2,KO,2024-06-10,2024-06-11,executed,59.29497867,3.75,0.0,0.0,3.75,0.0,0.0
fixed,BYDDY,2024-06-17,2024-06-18,executed,9.73898306,30.0,0.03,0.01,22.5,0.0,7.5
reserve_fixed,BYDDY,2024-06-17,2024-06-18,executed,9.73898306,22.5,0.02,0.01,22.5,0.0,0.0
fixed,MSFT,2024-06-17,2024-06-18,executed,442.14082393,22.0,0.02,0.01,16.5,0.0,5.5
reserve_fixed,MSFT,2024-06-17,2024-06-18,executed,442.14082393,16.5,0.02,0.01,16.5,0.0,0.0
fixed,NVDA,2024-06-17,2024-06-18,executed,130.84324493,18.0,0.02,0.01,13.5,0.0,4.5
reserve_fixed,NVDA,2024-06-17,2024-06-18,executed,130.84324493,13.5,0.01,0.01,13.5,0.0,0.0
fixed,AAPL,2024-06-17,2024-06-18,executed,215.64318171,15.0,0.01,0.01,11.25,0.0,3.75
reserve_fixed,AAPL,2024-06-17,2024-06-18,executed,215.64318171,11.25,0.01,0.01,11.25,0.0,0.0
fixed,ASML,2024-06-17,2024-06-18,executed,1023.63641343,10.0,0.01,0.01,7.5,0.0,2.5
reserve_fixed,ASML,2024-06-17,2024-06-18,executed,1023.63641343,7.5,0.01,0.0,7.5,0.0,0.0
fixed,KO,2024-06-17,2024-06-18,executed,58.75899181,5.0,0.01,0.0,3.75,0.0,1.25
reserve_fixed,KO,2024-06-17,2024-06-18,executed,58.75899181,3.75,0.0,0.0,3.75,0.0,0.0
dca_l2_v2,BYDDY,2024-06-17,2024-06-18,executed,9.73898306,22.5,0.02,0.01,22.5,0.0,0.0
dca_l2_v2,MSFT,2024-06-17,2024-06-18,executed,442.14082393,16.5,0.02,0.01,16.5,0.0,0.0
dca_l2_v2,NVDA,2024-06-17,2024-06-18,executed,130.84324493,13.5,0.01,0.01,13.5,0.0,0.0
dca_l2_v2,AAPL,2024-06-17,2024-06-18,executed,215.64318171,11.25,0.01,0.01,11.25,0.0,0.0
dca_l2_v2,ASML,2024-06-17,2024-06-18,executed,1023.63641343,7.5,0.01,0.0,7.5,0.0,0.0
dca_l2_v2,KO,2024-06-17,2024-06-18,executed,58.75899181,3.75,0.0,0.0,3.75,0.0,0.0
fixed,BYDDY,2024-06-24,2024-06-25,executed,10.01817859,30.0,0.03,0.01,22.5,0.0,7.5
reserve_fixed,BYDDY,2024-06-24,2024-06-25,executed,10.01817859,22.5,0.02,0.01,22.5,0.0,0.0
fixed,MSFT,2024-06-24,2024-06-25,executed,440.70542959,22.0,0.02,0.01,16.5,0.0,5.5
reserve_fixed,MSFT,2024-06-24,2024-06-25,executed,440.70542959,16.5,0.02,0.01,16.5,0.0,0.0
fixed,NVDA,2024-06-24,2024-06-25,executed,120.92576467,18.0,0.02,0.01,13.5,0.0,4.5
reserve_fixed,NVDA,2024-06-24,2024-06-25,executed,120.92576467,13.5,0.01,0.01,13.5,0.0,0.0
fixed,AAPL,2024-06-24,2024-06-25,executed,207.27872057,15.0,0.01,0.01,11.25,0.0,3.75
reserve_fixed,AAPL,2024-06-24,2024-06-25,executed,207.27872057,11.25,0.01,0.01,11.25,0.0,0.0
fixed,ASML,2024-06-24,2024-06-25,executed,987.25605934,10.0,0.01,0.01,7.5,0.0,2.5
reserve_fixed,ASML,2024-06-24,2024-06-25,executed,987.25605934,7.5,0.01,0.0,7.5,0.0,0.0
fixed,KO,2024-06-24,2024-06-25,executed,60.08395797,4.6,0.0,0.0,3.75,0.0,1.25
reserve_fixed,KO,2024-06-24,2024-06-25,executed,60.08395797,3.75,0.0,0.0,3.75,0.0,0.0
dca_l2_v2,BYDDY,2024-06-24,2024-06-25,executed,10.01817859,22.5,0.02,0.01,22.5,0.0,0.0
dca_l2_v2,MSFT,2024-06-24,2024-06-25,executed,440.70542959,16.5,0.02,0.01,16.5,0.0,0.0
dca_l2_v2,NVDA,2024-06-24,2024-06-25,executed,120.92576467,13.5,0.01,0.01,13.5,0.0,0.0
dca_l2_v2,AAPL,2024-06-24,2024-06-25,executed,207.27872057,11.25,0.01,0.01,11.25,0.0,0.0
dca_l2_v2,ASML,2024-06-24,2024-06-25,executed,987.25605934,7.5,0.01,0.0,7.5,0.0,0.0
dca_l2_v2,KO,2024-06-24,2024-06-25,executed,60.08395797,3.75,0.0,0.0,3.75,0.0,0.0
fixed,BYDDY,2024-07-01,2024-07-02,executed,9.54683103,24.0,0.02,0.01,18.0,0.0,6.0
reserve_fixed,BYDDY,2024-07-01,2024-07-02,executed,9.54683103,18.0,0.02,0.01,18.0,0.0,0.0
fixed,MSFT,2024-07-01,2024-07-02,executed,445.5720757,17.6,0.02,0.01,13.2,0.0,4.4
reserve_fixed,MSFT,2024-07-01,2024-07-02,executed,445.5720757,13.2,0.01,0.01,13.2,0.0,0.0
fixed,NVDA,2024-07-01,2024-07-02,executed,120.85590976,14.4,0.01,0.01,10.8,0.0,3.6
reserve_fixed,NVDA,2024-07-01,2024-07-02,executed,120.85590976,10.8,0.01,0.01,10.8,0.0,0.0
fixed,AAPL,2024-07-01,2024-07-02,executed,214.21607151,12.0,0.01,0.01,9.0,0.0,3.0
reserve_fixed,AAPL,2024-07-01,2024-07-02,executed,214.21607151,9.0,0.01,0.0,9.0,0.0,0.0
fixed,ASML,2024-07-01,2024-07-02,executed,1008.48124163,8.0,0.01,0.0,6.0,0.0,2.0
reserve_fixed,ASML,2024-07-01,2024-07-02,executed,1008.48124163,6.0,0.01,0.0,6.0,0.0,0.0
fixed,KO,2024-07-01,2024-07-02,executed,59.44496563,4.0,0.0,0.0,3.0,0.0,1.0
reserve_fixed,KO,2024-07-01,2024-07-02,executed,59.44496563,3.0,0.0,0.0,3.0,0.0,0.0
dca_l2_v2,BYDDY,2024-07-01,2024-07-02,executed,9.54683103,18.0,0.02,0.01,18.0,0.0,0.0
dca_l2_v2,MSFT,2024-07-01,2024-07-02,executed,445.5720757,13.2,0.01,0.01,13.2,0.0,0.0
dca_l2_v2,NVDA,2024-07-01,2024-07-02,executed,120.85590976,10.8,0.01,0.01,10.8,0.0,0.0
dca_l2_v2,AAPL,2024-07-01,2024-07-02,executed,214.21607151,9.0,0.01,0.0,9.0,0.0,0.0
dca_l2_v2,ASML,2024-07-01,2024-07-02,executed,1008.48124163,6.0,0.01,0.0,6.0,0.0,0.0
dca_l2_v2,KO,2024-07-01,2024-07-02,executed,59.44496563,3.0,0.0,0.0,3.0,0.0,0.0
fixed,BYDDY,2024-07-08,2024-07-09,executed,9.85066187,24.0,0.02,0.01,18.0,0.0,6.0
reserve_fixed,BYDDY,2024-07-08,2024-07-09,executed,9.85066187,18.0,0.02,0.01,18.0,0.0,0.0
fixed,MSFT,2024-07-08,2024-07-09,executed,459.13984119,17.6,0.02,0.01,13.2,0.0,4.4
reserve_fixed,MSFT,2024-07-08,2024-07-09,executed,459.13984119,13.2,0.01,0.01,13.2,0.0,0.0
fixed,NVDA,2024-07-08,2024-07-09,executed,130.05506804,14.4,0.01,0.01,10.8,0.0,3.6
reserve_fixed,NVDA,2024-07-08,2024-07-09,executed,130.05506804,10.8,0.01,0.01,10.8,0.0,0.0
fixed,AAPL,2024-07-08,2024-07-09,executed,225.8906919,12.0,0.01,0.01,9.0,0.0,3.0
reserve_fixed,AAPL,2024-07-08,2024-07-09,executed,225.8906919,9.0,0.01,0.0,9.0,0.0,0.0
fixed,ASML,2024-07-08,2024-07-09,executed,1060.46829216,8.0,0.01,0.0,6.0,0.0,2.0
reserve_fixed,ASML,2024-07-08,2024-07-09,executed,1060.46829216,6.0,0.01,0.0,6.0,0.0,0.0
fixed,KO,2024-07-08,2024-07-09,executed,59.25703471,4.0,0.0,0.0,3.0,0.0,1.0
reserve_fixed,KO,2024-07-08,2024-07-09,executed,59.25703471,3.0,0.0,0.0,3.0,0.0,0.0
dca_l2_v2,BYDDY,2024-07-08,2024-07-09,executed,9.85066187,18.0,0.02,0.01,18.0,0.0,0.0
dca_l2_v2,MSFT,2024-07-08,2024-07-09,executed,459.13984119,13.2,0.01,0.01,13.2,0.0,0.0
dca_l2_v2,NVDA,2024-07-08,2024-07-09,executed,130.05506804,10.8,0.01,0.01,10.8,0.0,0.0
dca_l2_v2,AAPL,2024-07-08,2024-07-09,executed,225.8906919,9.0,0.01,0.0,9.0,0.0,0.0
dca_l2_v2,ASML,2024-07-08,2024-07-09,executed,1060.46829216,6.0,0.01,0.0,6.0,0.0,0.0
dca_l2_v2,KO,2024-07-08,2024-07-09,executed,59.25703471,3.0,0.0,0.0,3.0,0.0,0.0
fixed,BYDDY,2024-07-15,2024-07-16,executed,10.06744821,24.0,0.02,0.01,18.0,0.0,6.0
reserve_fixed,BYDDY,2024-07-15,2024-07-16,executed,10.06744821,18.0,0.02,0.01,18.0,0.0,0.0
fixed,MSFT,2024-07-15,2024-07-16,executed,446.57495689,17.6,0.02,0.01,13.2,0.0,4.4
reserve_fixed,MSFT,2024-07-15,2024-07-16,executed,446.57495689,13.2,0.01,0.01,13.2,0.0,0.0
fixed,NVDA,2024-07-15,2024-07-16,executed,128.14937867,14.4,0.01,0.01,10.8,0.0,3.6
reserve_fixed,NVDA,2024-07-15,2024-07-16,executed,128.14937867,10.8,0.01,0.01,10.8,0.0,0.0
fixed,AAPL,2024-07-15,2024-07-16,executed,232.89745153,12.0,0.01,0.01,9.0,0.0,3.0
reserve_fixed,AAPL,2024-07-15,2024-07-16,executed,232.89745153,9.0,0.01,0.0,9.0,0.0,0.0
fixed,ASML,2024-07-15,2024-07-16,executed,1055.38092975,8.0,0.01,0.0,6.0,0.0,2.0
reserve_fixed,ASML,2024-07-15,2024-07-16,executed,1055.38092975,6.0,0.01,0.0,6.0,0.0,0.0
fixed,KO,2024-07-15,2024-07-16,executed,59.60471947,4.0,0.0,0.0,3.0,0.0,1.0
reserve_fixed,KO,2024-07-15,2024-07-16,executed,59.60471947,3.0,0.0,0.0,3.0,0.0,0.0
dca_l2_v2,BYDDY,2024-07-15,2024-07-16,executed,10.06744821,18.0,0.02,0.01,18.0,0.0,0.0
dca_l2_v2,MSFT,2024-07-15,2024-07-16,executed,446.57495689,13.2,0.01,0.01,13.2,0.0,0.0
dca_l2_v2,NVDA,2024-07-15,2024-07-16,executed,128.14937867,10.8,0.01,0.01,10.8,0.0,0.0
dca_l2_v2,AAPL,2024-07-15,2024-07-16,executed,232.89745153,9.0,0.01,0.0,9.0,0.0,0.0
dca_l2_v2,ASML,2024-07-15,2024-07-16,executed,1055.38092975,6.0,0.01,0.0,6.0,0.0,0.0
dca_l2_v2,KO,2024-07-15,2024-07-16,executed,59.60471947,3.0,0.0,0.0,3.0,0.0,0.0
fixed,BYDDY,2024-07-22,2024-07-23,executed,10.04938118,24.0,0.02,0.01,18.0,0.0,6.0
reserve_fixed,BYDDY,2024-07-22,2024-07-23,executed,10.04938118,18.0,0.02,0.01,18.0,0.0,0.0
fixed,MSFT,2024-07-22,2024-07-23,executed,436.42862326,17.6,0.02,0.01,13.2,0.0,4.4
reserve_fixed,MSFT,2024-07-22,2024-07-23,executed,436.42862326,13.2,0.01,0.01,13.2,0.0,0.0
fixed,NVDA,2024-07-22,2024-07-23,executed,122.50217848,14.4,0.01,0.01,10.8,0.0,3.6
reserve_fixed,NVDA,2024-07-22,2024-07-23,executed,122.50217848,10.8,0.01,0.01,10.8,0.0,0.0
fixed,AAPL,2024-07-22,2024-07-23,executed,222.3625297,12.0,0.01,0.01,9.0,0.0,3.0
reserve_fixed,AAPL,2024-07-22,2024-07-23,executed,222.3625297,9.0,0.01,0.0,9.0,0.0,0.0
fixed,ASML,2024-07-22,2024-07-23,executed,918.71909898,8.0,0.01,0.0,6.0,0.0,2.0
reserve_fixed,ASML,2024-07-22,2024-07-23,executed,918.71909898,6.0,0.01,0.0,6.0,0.0,0.0
fixed,KO,2024-07-22,2024-07-23,executed,61.48410269,4.0,0.0,0.0,3.0,0.0,1.0
reserve_fixed,KO,2024-07-22,2024-07-23,executed,61.48410269,3.0,0.0,0.0,3.0,0.0,0.0
dca_l2_v2,BYDDY,2024-07-22,2024-07-23,executed,10.04938118,18.0,0.02,0.01,18.0,0.0,0.0
dca_l2_v2,MSFT,2024-07-22,2024-07-23,executed,436.42862326,13.29,0.01,0.01,13.2,0.09,0.0
dca_l2_v2,NVDA,2024-07-22,2024-07-23,executed,122.50217848,10.8,0.01,0.01,10.8,0.0,0.0
dca_l2_v2,AAPL,2024-07-22,2024-07-23,executed,222.3625297,9.0,0.01,0.0,9.0,0.0,0.0
dca_l2_v2,ASML,2024-07-22,2024-07-23,executed,918.71909898,7.08,0.01,0.0,6.0,1.08,0.0
dca_l2_v2,KO,2024-07-22,2024-07-23,executed,61.48410269,3.0,0.0,0.0,3.0,0.0,0.0
fixed,BYDDY,2024-07-29,2024-07-30,executed,9.52383854,24.0,0.02,0.01,18.0,0.0,6.0
reserve_fixed,BYDDY,2024-07-29,2024-07-30,executed,9.52383854,18.0,0.02,0.01,18.0,0.0,0.0
fixed,MSFT,2024-07-29,2024-07-30,executed,420.52098942,17.6,0.02,0.01,13.2,0.0,4.4
reserve_fixed,MSFT,2024-07-29,2024-07-30,executed,420.52098942,13.2,0.01,0.01,13.2,0.0,0.0
fixed,NVDA,2024-07-29,2024-07-30,executed,111.26763702,14.4,0.01,0.01,10.8,0.0,3.6
reserve_fixed,NVDA,2024-07-29,2024-07-30,executed,111.26763702,10.8,0.01,0.01,10.8,0.0,0.0
fixed,AAPL,2024-07-29,2024-07-30,executed,217.22888616,12.0,0.01,0.01,9.0,0.0,3.0
reserve_fixed,AAPL,2024-07-29,2024-07-30,executed,217.22888616,9.0,0.01,0.0,9.0,0.0,0.0
fixed,ASML,2024-07-29,2024-07-30,executed,878.22700806,8.0,0.01,0.0,6.0,0.0,2.0
reserve_fixed,ASML,2024-07-29,2024-07-30,executed,878.22700806,6.0,0.01,0.0,6.0,0.0,0.0
fixed,KO,2024-07-29,2024-07-30,executed,62.47079379,3.6,0.0,0.0,3.0,0.0,1.0
reserve_fixed,KO,2024-07-29,2024-07-30,executed,62.47079379,3.0,0.0,0.0,3.0,0.0,0.0
dca_l2_v2,BYDDY,2024-07-29,2024-07-30,executed,9.52383854,9.0,0.01,0.0,9.0,0.0,0.0
dca_l2_v2,MSFT,2024-07-29,2024-07-30,executed,420.52098942,6.6,0.01,0.0,6.6,0.0,0.0
dca_l2_v2,NVDA,2024-07-29,2024-07-30,executed,111.26763702,5.4,0.01,0.0,5.4,0.0,0.0
dca_l2_v2,AAPL,2024-07-29,2024-07-30,executed,217.22888616,4.5,0.0,0.0,4.5,0.0,0.0
dca_l2_v2,ASML,2024-07-29,2024-07-30,executed,878.22700806,3.0,0.0,0.0,3.0,0.0,0.0
dca_l2_v2,KO,2024-07-29,2024-07-30,executed,62.47079379,1.5,0.0,0.0,1.5,0.0,0.0
fixed,BYDDY,2024-08-05,2024-08-06,executed,8.90139747,30.0,0.03,0.01,22.5,0.0,7.5
reserve_fixed,BYDDY,2024-08-05,2024-08-06,executed,8.90139747,22.5,0.02,0.01,22.5,0.0,0.0
fixed,MSFT,2024-08-05,2024-08-06,executed,393.2675385,22.0,0.02,0.01,16.5,0.0,5.5
reserve_fixed,MSFT,2024-08-05,2024-08-06,executed,393.2675385,16.5,0.02,0.01,16.5,0.0,0.0
fixed,NVDA,2024-08-05,2024-08-06,executed,103.60503263,18.0,0.02,0.01,13.5,0.0,4.5
reserve_fixed,NVDA,2024-08-05,2024-08-06,executed,103.60503263,13.5,0.01,0.01,13.5,0.0,0.0
fixed,AAPL,2024-08-05,2024-08-06,executed,203.46316574,15.0,0.01,0.01,11.25,0.0,3.75
reserve_fixed,AAPL,2024-08-05,2024-08-06,executed,203.46316574,11.25,0.01,0.01,11.25,0.0,0.0
fixed,ASML,2024-08-05,2024-08-06,executed,826.92098687,10.0,0.01,0.01,7.5,0.0,2.5
reserve_fixed,ASML,2024-08-05,2024-08-06,executed,826.92098687,7.5,0.01,0.0,7.5,0.0,0.0
fixed,KO,2024-08-05,2024-08-06,executed,64.04007103,5.0,0.01,0.0,3.75,0.0,1.25
reserve_fixed,KO,2024-08-05,2024-08-06,executed,64.04007103,3.75,0.0,0.0,3.75,0.0,0.0
dca_l2_v2,BYDDY,2024-08-05,2024-08-06,executed,8.90139747,11.25,0.01,0.01,11.25,0.0,0.0
dca_l2_v2,MSFT,2024-08-05,2024-08-06,executed,393.2675385,8.25,0.01,0.0,8.25,0.0,0.0
dca_l2_v2,NVDA,2024-08-05,2024-08-06,executed,103.60503263,6.75,0.01,0.0,6.75,0.0,0.0
dca_l2_v2,AAPL,2024-08-05,2024-08-06,executed,203.46316574,5.63,0.01,0.0,5.63,0.0,0.0
dca_l2_v2,ASML,2024-08-05,2024-08-06,executed,826.92098687,3.75,0.0,0.0,3.75,0.0,0.0
dca_l2_v2,KO,2024-08-05,2024-08-06,executed,64.04007103,1.88,0.0,0.0,1.88,0.0,0.0
fixed,BYDDY,2024-08-12,2024-08-13,executed,9.07384065,30.0,0.03,0.01,22.5,0.0,7.5
reserve_fixed,BYDDY,2024-08-12,2024-08-13,executed,9.07384065,22.5,0.02,0.01,22.5,0.0,0.0
fixed,MSFT,2024-08-12,2024-08-13,executed,402.69614745,22.0,0.02,0.01,16.5,0.0,5.5
reserve_fixed,MSFT,2024-08-12,2024-08-13,executed,402.69614745,16.5,0.02,0.01,16.5,0.0,0.0
fixed,NVDA,2024-08-12,2024-08-13,executed,112.18558276,18.0,0.02,0.01,13.5,0.0,4.5
reserve_fixed,NVDA,2024-08-12,2024-08-13,executed,112.18558276,13.5,0.01,0.01,13.5,0.0,0.0
fixed,AAPL,2024-08-12,2024-08-13,executed,217.30173757,15.0,0.01,0.01,11.25,0.0,3.75
reserve_fixed,AAPL,2024-08-12,2024-08-13,executed,217.30173757,11.25,0.01,0.01,11.25,0.0,0.0
fixed,ASML,2024-08-12,2024-08-13,executed,847.03401836,10.0,0.01,0.01,7.5,0.0,2.5
reserve_fixed,ASML,2024-08-12,2024-08-13,executed,847.03401836,7.5,0.01,0.0,7.5,0.0,0.0
fixed,KO,2024-08-12,2024-08-13,executed,63.97429416,5.0,0.01,0.0,3.75,0.0,1.25
reserve_fixed,KO,2024-08-12,2024-08-13,executed,63.97429416,3.75,0.0,0.0,3.75,0.0,0.0
dca_l2_v2,BYDDY,2024-08-12,2024-08-13,executed,9.07384065,11.25,0.01,0.01,11.25,0.0,0.0
dca_l2_v2,MSFT,2024-08-12,2024-08-13,executed,402.69614745,8.25,0.01,0.0,8.25,0.0,0.0
dca_l2_v2,NVDA,2024-08-12,2024-08-13,executed,112.18558276,6.75,0.01,0.0,6.75,0.0,0.0
dca_l2_v2,AAPL,2024-08-12,2024-08-13,executed,217.30173757,5.63,0.01,0.0,5.63,0.0,0.0
dca_l2_v2,ASML,2024-08-12,2024-08-13,executed,847.03401836,3.75,0.0,0.0,3.75,0.0,0.0
dca_l2_v2,KO,2024-08-12,2024-08-13,executed,63.97429416,1.88,0.0,0.0,1.88,0.0,0.0
fixed,BYDDY,2024-08-19,2024-08-20,executed,9.52548136,30.0,0.03,0.01,22.5,0.0,7.5
reserve_fixed,BYDDY,2024-08-19,2024-08-20,executed,9.52548136,22.5,0.02,0.01,22.5,0.0,0.0
fixed,MSFT,2024-08-19,2024-08-20,executed,415.34962102,22.0,0.02,0.01,16.5,0.0,5.5
reserve_fixed,MSFT,2024-08-19,2024-08-20,executed,415.34962102,16.5,0.02,0.01,16.5,0.0,0.0
fixed,NVDA,2024-08-19,2024-08-20,executed,128.10946972,18.0,0.02,0.01,13.5,0.0,4.5
reserve_fixed,NVDA,2024-08-19,2024-08-20,executed,128.10946972,13.5,0.01,0.01,13.5,0.0,0.0
fixed,AAPL,2024-08-19,2024-08-20,executed,224.00901753,15.0,0.01,0.01,11.25,0.0,3.75
reserve_fixed,AAPL,2024-08-19,2024-08-20,executed,224.00901753,11.25,0.01,0.01,11.25,0.0,0.0
fixed,ASML,2024-08-19,2024-08-20,executed,921.01180877,10.0,0.01,0.01,7.5,0.0,2.5
reserve_fixed,ASML,2024-08-19,2024-08-20,executed,921.01180877,7.5,0.01,0.0,7.5,0.0,0.0
fixed,KO,2024-08-19,2024-08-20,executed,64.82940951,5.0,0.01,0.0,3.75,0.0,1.25
reserve_fixed,KO,2024-08-19,2024-08-20,executed,64.82940951,3.75,0.0,0.0,3.75,0.0,0.0
dca_l2_v2,BYDDY,2024-08-19,2024-08-20,executed,9.52548136,11.25,0.01,0.01,11.25,0.0,0.0
dca_l2_v2,MSFT,2024-08-19,2024-08-20,executed,415.34962102,8.25,0.01,0.0,8.25,0.0,0.0
dca_l2_v2,NVDA,2024-08-19,2024-08-20,executed,128.10946972,6.75,0.01,0.0,6.75,0.0,0.0
dca_l2_v2,AAPL,2024-08-19,2024-08-20,executed,224.00901753,5.63,0.01,0.0,5.63,0.0,0.0
dca_l2_v2,ASML,2024-08-19,2024-08-20,executed,921.01180877,3.75,0.0,0.0,3.75,0.0,0.0
dca_l2_v2,KO,2024-08-19,2024-08-20,executed,64.82940951,1.88,0.0,0.0,1.88,0.0,0.0
fixed,BYDDY,2024-08-26,2024-08-27,executed,9.5763928,30.0,0.03,0.01,22.5,0.0,7.5
reserve_fixed,BYDDY,2024-08-26,2024-08-27,executed,9.5763928,22.5,0.02,0.01,22.5,0.0,0.0
fixed,MSFT,2024-08-26,2024-08-27,executed,406.64268473,22.0,0.02,0.01,16.5,0.0,5.5
reserve_fixed,MSFT,2024-08-26,2024-08-27,executed,406.64268473,16.5,0.02,0.01,16.5,0.0,0.0
fixed,NVDA,2024-08-26,2024-08-27,executed,124.76704335,18.0,0.02,0.01,13.5,0.0,4.5
reserve_fixed,NVDA,2024-08-26,2024-08-27,executed,124.76704335,13.5,0.01,0.01,13.5,0.0,0.0
fixed,AAPL,2024-08-26,2024-08-27,executed,224.23717956,15.0,0.01,0.01,11.25,0.0,3.75
reserve_fixed,AAPL,2024-08-26,2024-08-27,executed,224.23717956,11.25,0.01,0.01,11.25,0.0,0.0
fixed,ASML,2024-08-26,2024-08-27,executed,865.92690708,10.0,0.01,0.01,7.5,0.0,2.5
reserve_fixed,ASML,2024-08-26,2024-08-27,executed,865.92690708,7.5,0.01,0.0,7.5,0.0,0.0
fixed,KO,2024-08-26,2024-08-27,executed,67.01890471,4.6,0.0,0.0,3.75,0.0,1.25
reserve_fixed,KO,2024-08-26,2024-08-27,executed,67.01890471,3.75,0.0,0.0,3.75,0.0,0.0
dca_l2_v2,BYDDY,2024-08-26,2024-08-27,executed,9.5763928,24.42,0.02,0.01,22.5,1.92,0.0
dca_l2_v2,MSFT,2024-08-26,2024-08-27,executed,406.64268473,18.85,0.02,0.01,16.5,2.35,0.0
dca_l2_v2,NVDA,2024-08-26,2024-08-27,executed,124.76704335,13.5,0.01,0.01,13.5,0.0,0.0
dca_l2_v2,AAPL,2024-08-26,2024-08-27,executed,224.23717956,11.25,0.01,0.01,11.25,0.0,0.0
dca_l2_v2,ASML,2024-08-26,2024-08-27,executed,865.92690708,9.33,0.01,0.0,7.5,1.83,0.0
dca_l2_v2,KO,2024-08-26,2024-08-27,executed,67.01890471,3.75,0.0,0.0,3.75,0.0,0.0
fixed,BYDDY,2024-08-30,2024-09-03,executed,9.83588048,30.0,0.03,0.01,22.5,0.0,7.5
reserve_fixed,BYDDY,2024-08-30,2024-09-03,executed,9.83588048,22.5,0.02,0.01,22.5,0.0,0.0
fixed,MSFT,2024-08-30,2024-09-03,executed,411.61664947,22.0,0.02,0.01,16.5,0.0,5.5
reserve_fixed,MSFT,2024-08-30,2024-09-03,executed,411.61664947,16.5,0.02,0.01,16.5,0.0,0.0
fixed,NVDA,2024-08-30,2024-09-03,executed,115.74750283,18.0,0.02,0.01,13.5,0.0,4.5
reserve_fixed,NVDA,2024-08-30,2024-09-03,executed,115.74750283,13.5,0.01,0.01,13.5,0.0,0.0
fixed,AAPL,2024-08-30,2024-09-03,executed,226.76729598,15.0,0.01,0.01,11.25,0.0,3.75
reserve_fixed,AAPL,2024-08-30,2024-09-03,executed,226.76729598,11.25,0.01,0.01,11.25,0.0,0.0
fixed,ASML,2024-08-30,2024-09-03,executed,878.32541324,10.0,0.01,0.01,7.5,0.0,2.5
reserve_fixed,ASML,2024-08-30,2024-09-03,executed,878.32541324,7.5,0.01,0.0,7.5,0.0,0.0
fixed,KO,2024-08-30,2024-09-03,executed,68.07134666,5.0,0.01,0.0,3.75,0.0,1.25
reserve_fixed,KO,2024-08-30,2024-09-03,executed,68.07134666,3.75,0.0,0.0,3.75,0.0,0.0
dca_l2_v2,BYDDY,2024-08-30,2024-09-03,executed,9.83588048,22.5,0.02,0.01,22.5,0.0,0.0
dca_l2_v2,MSFT,2024-08-30,2024-09-03,executed,411.61664947,18.69,0.02,0.01,16.5,2.19,0.0
dca_l2_v2,NVDA,2024-08-30,2024-09-03,executed,115.74750283,13.5,0.01,0.01,13.5,0.0,0.0
dca_l2_v2,AAPL,2024-08-30,2024-09-03,executed,226.76729598,11.25,0.01,0.01,11.25,0.0,0.0
dca_l2_v2,ASML,2024-08-30,2024-09-03,executed,878.32541324,9.15,0.01,0.0,7.5,1.65,0.0
dca_l2_v2,KO,2024-08-30,2024-09-03,executed,68.07134666,3.75,0.0,0.0,3.75,0.0,0.0
fixed,BYDDY,2024-09-09,2024-09-10,executed,9.90321513,30.0,0.03,0.01,22.5,0.0,7.5
reserve_fixed,BYDDY,2024-09-09,2024-09-10,executed,9.90321513,22.5,0.02,0.01,22.5,0.0,0.0
fixed,MSFT,2024-09-09,2024-09-10,executed,402.05290099,22.0,0.02,0.01,16.5,0.0,5.5
reserve_fixed,MSFT,2024-09-09,2024-09-10,executed,402.05290099,16.5,0.02,0.01,16.5,0.0,0.0
fixed,NVDA,2024-09-09,2024-09-10,executed,107.56603914,18.0,0.02,0.01,13.5,0.0,4.5
reserve_fixed,NVDA,2024-09-09,2024-09-10,executed,107.56603914,13.5,0.01,0.01,13.5,0.0,0.0
fixed,AAPL,2024-09-09,2024-09-10,executed,217.21243294,15.0,0.01,0.01,11.25,0.0,3.75
reserve_fixed,AAPL,2024-09-09,2024-09-10,executed,217.21243294,11.25,0.01,0.01,11.25,0.0,0.0
fixed,ASML,2024-09-09,2024-09-10,executed,737.91729826,10.0,0.01,0.01,7.5,0.0,2.5
reserve_fixed,ASML,2024-09-09,2024-09-10,executed,737.91729826,7.5,0.01,0.0,7.5,0.0,0.0
fixed,KO,2024-09-09,2024-09-10,executed,67.62968594,5.0,0.01,0.0,3.75,0.0,1.25
reserve_fixed,KO,2024-09-09,2024-09-10,executed,67.62968594,3.75,0.0,0.0,3.75,0.0,0.0
dca_l2_v2,BYDDY,2024-09-09,2024-09-10,executed,9.90321513,11.25,0.01,0.01,11.25,0.0,0.0
dca_l2_v2,MSFT,2024-09-09,2024-09-10,executed,402.05290099,8.25,0.01,0.0,8.25,0.0,0.0
dca_l2_v2,NVDA,2024-09-09,2024-09-10,executed,107.56603914,6.75,0.01,0.0,6.75,0.0,0.0
dca_l2_v2,AAPL,2024-09-09,2024-09-10,executed,217.21243294,5.63,0.01,0.0,5.63,0.0,0.0
dca_l2_v2,ASML,2024-09-09,2024-09-10,executed,737.91729826,3.75,0.0,0.0,3.75,0.0,0.0
dca_l2_v2,KO,2024-09-09,2024-09-10,executed,67.62968594,1.88,0.0,0.0,1.88,0.0,0.0
fixed,BYDDY,2024-09-16,2024-09-17,executed,10.18241066,30.0,0.03,0.01,22.5,0.0,7.5
reserve_fixed,BYDDY,2024-09-16,2024-09-17,executed,10.18241066,22.5,0.02,0.01,22.5,0.0,0.0
fixed,MSFT,2024-09-16,2024-09-17,executed,433.60058194,22.0,0.02,0.01,16.5,0.0,5.5
reserve_fixed,MSFT,2024-09-16,2024-09-17,executed,433.60058194,16.5,0.02,0.01,16.5,0.0,0.0
fixed,NVDA,2024-09-16,2024-09-17,executed,117.91269488,18.0,0.02,0.01,13.5,0.0,4.5
reserve_fixed,NVDA,2024-09-16,2024-09-17,executed,117.91269488,13.5,0.01,0.01,13.5,0.0,0.0
fixed,AAPL,2024-09-16,2024-09-17,executed,214.0671761,15.0,0.01,0.01,11.25,0.0,3.75
reserve_fixed,AAPL,2024-09-16,2024-09-17,executed,214.0671761,11.25,0.01,0.01,11.25,0.0,0.0
fixed,ASML,2024-09-16,2024-09-17,executed,795.76738085,10.0,0.01,0.01,7.5,0.0,2.5
reserve_fixed,ASML,2024-09-16,2024-09-17,executed,795.76738085,7.5,0.01,0.0,7.5,0.0,0.0
fixed,KO,2024-09-16,2024-09-17,executed,68.02710555,5.0,0.01,0.0,3.75,0.0,1.25
reserve_fixed,KO,2024-09-16,2024-09-17,executed,68.02710555,3.75,0.0,0.0,3.75,0.0,0.0
dca_l2_v2,BYDDY,2024-09-16,2024-09-17,executed,10.18241066,11.25,0.01,0.01,11.25,0.0,0.0
dca_l2_v2,MSFT,2024-09-16,2024-09-17,executed,433.60058194,8.25,0.01,0.0,8.25,0.0,0.0
dca_l2_v2,NVDA,2024-09-16,2024-09-17,executed,117.91269488,6.75,0.01,0.0,6.75,0.0,0.0
dca_l2_v2,AAPL,2024-09-16,2024-09-17,executed,214.0671761,5.63,0.01,0.0,5.63,0.0,0.0
dca_l2_v2,ASML,2024-09-16,2024-09-17,executed,795.76738085,3.75,0.0,0.0,3.75,0.0,0.0
dca_l2_v2,KO,2024-09-16,2024-09-17,executed,68.02710555,1.88,0.0,0.0,1.88,0.0,0.0
fixed,BYDDY,2024-09-23,2024-09-24,executed,10.47145911,30.0,0.03,0.01,22.5,0.0,7.5
reserve_fixed,BYDDY,2024-09-23,2024-09-24,executed,10.47145911,22.5,0.02,0.01,22.5,0.0,0.0
fixed,MSFT,2024-09-23,2024-09-24,executed,426.47940814,22.0,0.02,0.01,16.5,0.0,5.5
reserve_fixed,MSFT,2024-09-23,2024-09-24,executed,426.47940814,16.5,0.02,0.01,16.5,0.0,0.0
fixed,NVDA,2024-09-23,2024-09-24,executed,116.2663001,18.0,0.02,0.01,13.5,0.0,4.5
reserve_fixed,NVDA,2024-09-23,2024-09-24,executed,116.2663001,13.5,0.01,0.01,13.5,0.0,0.0
fixed,AAPL,2024-09-23,2024-09-24,executed,226.86653658,15.0,0.01,0.01,11.25,0.0,3.75
reserve_fixed,AAPL,2024-09-23,2024-09-24,executed,226.86653658,11.25,0.01,0.01,11.25,0.0,0.0
fixed,ASML,2024-09-23,2024-09-24,executed,796.60365778,10.0,0.01,0.01,7.5,0.0,2.5
reserve_fixed,ASML,2024-09-23,2024-09-24,executed,796.60365778,7.5,0.01,0.0,7.5,0.0,0.0
fixed,KO,2024-09-23,2024-09-24,executed,67.38373003,4.6,0.0,0.0,3.75,0.0,1.25
reserve_fixed,KO,2024-09-23,2024-09-24,executed,67.38373003,3.75,0.0,0.0,3.75,0.0,0.0
dca_l2_v2,BYDDY,2024-09-23,2024-09-24,executed,10.47145911,22.5,0.02,0.01,22.5,0.0,0.0
dca_l2_v2,MSFT,2024-09-23,2024-09-24,executed,426.47940814,16.5,0.02,0.01,16.5,0.0,0.0
dca_l2_v2,NVDA,2024-09-23,2024-09-24,executed,116.2663001,13.5,0.01,0.01,13.5,0.0,0.0
dca_l2_v2,AAPL,2024-09-23,2024-09-24,executed,226.86653658,11.25,0.01,0.01,11.25,0.0,0.0
dca_l2_v2,ASML,2024-09-23,2024-09-24,executed,796.60365778,35.1,0.04,0.02,7.5,2.6,25.0
dca_l2_v2,KO,2024-09-23,2024-09-24,executed,67.38373003,3.75,0.0,0.0,3.75,0.0,0.0
fixed,BYDDY,2024-09-30,2024-10-01,executed,11.85265337,24.0,0.02,0.01,18.0,0.0,6.0
reserve_fixed,BYDDY,2024-09-30,2024-10-01,executed,11.85265337,18.0,0.02,0.01,18.0,0.0,0.0
fixed,MSFT,2024-09-30,2024-10-01,executed,421.99796053,17.6,0.02,0.01,13.2,0.0,4.4
reserve_fixed,MSFT,2024-09-30,2024-10-01,executed,421.99796053,13.2,0.01,0.01,13.2,0.0,0.0
fixed,NVDA,2024-09-30,2024-10-01,executed,121.50485106,14.4,0.01,0.01,10.8,0.0,3.6
reserve_fixed,NVDA,2024-09-30,2024-10-01,executed,121.50485106,10.8,0.01,0.01,10.8,0.0,0.0
fixed,AAPL,2024-09-30,2024-10-01,executed,227.72975097,12.0,0.01,0.01,9.0,0.0,3.0
reserve_fixed,AAPL,2024-09-30,2024-10-01,executed,227.72975097,9.0,0.01,0.0,9.0,0.0,0.0
fixed,ASML,2024-09-30,2024-10-01,executed,826.25170339,8.0,0.01,0.0,6.0,0.0,2.0
reserve_fixed,ASML,2024-09-30,2024-10-01,executed,826.25170339,6.0,0.01,0.0,6.0,0.0,0.0
fixed,KO,2024-09-30,2024-10-01,executed,68.21632212,4.0,0.0,0.0,3.0,0.0,1.0
reserve_fixed,KO,2024-09-30,2024-10-01,executed,68.21632212,3.0,0.0,0.0,3.0,0.0,0.0
dca_l2_v2,BYDDY,2024-09-30,2024-10-01,executed,11.85265337,18.0,0.02,0.01,18.0,0.0,0.0
dca_l2_v2,MSFT,2024-09-30,2024-10-01,executed,421.99796053,13.2,0.01,0.01,13.2,0.0,0.0
dca_l2_v2,NVDA,2024-09-30,2024-10-01,executed,121.50485106,10.8,0.01,0.01,10.8,0.0,0.0
dca_l2_v2,AAPL,2024-09-30,2024-10-01,executed,227.72975097,9.0,0.01,0.0,9.0,0.0,0.0
dca_l2_v2,ASML,2024-09-30,2024-10-01,executed,826.25170339,6.88,0.01,0.0,6.0,0.88,0.0
dca_l2_v2,KO,2024-09-30,2024-10-01,executed,68.21632212,3.0,0.0,0.0,3.0,0.0,0.0
fixed,BYDDY,2024-10-07,2024-10-08,executed,12.50629902,24.0,0.02,0.01,18.0,0.0,6.0
reserve_fixed,BYDDY,2024-10-07,2024-10-08,executed,12.50629902,18.0,0.02,0.01,18.0,0.0,0.0
fixed,MSFT,2024-10-07,2024-10-08,executed,404.71221998,17.6,0.02,0.01,13.2,0.0,4.4
reserve_fixed,MSFT,2024-10-07,2024-10-08,executed,404.71221998,13.2,0.01,0.01,13.2,0.0,0.0
fixed,NVDA,2024-10-07,2024-10-08,executed,129.97636671,14.4,0.01,0.01,10.8,0.0,3.6
reserve_fixed,NVDA,2024-10-07,2024-10-08,executed,129.97636671,10.8,0.01,0.01,10.8,0.0,0.0
fixed,AAPL,2024-10-07,2024-10-08,executed,222.55049264,12.0,0.01,0.01,9.0,0.0,3.0
reserve_fixed,AAPL,2024-10-07,2024-10-08,executed,222.55049264,9.0,0.01,0.0,9.0,0.0,0.0
fixed,ASML,2024-10-07,2024-10-08,executed,809.34650802,8.0,0.01,0.0,6.0,0.0,2.0
reserve_fixed,ASML,2024-10-07,2024-10-08,executed,809.34650802,6.0,0.01,0.0,6.0,0.0,0.0
fixed,KO,2024-10-07,2024-10-08,executed,65.32117326,4.0,0.0,0.0,3.0,0.0,1.0
reserve_fixed,KO,2024-10-07,2024-10-08,executed,65.32117326,3.0,0.0,0.0,3.0,0.0,0.0
dca_l2_v2,BYDDY,2024-10-07,2024-10-08,executed,12.50629902,18.0,0.02,0.01,18.0,0.0,0.0
dca_l2_v2,MSFT,2024-10-07,2024-10-08,executed,404.71221998,13.74,0.01,0.01,13.2,0.54,0.0
dca_l2_v2,NVDA,2024-10-07,2024-10-08,executed,129.97636671,10.8,0.01,0.01,10.8,0.0,0.0
dca_l2_v2,AAPL,2024-10-07,2024-10-08,executed,222.55049264,9.0,0.01,0.0,9.0,0.0,0.0
dca_l2_v2,ASML,2024-10-07,2024-10-08,executed,809.34650802,7.0,0.01,0.0,6.0,1.0,0.0
dca_l2_v2,KO,2024-10-07,2024-10-08,executed,65.32117326,3.0,0.0,0.0,3.0,0.0,0.0
fixed,BYDDY,2024-10-14,2024-10-15,executed,11.63915267,24.0,0.02,0.01,18.0,0.0,6.0
reserve_fixed,BYDDY,2024-10-14,2024-10-15,executed,11.63915267,18.0,0.02,0.01,18.0,0.0,0.0
fixed,MSFT,2024-10-14,2024-10-15,executed,415.82230925,17.6,0.02,0.01,13.2,0.0,4.4
reserve_fixed,MSFT,2024-10-14,2024-10-15,executed,415.82230925,13.2,0.01,0.01,13.2,0.0,0.0
fixed,NVDA,2024-10-14,2024-10-15,executed,137.56979352,14.4,0.01,0.01,10.8,0.0,3.6
reserve_fixed,NVDA,2024-10-14,2024-10-15,executed,137.56979352,10.8,0.01,0.01,10.8,0.0,0.0
fixed,AAPL,2024-10-14,2024-10-15,executed,231.78787102,12.0,0.01,0.01,9.0,0.0,3.0
reserve_fixed,AAPL,2024-10-14,2024-10-15,executed,231.78787102,9.0,0.01,0.0,9.0,0.0,0.0
fixed,ASML,2024-10-14,2024-10-15,executed,853.3512544,8.0,0.01,0.0,6.0,0.0,2.0
reserve_fixed,ASML,2024-10-14,2024-10-15,executed,853.3512544,6.0,0.01,0.0,6.0,0.0,0.0
fixed,KO,2024-10-14,2024-10-15,executed,66.66468068,4.0,0.0,0.0,3.0,0.0,1.0
reserve_fixed,KO,2024-10-14,2024-10-15,executed,66.66468068,3.0,0.0,0.0,3.0,0.0,0.0
dca_l2_v2,BYDDY,2024-10-14,2024-10-15,executed,11.63915267,20.78,0.02,0.01,18.0,2.78,0.0
dca_l2_v2,MSFT,2024-10-14,2024-10-15,executed,415.82230925,13.2,0.01,0.01,13.2,0.0,0.0
dca_l2_v2,NVDA,2024-10-14,2024-10-15,executed,137.56979352,10.8,0.01,0.01,10.8,0.0,0.0
dca_l2_v2,AAPL,2024-10-14,2024-10-15,executed,231.78787102,9.0,0.01,0.0,9.0,0.0,0.0
dca_l2_v2,ASML,2024-10-14,2024-10-15,executed,853.3512544,6.38,0.01,0.0,6.0,0.38,0.0
dca_l2_v2,KO,2024-10-14,2024-10-15,executed,66.66468068,3.0,0.0,0.0,3.0,0.0,0.0
fixed,BYDDY,2024-10-21,2024-10-22,executed,12.14334464,24.0,0.02,0.01,18.0,0.0,6.0
reserve_fixed,BYDDY,2024-10-21,2024-10-22,executed,12.14334464,18.0,0.02,0.01,18.0,0.0,0.0
fixed,MSFT,2024-10-21,2024-10-22,executed,412.18793797,17.6,0.02,0.01,13.2,0.0,4.4
reserve_fixed,MSFT,2024-10-21,2024-10-22,executed,412.18793797,13.2,0.01,0.01,13.2,0.0,0.0
fixed,NVDA,2024-10-21,2024-10-22,executed,142.59882478,14.4,0.01,0.01,10.8,0.0,3.6
reserve_fixed,NVDA,2024-10-21,2024-10-22,executed,142.59882478,10.8,0.01,0.01,10.8,0.0,0.0
fixed,AAPL,2024-10-21,2024-10-22,executed,232.06568185,12.0,0.01,0.01,9.0,0.0,3.0
reserve_fixed,AAPL,2024-10-21,2024-10-22,executed,232.06568185,9.0,0.01,0.0,9.0,0.0,0.0
fixed,ASML,2024-10-21,2024-10-22,executed,711.43772809,8.0,0.01,0.0,6.0,0.0,2.0
reserve_fixed,ASML,2024-10-21,2024-10-22,executed,711.43772809,6.0,0.01,0.0,6.0,0.0,0.0
fixed,KO,2024-10-21,2024-10-22,executed,65.28331935,4.0,0.0,0.0,3.0,0.0,1.0
reserve_fixed,KO,2024-10-21,2024-10-22,executed,65.28331935,3.0,0.0,0.0,3.0,0.0,0.0
dca_l2_v2,BYDDY,2024-10-21,2024-10-22,executed,12.14334464,20.6,0.02,0.01,18.0,2.6,0.0
dca_l2_v2,MSFT,2024-10-21,2024-10-22,executed,412.18793797,13.2,0.01,0.01,13.2,0.0,0.0
dca_l2_v2,NVDA,2024-10-21,2024-10-22,executed,142.59882478,10.8,0.01,0.01,10.8,0.0,0.0
dca_l2_v2,AAPL,2024-10-21,2024-10-22,executed,232.06568185,9.0,0.01,0.0,9.0,0.0,0.0
dca_l2_v2,ASML,2024-10-21,2024-10-22,executed,711.43772809,6.0,0.01,0.0,6.0,0.0,0.0
dca_l2_v2,KO,2024-10-21,2024-10-22,executed,65.28331935,3.0,0.0,0.0,3.0,0.0,0.0
fixed,BYDDY,2024-10-28,2024-10-29,executed,12.56378075,24.0,0.02,0.01,18.0,0.0,6.0
reserve_fixed,BYDDY,2024-10-28,2024-10-29,executed,12.56378075,18.0,0.02,0.01,18.0,0.0,0.0
fixed,MSFT,2024-10-28,2024-10-29,executed,421.55469301,17.6,0.02,0.01,13.2,0.0,4.4
reserve_fixed,MSFT,2024-10-28,2024-10-29,executed,421.55469301,13.2,0.01,0.01,13.2,0.0,0.0
fixed,NVDA,2024-10-28,2024-10-29,executed,139.98452929,14.4,0.01,0.01,10.8,0.0,3.6
reserve_fixed,NVDA,2024-10-28,2024-10-29,executed,139.98452929,10.8,0.01,0.01,10.8,0.0,0.0
fixed,AAPL,2024-10-28,2024-10-29,executed,231.28184113,12.0,0.01,0.01,9.0,0.0,3.0
reserve_fixed,AAPL,2024-10-28,2024-10-29,executed,231.28184113,9.0,0.01,0.0,9.0,0.0,0.0
fixed,ASML,2024-10-28,2024-10-29,executed,698.03822169,8.0,0.01,0.0,6.0,0.0,2.0
reserve_fixed,ASML,2024-10-28,2024-10-29,executed,698.03822169,6.0,0.01,0.0,6.0,0.0,0.0
fixed,KO,2024-10-28,2024-10-29,executed,62.71929297,3.6,0.0,0.0,3.0,0.0,1.0
reserve_fixed,KO,2024-10-28,2024-10-29,executed,62.71929297,3.0,0.0,0.0,3.0,0.0,0.0
dca_l2_v2,BYDDY,2024-10-28,2024-10-29,executed,12.56378075,15.55,0.02,0.01,15.55,0.0,0.0
dca_l2_v2,MSFT,2024-10-28,2024-10-29,executed,421.55469301,11.4,0.01,0.01,11.4,0.0,0.0
dca_l2_v2,NVDA,2024-10-28,2024-10-29,executed,139.98452929,9.33,0.01,0.0,9.33,0.0,0.0
dca_l2_v2,AAPL,2024-10-28,2024-10-29,executed,231.28184113,7.77,0.01,0.0,7.77,0.0,0.0
dca_l2_v2,ASML,2024-10-28,2024-10-29,executed,698.03822169,5.18,0.01,0.0,5.18,0.0,0.0
dca_l2_v2,KO,2024-10-28,2024-10-29,executed,62.71929297,2.59,0.0,0.0,2.59,0.0,0.0
fixed,BYDDY,2024-11-04,2024-11-05,executed,12.31743264,30.0,0.03,0.01,22.5,0.0,7.5
reserve_fixed,BYDDY,2024-11-04,2024-11-05,executed,12.31743264,22.5,0.02,0.01,22.5,0.0,0.0
fixed,MSFT,2024-11-04,2024-11-05,executed,402.22031565,22.0,0.02,0.01,16.5,0.0,5.5
reserve_fixed,MSFT,2024-11-04,2024-11-05,executed,402.22031565,16.5,0.02,0.01,16.5,0.0,0.0
fixed,NVDA,2024-11-04,2024-11-05,executed,137.15071609,18.0,0.02,0.01,13.5,0.0,4.5
reserve_fixed,NVDA,2024-11-04,2024-11-05,executed,137.15071609,13.5,0.01,0.01,13.5,0.0,0.0
fixed,AAPL,2024-11-04,2024-11-05,executed,220.06995699,15.0,0.01,0.01,11.25,0.0,3.75
reserve_fixed,AAPL,2024-11-04,2024-11-05,executed,220.06995699,11.25,0.01,0.01,11.25,0.0,0.0
fixed,ASML,2024-11-04,2024-11-05,executed,664.27749176,10.0,0.01,0.01,7.5,0.0,2.5
reserve_fixed,ASML,2024-11-04,2024-11-05,executed,664.27749176,7.5,0.01,0.0,7.5,0.0,0.0
fixed,KO,2024-11-04,2024-11-05,executed,61.1581708,5.0,0.01,0.0,3.75,0.0,1.25
reserve_fixed,KO,2024-11-04,2024-11-05,executed,61.1581708,3.75,0.0,0.0,3.75,0.0,0.0
dca_l2_v2,BYDDY,2024-11-04,2024-11-05,executed,12.31743264,25.88,0.03,0.01,22.5,3.38,0.0
dca_l2_v2,MSFT,2024-11-04,2024-11-05,executed,402.22031565,17.28,0.02,0.01,16.5,0.78,0.0
dca_l2_v2,NVDA,2024-11-04,2024-11-05,executed,137.15071609,13.5,0.01,0.01,13.5,0.0,0.0
dca_l2_v2,AAPL,2024-11-04,2024-11-05,executed,220.06995699,11.56,0.01,0.01,11.25,0.31,0.0
dca_l2_v2,ASML,2024-11-04,2024-11-05,executed,664.27749176,7.5,0.01,0.0,7.5,0.0,0.0
dca_l2_v2,KO,2024-11-04,2024-11-05,executed,61.1581708,4.23,0.0,0.0,3.75,0.48,0.0
fixed,BYDDY,2024-11-11,2024-11-12,executed,11.51269247,30.0,0.03,0.01,22.5,0.0,7.5
reserve_fixed,BYDDY,2024-11-11,2024-11-12,executed,11.51269247,22.5,0.02,0.01,22.5,0.0,0.0
fixed,MSFT,2024-11-11,2024-11-12,executed,411.95159386,22.0,0.02,0.01,16.5,0.0,5.5
reserve_fixed,MSFT,2024-11-11,2024-11-12,executed,411.95159386,16.5,0.02,0.01,16.5,0.0,0.0
fixed,NVDA,2024-11-11,2024-11-12,executed,146.46041261,18.0,0.02,0.01,13.5,0.0,4.5
reserve_fixed,NVDA,2024-11-11,2024-11-12,executed,146.46041261,13.5,0.01,0.01,13.5,0.0,0.0
fixed,AAPL,2024-11-11,2024-11-12,executed,223.04365409,15.0,0.01,0.01,11.25,0.0,3.75
reserve_fixed,AAPL,2024-11-11,2024-11-12,executed,223.04365409,11.25,0.01,0.01,11.25,0.0,0.0
fixed,ASML,2024-11-11,2024-11-12,executed,663.41943194,10.0,0.01,0.01,7.5,0.0,2.5
reserve_fixed,ASML,2024-11-11,2024-11-12,executed,663.41943194,7.5,0.01,0.0,7.5,0.0,0.0
fixed,KO,2024-11-11,2024-11-12,executed,60.24988089,5.0,0.01,0.0,3.75,0.0,1.25
reserve_fixed,KO,2024-11-11,2024-11-12,executed,60.24988089,3.75,0.0,0.0,3.75,0.0,0.0
dca_l2_v2,BYDDY,2024-11-11,2024-11-12,executed,11.51269247,26.74,0.03,0.01,22.5,4.24,0.0
dca_l2_v2,MSFT,2024-11-11,2024-11-12,executed,411.95159386,16.5,0.02,0.01,16.5,0.0,0.0
dca_l2_v2,NVDA,2024-11-11,2024-11-12,executed,146.46041261,13.5,0.01,0.01,13.5,0.0,0.0
dca_l2_v2,AAPL,2024-11-11,2024-11-12,executed,223.04365409,11.27,0.01,0.01,11.25,0.02,0.0
dca_l2_v2,ASML,2024-11-11,2024-11-12,executed,663.41943194,7.5,0.01,0.0,7.5,0.0,0.0
dca_l2_v2,KO,2024-11-11,2024-11-12,executed,60.24988089,4.34,0.0,0.0,3.75,0.59,0.0
fixed,BYDDY,2024-11-18,2024-11-19,executed,11.26634436,30.0,0.03,0.01,22.5,0.0,7.5
reserve_fixed,BYDDY,2024-11-18,2024-11-19,executed,11.26634436,22.5,0.02,0.01,22.5,0.0,0.0
fixed,MSFT,2024-11-18,2024-11-19,executed,406.8889468,22.0,0.02,0.01,16.5,0.0,5.5
reserve_fixed,MSFT,2024-11-18,2024-11-19,executed,406.8889468,16.5,0.02,0.01,16.5,0.0,0.0
fixed,NVDA,2024-11-18,2024-11-19,executed,141.01230292,18.0,0.02,0.01,13.5,0.0,4.5
reserve_fixed,NVDA,2024-11-18,2024-11-19,executed,141.01230292,13.5,0.01,0.01,13.5,0.0,0.0
fixed,AAPL,2024-11-18,2024-11-19,executed,225.45733533,15.0,0.01,0.01,11.25,0.0,3.75
reserve_fixed,AAPL,2024-11-18,2024-11-19,executed,225.45733533,11.25,0.01,0.01,11.25,0.0,0.0
fixed,ASML,2024-11-18,2024-11-19,executed,653.73407869,10.0,0.01,0.01,7.5,0.0,2.5
reserve_fixed,ASML,2024-11-18,2024-11-19,executed,653.73407869,7.5,0.01,0.0,7.5,0.0,0.0
fixed,KO,2024-11-18,2024-11-19,executed,58.56575424,5.0,0.01,0.0,3.75,0.0,1.25
reserve_fixed,KO,2024-11-18,2024-11-19,executed,58.56575424,3.75,0.0,0.0,3.75,0.0,0.0
dca_l2_v2,BYDDY,2024-11-18,2024-11-19,executed,11.26634436,27.38,0.03,0.01,22.5,4.88,0.0
dca_l2_v2,MSFT,2024-11-18,2024-11-19,executed,406.8889468,16.59,0.02,0.01,16.5,0.09,0.0
dca_l2_v2,NVDA,2024-11-18,2024-11-19,executed,141.01230292,13.5,0.01,0.01,13.5,0.0,0.0
dca_l2_v2,AAPL,2024-11-18,2024-11-19,executed,225.45733533,11.25,0.01,0.01,11.25,0.0,0.0
dca_l2_v2,ASML,2024-11-18,2024-11-19,executed,653.73407869,7.5,0.01,0.0,7.5,0.0,0.0
dca_l2_v2,KO,2024-11-18,2024-11-19,executed,58.56575424,4.42,0.0,0.0,3.75,0.67,0.0
fixed,BYDDY,2024-11-25,2024-11-26,executed,10.8738292,30.0,0.03,0.01,22.5,0.0,7.5
reserve_fixed,BYDDY,2024-11-25,2024-11-26,executed,10.8738292,22.5,0.02,0.01,22.5,0.0,0.0
fixed,MSFT,2024-11-25,2024-11-26,executed,414.0985518,22.0,0.02,0.01,16.5,0.0,5.5
reserve_fixed,MSFT,2024-11-25,2024-11-26,executed,414.0985518,16.5,0.02,0.01,16.5,0.0,0.0
fixed,NVDA,2024-11-25,2024-11-26,executed,137.40015074,18.0,0.02,0.01,13.5,0.0,4.5
reserve_fixed,NVDA,2024-11-25,2024-11-26,executed,137.40015074,13.5,0.01,0.01,13.5,0.0,0.0
fixed,AAPL,2024-11-25,2024-11-26,executed,231.76474746,15.0,0.01,0.01,11.25,0.0,3.75
reserve_fixed,AAPL,2024-11-25,2024-11-26,executed,231.76474746,11.25,0.01,0.01,11.25,0.0,0.0
fixed,ASML,2024-11-25,2024-11-26,executed,670.27418161,10.0,0.01,0.01,7.5,0.0,2.5
reserve_fixed,ASML,2024-11-25,2024-11-26,executed,670.27418161,7.5,0.01,0.0,7.5,0.0,0.0
fixed,KO,2024-11-25,2024-11-26,executed,60.84594277,4.6,0.0,0.0,3.75,0.0,1.25
reserve_fixed,KO,2024-11-25,2024-11-26,executed,60.84594277,3.75,0.0,0.0,3.75,0.0,0.0
dca_l2_v2,BYDDY,2024-11-25,2024-11-26,executed,10.8738292,36.62,0.04,0.02,17.87,0.0,18.75
dca_l2_v2,MSFT,2024-11-25,2024-11-26,executed,414.0985518,13.1,0.01,0.01,13.1,0.0,0.0
dca_l2_v2,NVDA,2024-11-25,2024-11-26,executed,137.40015074,10.72,0.01,0.01,10.72,0.0,0.0
dca_l2_v2,AAPL,2024-11-25,2024-11-26,executed,231.76474746,8.93,0.01,0.0,8.93,0.0,0.0
dca_l2_v2,ASML,2024-11-25,2024-11-26,executed,670.27418161,5.96,0.01,0.0,5.96,0.0,0.0
dca_l2_v2,KO,2024-11-25,2024-11-26,executed,60.84594277,2.98,0.0,0.0,2.98,0.0,0.0
fixed,BYDDY,2024-12-02,2024-12-03,executed,11.16616329,24.0,0.02,0.01,18.0,0.0,6.0
reserve_fixed,BYDDY,2024-12-02,2024-12-03,executed,11.16616329,18.0,0.02,0.01,18.0,0.0,0.0
fixed,MSFT,2024-12-02,2024-12-03,executed,424.21438819,17.6,0.02,0.01,13.2,0.0,4.4
reserve_fixed,MSFT,2024-12-02,2024-12-03,executed,424.21438819,13.2,0.01,0.01,13.2,0.0,0.0
fixed,NVDA,2024-12-02,2024-12-03,executed,137.95895601,14.4,0.01,0.01,10.8,0.0,3.6
reserve_fixed,NVDA,2024-12-02,2024-12-03,executed,137.95895601,10.8,0.01,0.01,10.8,0.0,0.0
fixed,AAPL,2024-12-02,2024-12-03,executed,238.20127011,12.0,0.01,0.01,9.0,0.0,3.0
reserve_fixed,AAPL,2024-12-02,2024-12-03,executed,238.20127011,9.0,0.01,0.0,9.0,0.0,0.0
fixed,ASML,2024-12-02,2024-12-03,executed,693.01805286,8.0,0.01,0.0,6.0,0.0,2.0
reserve_fixed,ASML,2024-12-02,2024-12-03,executed,693.01805286,6.0,0.01,0.0,6.0,0.0,0.0
fixed,KO,2024-12-02,2024-12-03,executed,60.74498832,4.0,0.0,0.0,3.0,0.0,1.0
reserve_fixed,KO,2024-12-02,2024-12-03,executed,60.74498832,3.0,0.0,0.0,3.0,0.0,0.0
dca_l2_v2,BYDDY,2024-12-02,2024-12-03,executed,11.16616329,22.38,0.02,0.01,18.0,4.38,0.0
dca_l2_v2,MSFT,2024-12-02,2024-12-03,executed,424.21438819,13.2,0.01,0.01,13.2,0.0,0.0
dca_l2_v2,NVDA,2024-12-02,2024-12-03,executed,137.95895601,10.8,0.01,0.01,10.8,0.0,0.0
dca_l2_v2,AAPL,2024-12-02,2024-12-03,executed,238.20127011,9.0,0.01,0.0,9.0,0.0,0.0
dca_l2_v2,ASML,2024-12-02,2024-12-03,executed,693.01805286,7.37,0.01,0.0,6.0,1.37,0.0
dca_l2_v2,KO,2024-12-02,2024-12-03,executed,60.74498832,3.4,0.0,0.0,3.0,0.4,0.0
fixed,BYDDY,2024-12-09,2024-12-10,executed,11.62437128,24.0,0.02,0.01,18.0,0.0,6.0
reserve_fixed,BYDDY,2024-12-09,2024-12-10,executed,11.62437128,18.0,0.02,0.01,18.0,0.0,0.0
fixed,MSFT,2024-12-09,2024-12-10,executed,438.57404443,17.6,0.02,0.01,13.2,0.0,4.4
reserve_fixed,MSFT,2024-12-09,2024-12-10,executed,438.57404443,13.2,0.01,0.01,13.2,0.0,0.0
fixed,NVDA,2024-12-09,2024-12-10,executed,138.71687277,14.4,0.01,0.01,10.8,0.0,3.6
reserve_fixed,NVDA,2024-12-09,2024-12-10,executed,138.71687277,10.8,0.01,0.01,10.8,0.0,0.0
fixed,AAPL,2024-12-09,2024-12-10,executed,245.2337546,12.0,0.01,0.01,9.0,0.0,3.0
reserve_fixed,AAPL,2024-12-09,2024-12-10,executed,245.2337546,9.0,0.01,0.0,9.0,0.0,0.0
fixed,ASML,2024-12-09,2024-12-10,executed,706.79647162,8.0,0.01,0.0,6.0,0.0,2.0
reserve_fixed,ASML,2024-12-09,2024-12-10,executed,706.79647162,6.0,0.01,0.0,6.0,0.0,0.0
fixed,KO,2024-12-09,2024-12-10,executed,59.77260637,4.0,0.0,0.0,3.0,0.0,1.0
reserve_fixed,KO,2024-12-09,2024-12-10,executed,59.77260637,3.0,0.0,0.0,3.0,0.0,0.0
dca_l2_v2,BYDDY,2024-12-09,2024-12-10,executed,11.62437128,20.93,0.02,0.01,18.0,2.93,0.0
dca_l2_v2,MSFT,2024-12-09,2024-12-10,executed,438.57404443,13.2,0.01,0.01,13.2,0.0,0.0
dca_l2_v2,NVDA,2024-12-09,2024-12-10,executed,138.71687277,10.8,0.01,0.01,10.8,0.0,0.0
dca_l2_v2,AAPL,2024-12-09,2024-12-10,executed,245.2337546,9.0,0.01,0.0,9.0,0.0,0.0
dca_l2_v2,ASML,2024-12-09,2024-12-10,executed,706.79647162,7.41,0.01,0.0,6.0,1.41,0.0
dca_l2_v2,KO,2024-12-09,2024-12-10,executed,59.77260637,3.46,0.0,0.0,3.0,0.46,0.0
fixed,BYDDY,2024-12-16,2024-12-17,executed,11.20393617,24.0,0.02,0.01,18.0,0.0,6.0
reserve_fixed,BYDDY,2024-12-16,2024-12-17,executed,11.20393617,18.0,0.02,0.01,18.0,0.0,0.0
fixed,MSFT,2024-12-16,2024-12-17,executed,445.10733945,17.6,0.02,0.01,13.2,0.0,4.4
reserve_fixed,MSFT,2024-12-16,2024-12-17,executed,445.10733945,13.2,0.01,0.01,13.2,0.0,0.0
fixed,NVDA,2024-12-16,2024-12-17,executed,128.81779671,14.4,0.01,0.01,10.8,0.0,3.6
reserve_fixed,NVDA,2024-12-16,2024-12-17,executed,128.81779671,10.8,0.01,0.01,10.8,0.0,0.0
fixed,AAPL,2024-12-16,2024-12-17,executed,248.40240413,12.0,0.01,0.01,9.0,0.0,3.0
reserve_fixed,AAPL,2024-12-16,2024-12-17,executed,248.40240413,9.0,0.01,0.0,9.0,0.0,0.0
fixed,ASML,2024-12-16,2024-12-17,executed,729.85607066,8.0,0.01,0.0,6.0,0.0,2.0
reserve_fixed,ASML,2024-12-16,2024-12-17,executed,729.85607066,6.0,0.01,0.0,6.0,0.0,0.0
fixed,KO,2024-12-16,2024-12-17,executed,59.53427626,4.0,0.0,0.0,3.0,0.0,1.0
reserve_fixed,KO,2024-12-16,2024-12-17,executed,59.53427626,3.0,0.0,0.0,3.0,0.0,0.0
dca_l2_v2,BYDDY,2024-12-16,2024-12-17,executed,11.20393617,22.4,0.02,0.01,18.0,4.4,0.0
dca_l2_v2,MSFT,2024-12-16,2024-12-17,executed,445.10733945,13.2,0.01,0.01,13.2,0.0,0.0
dca_l2_v2,NVDA,2024-12-16,2024-12-17,executed,128.81779671,10.8,0.01,0.01,10.8,0.0,0.0
dca_l2_v2,AAPL,2024-12-16,2024-12-17,executed,248.40240413,9.0,0.01,0.0,9.0,0.0,0.0
dca_l2_v2,ASML,2024-12-16,2024-12-17,executed,729.85607066,7.27,0.01,0.0,6.0,1.27,0.0
dca_l2_v2,KO,2024-12-16,2024-12-17,executed,59.53427626,3.4,0.0,0.0,3.0,0.4,0.0
fixed,BYDDY,2024-12-23,2024-12-24,executed,11.58167094,24.0,0.02,0.01,18.0,0.0,6.0
reserve_fixed,BYDDY,2024-12-23,2024-12-24,executed,11.58167094,18.0,0.02,0.01,18.0,0.0,0.0
fixed,MSFT,2024-12-23,2024-12-24,executed,428.96149456,17.6,0.02,0.01,13.2,0.0,4.4
reserve_fixed,MSFT,2024-12-23,2024-12-24,executed,428.96149456,13.2,0.01,0.01,13.2,0.0,0.0
fixed,NVDA,2024-12-23,2024-12-24,executed,139.70479049,14.4,0.01,0.01,10.8,0.0,3.6
reserve_fixed,NVDA,2024-12-23,2024-12-24,executed,139.70479049,10.8,0.01,0.01,10.8,0.0,0.0
fixed,AAPL,2024-12-23,2024-12-24,executed,253.77609463,12.0,0.01,0.01,9.0,0.0,3.0
reserve_fixed,AAPL,2024-12-23,2024-12-24,executed,253.77609463,9.0,0.01,0.0,9.0,0.0,0.0
fixed,ASML,2024-12-23,2024-12-24,executed,706.56962826,8.0,0.01,0.0,6.0,0.0,2.0
reserve_fixed,ASML,2024-12-23,2024-12-24,executed,706.56962826,6.0,0.01,0.0,6.0,0.0,0.0
fixed,KO,2024-12-23,2024-12-24,executed,59.29595616,4.0,0.0,0.0,3.0,0.0,1.0
reserve_fixed,KO,2024-12-23,2024-12-24,executed,59.29595616,3.0,0.0,0.0,3.0,0.0,0.0
dca_l2_v2,BYDDY,2024-12-23,2024-12-24,executed,11.58167094,20.12,0.02,0.01,18.0,2.12,0.0
dca_l2_v2,MSFT,2024-12-23,2024-12-24,executed,428.96149456,13.2,0.01,0.01,13.2,0.0,0.0
dca_l2_v2,NVDA,2024-12-23,2024-12-24,executed,139.70479049,10.8,0.01,0.01,10.8,0.0,0.0
dca_l2_v2,AAPL,2024-12-23,2024-12-24,executed,253.77609463,9.0,0.01,0.0,9.0,0.0,0.0
dca_l2_v2,ASML,2024-12-23,2024-12-24,executed,706.56962826,7.29,0.01,0.0,6.0,1.29,0.0
dca_l2_v2,KO,2024-12-23,2024-12-24,executed,59.29595616,3.41,0.0,0.0,3.0,0.41,0.0
fixed,BYDDY,2024-12-30,2024-12-31,executed,11.16780511,24.0,0.02,0.01,18.0,0.0,6.0
reserve_fixed,BYDDY,2024-12-30,2024-12-31,executed,11.16780511,18.0,0.02,0.01,18.0,0.0,0.0
fixed,MSFT,2024-12-30,2024-12-31,executed,420.5233556,17.6,0.02,0.01,13.2,0.0,4.4
reserve_fixed,MSFT,2024-12-30,2024-12-31,executed,420.5233556,13.2,0.01,0.01,13.2,0.0,0.0
fixed,NVDA,2024-12-30,2024-12-31,executed,137.73895406,14.4,0.01,0.01,10.8,0.0,3.6
reserve_fixed,NVDA,2024-12-30,2024-12-31,executed,137.73895406,10.8,0.01,0.01,10.8,0.0,0.0
fixed,AAPL,2024-12-30,2024-12-31,executed,250.74654462,12.0,0.01,0.01,9.0,0.0,3.0
reserve_fixed,AAPL,2024-12-30,2024-12-31,executed,250.74654462,9.0,0.01,0.0,9.0,0.0,0.0
fixed,ASML,2024-12-30,2024-12-31,executed,691.77525077,8.0,0.01,0.0,6.0,0.0,2.0
reserve_fixed,ASML,2024-12-30,2024-12-31,executed,691.77525077,6.0,0.01,0.0,6.0,0.0,0.0
fixed,KO,2024-12-30,2024-12-31,executed,59.12435941,3.6,0.0,0.0,3.0,0.0,1.0
reserve_fixed,KO,2024-12-30,2024-12-31,executed,59.12435941,3.0,0.0,0.0,3.0,0.0,0.0
dca_l2_v2,BYDDY,2024-12-30,2024-12-31,executed,11.16780511,11.75,0.01,0.01,11.75,0.0,0.0
dca_l2_v2,MSFT,2024-12-30,2024-12-31,executed,420.5233556,8.62,0.01,0.0,8.62,0.0,0.0
dca_l2_v2,NVDA,2024-12-30,2024-12-31,executed,137.73895406,7.05,0.01,0.0,7.05,0.0,0.0
dca_l2_v2,AAPL,2024-12-30,2024-12-31,executed,250.74654462,5.87,0.01,0.0,5.87,0.0,0.0
dca_l2_v2,ASML,2024-12-30,2024-12-31,executed,691.77525077,3.92,0.0,0.0,3.92,0.0,0.0
dca_l2_v2,KO,2024-12-30,2024-12-31,executed,59.12435941,1.96,0.0,0.0,1.96,0.0,0.0
fixed,BYDDY,2025-01-06,2025-01-07,executed,11.06269758,30.0,0.03,0.01,22.5,0.0,7.5
reserve_fixed,BYDDY,2025-01-06,2025-01-07,executed,11.06269758,22.5,0.02,0.01,22.5,0.0,0.0
fixed,MSFT,2025-01-06,2025-01-07,executed,423.38540091,22.0,0.02,0.01,16.5,0.0,5.5
reserve_fixed,MSFT,2025-01-06,2025-01-07,executed,423.38540091,16.5,0.02,0.01,16.5,0.0,0.0
fixed,NVDA,2025-01-06,2025-01-07,executed,152.70730249,18.0,0.02,0.01,13.5,0.0,4.5
reserve_fixed,NVDA,2025-01-06,2025-01-07,executed,152.70730249,13.5,0.01,0.01,13.5,0.0,0.0
fixed,AAPL,2025-01-06,2025-01-07,executed,241.3500067,15.0,0.01,0.01,11.25,0.0,3.75
reserve_fixed,AAPL,2025-01-06,2025-01-07,executed,241.3500067,11.25,0.01,0.01,11.25,0.0,0.0
fixed,ASML,2025-01-06,2025-01-07,executed,764.3761921,10.0,0.01,0.01,7.5,0.0,2.5
reserve_fixed,ASML,2025-01-06,2025-01-07,executed,764.3761921,7.5,0.01,0.0,7.5,0.0,0.0
fixed,KO,2025-01-06,2025-01-07,executed,58.25684286,5.0,0.01,0.0,3.75,0.0,1.25
reserve_fixed,KO,2025-01-06,2025-01-07,executed,58.25684286,3.75,0.0,0.0,3.75,0.0,0.0
dca_l2_v2,BYDDY,2025-01-06,2025-01-07,executed,11.06269758,26.31,0.03,0.01,22.5,3.81,0.0
dca_l2_v2,MSFT,2025-01-06,2025-01-07,executed,423.38540091,16.85,0.02,0.01,16.5,0.35,0.0
dca_l2_v2,NVDA,2025-01-06,2025-01-07,executed,152.70730249,13.5,0.01,0.01,13.5,0.0,0.0
dca_l2_v2,AAPL,2025-01-06,2025-01-07,executed,241.3500067,11.37,0.01,0.01,11.25,0.12,0.0
dca_l2_v2,ASML,2025-01-06,2025-01-07,executed,764.3761921,7.5,0.01,0.0,7.5,0.0,0.0
dca_l2_v2,KO,2025-01-06,2025-01-07,executed,58.25684286,4.3,0.0,0.0,3.75,0.55,0.0
fixed,BYDDY,2025-01-13,2025-01-14,executed,10.76543603,30.0,0.03,0.01,22.5,0.0,7.5
reserve_fixed,BYDDY,2025-01-13,2025-01-14,executed,10.76543603,22.5,0.02,0.01,22.5,0.0,0.0
fixed,MSFT,2025-01-13,2025-01-14,executed,412.3418609,22.0,0.02,0.01,16.5,0.0,5.5
reserve_fixed,MSFT,2025-01-13,2025-01-14,executed,412.3418609,16.5,0.02,0.01,16.5,0.0,0.0
fixed,NVDA,2025-01-13,2025-01-14,executed,135.76311363,18.0,0.02,0.01,13.5,0.0,4.5
reserve_fixed,NVDA,2025-01-13,2025-01-14,executed,135.76311363,13.5,0.01,0.01,13.5,0.0,0.0
fixed,AAPL,2025-01-13,2025-01-14,executed,233.17522835,15.0,0.01,0.01,11.25,0.0,3.75
reserve_fixed,AAPL,2025-01-13,2025-01-14,executed,233.17522835,11.25,0.01,0.01,11.25,0.0,0.0
fixed,ASML,2025-01-13,2025-01-14,executed,727.42976612,10.0,0.01,0.01,7.5,0.0,2.5
reserve_fixed,ASML,2025-01-13,2025-01-14,executed,727.42976612,7.5,0.01,0.0,7.5,0.0,0.0
fixed,KO,2025-01-13,2025-01-14,executed,58.7811659,5.0,0.01,0.0,3.75,0.0,1.25
reserve_fixed,KO,2025-01-13,2025-01-14,executed,58.7811659,3.75,0.0,0.0,3.75,0.0,0.0
dca_l2_v2,BYDDY,2025-01-13,2025-01-14,executed,10.76543603,11.25,0.01,0.01,11.25,0.0,0.0
dca_l2_v2,MSFT,2025-01-13,2025-01-14,executed,412.3418609,8.25,0.01,0.0,8.25,0.0,0.0
dca_l2_v2,NVDA,2025-01-13,2025-01-14,executed,135.76311363,6.75,0.01,0.0,6.75,0.0,0.0
dca_l2_v2,AAPL,2025-01-13,2025-01-14,executed,233.17522835,5.63,0.01,0.0,5.63,0.0,0.0
dca_l2_v2,ASML,2025-01-13,2025-01-14,executed,727.42976612,3.75,0.0,0.0,3.75,0.0,0.0
dca_l2_v2,KO,2025-01-13,2025-01-14,executed,58.7811659,1.88,0.0,0.0,1.88,0.0,0.0
fixed,BYDDY,2025-01-17,2025-01-21,executed,11.58824122,30.0,0.03,0.01,22.5,0.0,7.5
reserve_fixed,BYDDY,2025-01-17,2025-01-21,executed,11.58824122,22.5,0.02,0.01,22.5,0.0,0.0
fixed,MSFT,2025-01-17,2025-01-21,executed,424.56973678,22.0,0.02,0.01,16.5,0.0,5.5
reserve_fixed,MSFT,2025-01-17,2025-01-21,executed,424.56973678,16.5,0.02,0.01,16.5,0.0,0.0
fixed,NVDA,2025-01-17,2025-01-21,executed,138.86656858,18.0,0.02,0.01,13.5,0.0,4.5
reserve_fixed,NVDA,2025-01-17,2025-01-21,executed,138.86656858,13.5,0.01,0.01,13.5,0.0,0.0
fixed,AAPL,2025-01-17,2025-01-21,executed,222.49733007,15.0,0.01,0.01,11.25,0.0,3.75
reserve_fixed,AAPL,2025-01-17,2025-01-21,executed,222.49733007,11.25,0.01,0.01,11.25,0.0,0.0
fixed,ASML,2025-01-17,2025-01-21,executed,752.54075534,10.0,0.01,0.01,7.5,0.0,2.5
reserve_fixed,ASML,2025-01-17,2025-01-21,executed,752.54075534,7.5,0.01,0.0,7.5,0.0,0.0
fixed,KO,2025-01-17,2025-01-21,executed,59.96327165,5.0,0.01,0.0,3.75,0.0,1.25
reserve_fixed,KO,2025-01-17,2025-01-21,executed,59.96327165,3.75,0.0,0.0,3.75,0.0,0.0
dca_l2_v2,BYDDY,2025-01-17,2025-01-21,executed,11.58824122,11.25,0.01,0.01,11.25,0.0,0.0
dca_l2_v2,MSFT,2025-01-17,2025-01-21,executed,424.56973678,8.25,0.01,0.0,8.25,0.0,0.0
dca_l2_v2,NVDA,2025-01-17,2025-01-21,executed,138.86656858,6.75,0.01,0.0,6.75,0.0,0.0
dca_l2_v2,AAPL,2025-01-17,2025-01-21,executed,222.49733007,5.63,0.01,0.0,5.63,0.0,0.0
dca_l2_v2,ASML,2025-01-17,2025-01-21,executed,752.54075534,3.75,0.0,0.0,3.75,0.0,0.0
dca_l2_v2,KO,2025-01-17,2025-01-21,executed,59.96327165,1.88,0.0,0.0,1.88,0.0,0.0
fixed,BYDDY,2025-01-27,2025-01-28,executed,11.54389806,30.0,0.03,0.01,22.5,0.0,7.5
reserve_fixed,BYDDY,2025-01-27,2025-01-28,executed,11.54389806,22.5,0.02,0.01,22.5,0.0,0.0
fixed,MSFT,2025-01-27,2025-01-28,executed,428.91216891,22.0,0.02,0.01,16.5,0.0,5.5
reserve_fixed,MSFT,2025-01-27,2025-01-28,executed,428.91216891,16.5,0.02,0.01,16.5,0.0,0.0
fixed,NVDA,2025-01-27,2025-01-28,executed,121.55313119,18.0,0.02,0.01,13.5,0.0,4.5
reserve_fixed,NVDA,2025-01-27,2025-01-28,executed,121.55313119,13.5,0.01,0.01,13.5,0.0,0.0
fixed,AAPL,2025-01-27,2025-01-28,executed,229.3014024,15.0,0.01,0.01,11.25,0.0,3.75
reserve_fixed,AAPL,2025-01-27,2025-01-28,executed,229.3014024,11.25,0.01,0.01,11.25,0.0,0.0
fixed,ASML,2025-01-27,2025-01-28,executed,669.49489816,10.0,0.01,0.01,7.5,0.0,2.5
reserve_fixed,ASML,2025-01-27,2025-01-28,executed,669.49489816,7.5,0.01,0.0,7.5,0.0,0.0
fixed,KO,2025-01-27,2025-01-28,executed,60.54478526,4.6,0.0,0.0,3.75,0.0,1.25
reserve_fixed,KO,2025-01-27,2025-01-28,executed,60.54478526,3.75,0.0,0.0,3.75,0.0,0.0
dca_l2_v2,BYDDY,2025-01-27,2025-01-28,executed,11.54389806,11.25,0.01,0.01,11.25,0.0,0.0
dca_l2_v2,MSFT,2025-01-27,2025-01-28,executed,428.91216891,8.25,0.01,0.0,8.25,0.0,0.0
dca_l2_v2,NVDA,2025-01-27,2025-01-28,executed,121.55313119,6.75,0.01,0.0,6.75,0.0,0.0
dca_l2_v2,AAPL,2025-01-27,2025-01-28,executed,229.3014024,5.63,0.01,0.0,5.63,0.0,0.0
dca_l2_v2,ASML,2025-01-27,2025-01-28,executed,669.49489816,3.75,0.0,0.0,3.75,0.0,0.0
dca_l2_v2,KO,2025-01-27,2025-01-28,executed,60.54478526,1.88,0.0,0.0,1.88,0.0,0.0
fixed,BYDDY,2025-02-03,2025-02-04,executed,11.9741861,30.0,0.03,0.01,22.5,0.0,7.5
reserve_fixed,BYDDY,2025-02-03,2025-02-04,executed,11.9741861,22.5,0.02,0.01,22.5,0.0,0.0
fixed,MSFT,2025-02-03,2025-02-04,executed,407.28888767,22.0,0.02,0.01,16.5,0.0,5.5
reserve_fixed,MSFT,2025-02-03,2025-02-04,executed,407.28888767,16.5,0.02,0.01,16.5,0.0,0.0
fixed,NVDA,2025-02-03,2025-02-04,executed,116.71336152,18.0,0.02,0.01,13.5,0.0,4.5
reserve_fixed,NVDA,2025-02-03,2025-02-04,executed,116.71336152,13.5,0.01,0.01,13.5,0.0,0.0
fixed,AAPL,2025-02-03,2025-02-04,executed,225.72553136,15.0,0.01,0.01,11.25,0.0,3.75
reserve_fixed,AAPL,2025-02-03,2025-02-04,executed,225.72553136,11.25,0.01,0.01,11.25,0.0,0.0
fixed,ASML,2025-02-03,2025-02-04,executed,726.79855967,10.0,0.01,0.01,7.5,0.0,2.5
reserve_fixed,ASML,2025-02-03,2025-02-04,executed,726.79855967,7.5,0.01,0.0,7.5,0.0,0.0
fixed,KO,2025-02-03,2025-02-04,executed,60.64011791,5.0,0.01,0.0,3.75,0.0,1.25
reserve_fixed,KO,2025-02-03,2025-02-04,executed,60.64011791,3.75,0.0,0.0,3.75,0.0,0.0
dca_l2_v2,BYDDY,2025-02-03,2025-02-04,executed,11.9741861,11.25,0.01,0.01,11.25,0.0,0.0
dca_l2_v2,MSFT,2025-02-03,2025-02-04,executed,407.28888767,8.25,0.01,0.0,8.25,0.0,0.0
dca_l2_v2,NVDA,2025-02-03,2025-02-04,executed,116.71336152,6.75,0.01,0.0,6.75,0.0,0.0
dca_l2_v2,AAPL,2025-02-03,2025-02-04,executed,225.72553136,5.63,0.01,0.0,5.63,0.0,0.0
dca_l2_v2,ASML,2025-02-03,2025-02-04,executed,726.79855967,3.75,0.0,0.0,3.75,0.0,0.0
dca_l2_v2,KO,2025-02-03,2025-02-04,executed,60.64011791,1.88,0.0,0.0,1.88,0.0,0.0
fixed,BYDDY,2025-02-10,2025-02-11,executed,13.95975639,30.0,0.03,0.01,22.5,0.0,7.5
reserve_fixed,BYDDY,2025-02-10,2025-02-11,executed,13.95975639,22.5,0.02,0.01,22.5,0.0,0.0
fixed,MSFT,2025-02-10,2025-02-11,executed,404.27882139,22.0,0.02,0.01,16.5,0.0,5.5
reserve_fixed,MSFT,2025-02-10,2025-02-11,executed,404.27882139,16.5,0.02,0.01,16.5,0.0,0.0
fixed,NVDA,2025-02-10,2025-02-11,executed,132.30045517,18.0,0.02,0.01,13.5,0.0,4.5
reserve_fixed,NVDA,2025-02-10,2025-02-11,executed,132.30045517,13.5,0.01,0.01,13.5,0.0,0.0
fixed,AAPL,2025-02-10,2025-02-11,executed,226.91836148,15.0,0.01,0.01,11.25,0.0,3.75
reserve_fixed,AAPL,2025-02-10,2025-02-11,executed,226.91836148,11.25,0.01,0.01,11.25,0.0,0.0
fixed,ASML,2025-02-10,2025-02-11,executed,736.0150206,10.0,0.01,0.01,7.5,0.0,2.5
reserve_fixed,ASML,2025-02-10,2025-02-11,executed,736.0150206,7.5,0.01,0.0,7.5,0.0,0.0
fixed,KO,2025-02-10,2025-02-11,executed,64.34850517,5.0,0.01,0.0,3.75,0.0,1.25
reserve_fixed,KO,2025-02-10,2025-02-11,executed,64.34850517,3.75,0.0,0.0,3.75,0.0,0.0
dca_l2_v2,BYDDY,2025-02-10,2025-02-11,executed,13.95975639,11.25,0.01,0.01,11.25,0.0,0.0
dca_l2_v2,MSFT,2025-02-10,2025-02-11,executed,404.27882139,8.25,0.01,0.0,8.25,0.0,0.0
dca_l2_v2,NVDA,2025-02-10,2025-02-11,executed,132.30045517,6.75,0.01,0.0,6.75,0.0,0.0
dca_l2_v2,AAPL,2025-02-10,2025-02-11,executed,226.91836148,5.63,0.01,0.0,5.63,0.0,0.0
dca_l2_v2,ASML,2025-02-10,2025-02-11,executed,736.0150206,3.75,0.0,0.0,3.75,0.0,0.0
dca_l2_v2,KO,2025-02-10,2025-02-11,executed,64.34850517,1.88,0.0,0.0,1.88,0.0,0.0
fixed,BYDDY,2025-02-14,2025-02-18,executed,15.39679055,30.0,0.03,0.01,22.5,0.0,7.5
reserve_fixed,BYDDY,2025-02-14,2025-02-18,executed,15.39679055,22.5,0.02,0.01,22.5,0.0,0.0
fixed,MSFT,2025-02-14,2025-02-18,executed,402.6602395,22.0,0.02,0.01,16.5,0.0,5.5
reserve_fixed,MSFT,2025-02-14,2025-02-18,executed,402.6602395,16.5,0.02,0.01,16.5,0.0,0.0
fixed,NVDA,2025-02-14,2025-02-18,executed,140.97211483,18.0,0.02,0.01,13.5,0.0,4.5
reserve_fixed,NVDA,2025-02-14,2025-02-18,executed,140.97211483,13.5,0.01,0.01,13.5,0.0,0.0
fixed,AAPL,2025-02-14,2025-02-18,executed,242.77880274,15.0,0.01,0.01,11.25,0.0,3.75
reserve_fixed,AAPL,2025-02-14,2025-02-18,executed,242.77880274,11.25,0.01,0.01,11.25,0.0,0.0
fixed,ASML,2025-02-14,2025-02-18,executed,748.63661924,10.0,0.01,0.01,7.5,0.0,2.5
reserve_fixed,ASML,2025-02-14,2025-02-18,executed,748.63661924,7.5,0.01,0.0,7.5,0.0,0.0
fixed,KO,2025-02-14,2025-02-18,executed,65.34949242,5.0,0.01,0.0,3.75,0.0,1.25
reserve_fixed,KO,2025-02-14,2025-02-18,executed,65.34949242,3.75,0.0,0.0,3.75,0.0,0.0
dca_l2_v2,BYDDY,2025-02-14,2025-02-18,executed,15.39679055,11.25,0.01,0.01,11.25,0.0,0.0
dca_l2_v2,MSFT,2025-02-14,2025-02-18,executed,402.6602395,8.25,0.01,0.0,8.25,0.0,0.0
dca_l2_v2,NVDA,2025-02-14,2025-02-18,executed,140.97211483,6.75,0.01,0.0,6.75,0.0,0.0
dca_l2_v2,AAPL,2025-02-14,2025-02-18,executed,242.77880274,5.63,0.01,0.0,5.63,0.0,0.0
dca_l2_v2,ASML,2025-02-14,2025-02-18,executed,748.63661924,3.75,0.0,0.0,3.75,0.0,0.0
dca_l2_v2,KO,2025-02-14,2025-02-18,executed,65.34949242,1.88,0.0,0.0,1.88,0.0,0.0
fixed,BYDDY,2025-02-24,2025-02-25,executed,16.43966472,30.0,0.03,0.01,22.5,0.0,7.5
reserve_fixed,BYDDY,2025-02-24,2025-02-25,executed,16.43966472,22.5,0.02,0.01,22.5,0.0,0.0
fixed,MSFT,2025-02-24,2025-02-25,executed,396.64427803,22.0,0.02,0.01,16.5,0.0,5.5
reserve_fixed,MSFT,2025-02-24,2025-02-25,executed,396.64427803,16.5,0.02,0.01,16.5,0.0,0.0
fixed,NVDA,2025-02-24,2025-02-25,executed,129.70591955,18.0,0.02,0.01,13.5,0.0,4.5
reserve_fixed,NVDA,2025-02-24,2025-02-25,executed,129.70591955,13.5,0.01,0.01,13.5,0.0,0.0
fixed,AAPL,2025-02-24,2025-02-25,executed,246.60719598,15.0,0.01,0.01,11.25,0.0,3.75
reserve_fixed,AAPL,2025-02-24,2025-02-25,executed,246.60719598,11.25,0.01,0.01,11.25,0.0,0.0
fixed,ASML,2025-02-24,2025-02-25,executed,723.68007721,10.0,0.01,0.01,7.5,0.0,2.5
reserve_fixed,ASML,2025-02-24,2025-02-25,executed,723.68007721,7.5,0.01,0.0,7.5,0.0,0.0
fixed,KO,2025-02-24,2025-02-25,executed,67.55163194,4.6,0.0,0.0,3.75,0.0,1.25
reserve_fixed,KO,2025-02-24,2025-02-25,executed,67.55163194,3.75,0.0,0.0,3.75,0.0,0.0
dca_l2_v2,BYDDY,2025-02-24,2025-02-25,executed,16.43966472,11.25,0.01,0.01,11.25,0.0,0.0
dca_l2_v2,MSFT,2025-02-24,2025-02-25,executed,396.64427803,8.25,0.01,0.0,8.25,0.0,0.0
dca_l2_v2,NVDA,2025-02-24,2025-02-25,executed,129.70591955,6.75,0.01,0.0,6.75,0.0,0.0
dca_l2_v2,AAPL,2025-02-24,2025-02-25,executed,246.60719598,5.63,0.01,0.0,5.63,0.0,0.0
dca_l2_v2,ASML,2025-02-24,2025-02-25,executed,723.68007721,3.75,0.0,0.0,3.75,0.0,0.0
dca_l2_v2,KO,2025-02-24,2025-02-25,executed,67.55163194,1.88,0.0,0.0,1.88,0.0,0.0
fixed,BYDDY,2025-03-03,2025-03-04,executed,14.03037668,30.0,0.03,0.01,22.5,0.0,7.5
reserve_fixed,BYDDY,2025-03-03,2025-03-04,executed,14.03037668,22.5,0.02,0.01,22.5,0.0,0.0
fixed,MSFT,2025-03-03,2025-03-04,executed,379.14088771,22.0,0.02,0.01,16.5,0.0,5.5
reserve_fixed,MSFT,2025-03-03,2025-03-04,executed,379.14088771,16.5,0.02,0.01,16.5,0.0,0.0
fixed,NVDA,2025-03-03,2025-03-04,executed,110.41667675,18.0,0.02,0.01,13.5,0.0,4.5
reserve_fixed,NVDA,2025-03-03,2025-03-04,executed,110.41667675,13.5,0.01,0.01,13.5,0.0,0.0
fixed,AAPL,2025-03-03,2025-03-04,executed,236.37496242,15.0,0.01,0.01,11.25,0.0,3.75
reserve_fixed,AAPL,2025-03-03,2025-03-04,executed,236.37496242,11.25,0.01,0.01,11.25,0.0,0.0
fixed,ASML,2025-03-03,2025-03-04,executed,690.1543067,10.0,0.01,0.01,7.5,0.0,2.5
reserve_fixed,ASML,2025-03-03,2025-03-04,executed,690.1543067,7.5,0.01,0.0,7.5,0.0,0.0
fixed,KO,2025-03-03,2025-03-04,executed,68.7051324,5.0,0.01,0.0,3.75,0.0,1.25
reserve_fixed,KO,2025-03-03,2025-03-04,executed,68.7051324,3.75,0.0,0.0,3.75,0.0,0.0
dca_l2_v2,BYDDY,2025-03-03,2025-03-04,executed,14.03037668,11.25,0.01,0.01,11.25,0.0,0.0
dca_l2_v2,MSFT,2025-03-03,2025-03-04,executed,379.14088771,8.25,0.01,0.0,8.25,0.0,0.0
dca_l2_v2,NVDA,2025-03-03,2025-03-04,executed,110.41667675,6.75,0.01,0.0,6.75,0.0,0.0
dca_l2_v2,AAPL,2025-03-03,2025-03-04,executed,236.37496242,5.63,0.01,0.0,5.63,0.0,0.0
dca_l2_v2,ASML,2025-03-03,2025-03-04,executed,690.1543067,3.75,0.0,0.0,3.75,0.0,0.0
dca_l2_v2,KO,2025-03-03,2025-03-04,executed,68.7051324,1.88,0.0,0.0,1.88,0.0,0.0
fixed,BYDDY,2025-03-10,2025-03-11,executed,14.93858056,30.0,0.03,0.01,22.5,0.0,7.5
reserve_fixed,BYDDY,2025-03-10,2025-03-11,executed,14.93858056,22.5,0.02,0.01,22.5,0.0,0.0
fixed,MSFT,2025-03-10,2025-03-11,executed,374.78981926,22.0,0.02,0.01,16.5,0.0,5.5
reserve_fixed,MSFT,2025-03-10,2025-03-11,executed,374.78981926,16.5,0.02,0.01,16.5,0.0,0.0
fixed,NVDA,2025-03-10,2025-03-11,executed,106.76439152,18.0,0.02,0.01,13.5,0.0,4.5
reserve_fixed,NVDA,2025-03-10,2025-03-11,executed,106.76439152,13.5,0.01,0.01,13.5,0.0,0.0
fixed,AAPL,2025-03-10,2025-03-11,executed,222.55304091,15.0,0.01,0.01,11.25,0.0,3.75
reserve_fixed,AAPL,2025-03-10,2025-03-11,executed,222.55304091,11.25,0.01,0.01,11.25,0.0,0.0
fixed,ASML,2025-03-10,2025-03-11,executed,690.69794638,10.0,0.01,0.01,7.5,0.0,2.5
reserve_fixed,ASML,2025-03-10,2025-03-11,executed,690.69794638,7.5,0.01,0.0,7.5,0.0,0.0
fixed,KO,2025-03-10,2025-03-11,executed,68.52399888,5.0,0.01,0.0,3.75,0.0,1.25
reserve_fixed,KO,2025-03-10,2025-03-11,executed,68.52399888,3.75,0.0,0.0,3.75,0.0,0.0
dca_l2_v2,BYDDY,2025-03-10,2025-03-11,executed,14.93858056,11.25,0.01,0.01,11.25,0.0,0.0
dca_l2_v2,MSFT,2025-03-10,2025-03-11,executed,374.78981926,8.25,0.01,0.0,8.25,0.0,0.0
dca_l2_v2,NVDA,2025-03-10,2025-03-11,executed,106.76439152,6.75,0.01,0.0,6.75,0.0,0.0
dca_l2_v2,AAPL,2025-03-10,2025-03-11,executed,222.55304091,5.63,0.01,0.0,5.63,0.0,0.0
dca_l2_v2,ASML,2025-03-10,2025-03-11,executed,690.69794638,3.75,0.0,0.0,3.75,0.0,0.0
dca_l2_v2,KO,2025-03-10,2025-03-11,executed,68.52399888,1.88,0.0,0.0,1.88,0.0,0.0
fixed,BYDDY,2025-03-17,2025-03-18,executed,17.25754346,30.0,0.03,0.01,22.5,0.0,7.5
reserve_fixed,BYDDY,2025-03-17,2025-03-18,executed,17.25754346,22.5,0.02,0.01,22.5,0.0,0.0
fixed,MSFT,2025-03-17,2025-03-18,executed,382.77018545,22.0,0.02,0.01,16.5,0.0,5.5
reserve_fixed,MSFT,2025-03-17,2025-03-18,executed,382.77018545,16.5,0.02,0.01,16.5,0.0,0.0
fixed,NVDA,2025-03-17,2025-03-18,executed,117.76201158,18.0,0.02,0.01,13.5,0.0,4.5
reserve_fixed,NVDA,2025-03-17,2025-03-18,executed,117.76201158,13.5,0.01,0.01,13.5,0.0,0.0
fixed,AAPL,2025-03-17,2025-03-18,executed,212.95724141,15.0,0.01,0.01,11.25,0.0,3.75
reserve_fixed,AAPL,2025-03-17,2025-03-18,executed,212.95724141,11.25,0.01,0.01,11.25,0.0,0.0
fixed,ASML,2025-03-17,2025-03-18,executed,721.41663205,10.0,0.01,0.01,7.5,0.0,2.5
reserve_fixed,ASML,2025-03-17,2025-03-18,executed,721.41663205,7.5,0.01,0.0,7.5,0.0,0.0
fixed,KO,2025-03-17,2025-03-18,executed,67.32986611,5.0,0.01,0.0,3.75,0.0,1.25
reserve_fixed,KO,2025-03-17,2025-03-18,executed,67.32986611,3.75,0.0,0.0,3.75,0.0,0.0
dca_l2_v2,BYDDY,2025-03-17,2025-03-18,executed,17.25754346,11.25,0.01,0.01,11.25,0.0,0.0
dca_l2_v2,MSFT,2025-03-17,2025-03-18,executed,382.77018545,8.25,0.01,0.0,8.25,0.0,0.0
dca_l2_v2,NVDA,2025-03-17,2025-03-18,executed,117.76201158,6.75,0.01,0.0,6.75,0.0,0.0
dca_l2_v2,AAPL,2025-03-17,2025-03-18,executed,212.95724141,5.63,0.01,0.0,5.63,0.0,0.0
dca_l2_v2,ASML,2025-03-17,2025-03-18,executed,721.41663205,3.75,0.0,0.0,3.75,0.0,0.0
dca_l2_v2,KO,2025-03-17,2025-03-18,executed,67.32986611,1.88,0.0,0.0,1.88,0.0,0.0
fixed,BYDDY,2025-03-24,2025-03-25,executed,16.70079623,30.0,0.03,0.01,22.5,0.0,7.5
reserve_fixed,BYDDY,2025-03-24,2025-03-25,executed,16.70079623,22.5,0.02,0.01,22.5,0.0,0.0
fixed,MSFT,2025-03-24,2025-03-25,executed,389.5440837,22.0,0.02,0.01,16.5,0.0,5.5
reserve_fixed,MSFT,2025-03-24,2025-03-25,executed,389.5440837,16.5,0.02,0.01,16.5,0.0,0.0
fixed,NVDA,2025-03-24,2025-03-25,executed,120.30687438,18.0,0.02,0.01,13.5,0.0,4.5
reserve_fixed,NVDA,2025-03-24,2025-03-25,executed,120.30687438,13.5,0.01,0.01,13.5,0.0,0.0
fixed,AAPL,2025-03-24,2025-03-25,executed,219.5301032,15.0,0.01,0.01,11.25,0.0,3.75
reserve_fixed,AAPL,2025-03-24,2025-03-25,executed,219.5301032,11.25,0.01,0.01,11.25,0.0,0.0
fixed,ASML,2025-03-24,2025-03-25,executed,723.551591,10.0,0.01,0.01,7.5,0.0,2.5
reserve_fixed,ASML,2025-03-24,2025-03-25,executed,723.551591,7.5,0.01,0.0,7.5,0.0,0.0
fixed,KO,2025-03-24,2025-03-25,executed,66.21586539,4.6,0.0,0.0,3.75,0.0,1.25
reserve_fixed,KO,2025-03-24,2025-03-25,executed,66.21586539,3.75,0.0,0.0,3.75,0.0,0.0
dca_l2_v2,BYDDY,2025-03-24,2025-03-25,executed,16.70079623,11.25,0.01,0.01,11.25,0.0,0.0
dca_l2_v2,MSFT,2025-03-24,2025-03-25,executed,389.5440837,8.25,0.01,0.0,8.25,0.0,0.0
dca_l2_v2,NVDA,2025-03-24,2025-03-25,executed,120.30687438,6.75,0.01,0.0,6.75,0.0,0.0
dca_l2_v2,AAPL,2025-03-24,2025-03-25,executed,219.5301032,5.63,0.01,0.0,5.63,0.0,0.0
dca_l2_v2,ASML,2025-03-24,2025-03-25,executed,723.551591,3.75,0.0,0.0,3.75,0.0,0.0
dca_l2_v2,KO,2025-03-24,2025-03-25,executed,66.21586539,1.88,0.0,0.0,1.88,0.0,0.0
fixed,BYDDY,2025-03-31,2025-04-01,executed,16.37068725,24.0,0.02,0.01,18.0,0.0,6.0
reserve_fixed,BYDDY,2025-03-31,2025-04-01,executed,16.37068725,18.0,0.02,0.01,18.0,0.0,0.0
fixed,MSFT,2025-03-31,2025-04-01,executed,370.48812249,17.6,0.02,0.01,13.2,0.0,4.4
reserve_fixed,MSFT,2025-03-31,2025-04-01,executed,370.48812249,13.2,0.01,0.01,13.2,0.0,0.0
fixed,NVDA,2025-03-31,2025-04-01,executed,108.30113651,14.4,0.01,0.01,10.8,0.0,3.6
reserve_fixed,NVDA,2025-03-31,2025-04-01,executed,108.30113651,10.8,0.01,0.01,10.8,0.0,0.0
fixed,AAPL,2025-03-31,2025-04-01,executed,218.57548313,12.0,0.01,0.01,9.0,0.0,3.0
reserve_fixed,AAPL,2025-03-31,2025-04-01,executed,218.57548313,9.0,0.01,0.0,9.0,0.0,0.0
fixed,ASML,2025-03-31,2025-04-01,executed,656.84589182,8.0,0.01,0.0,6.0,0.0,2.0
reserve_fixed,ASML,2025-03-31,2025-04-01,executed,656.84589182,6.0,0.01,0.0,6.0,0.0,0.0
fixed,KO,2025-03-31,2025-04-01,executed,68.83761261,4.0,0.0,0.0,3.0,0.0,1.0
reserve_fixed,KO,2025-03-31,2025-04-01,executed,68.83761261,3.0,0.0,0.0,3.0,0.0,0.0
dca_l2_v2,BYDDY,2025-03-31,2025-04-01,executed,16.37068725,9.0,0.01,0.0,9.0,0.0,0.0
dca_l2_v2,MSFT,2025-03-31,2025-04-01,executed,370.48812249,6.6,0.01,0.0,6.6,0.0,0.0
dca_l2_v2,NVDA,2025-03-31,2025-04-01,executed,108.30113651,5.4,0.01,0.0,5.4,0.0,0.0
dca_l2_v2,AAPL,2025-03-31,2025-04-01,executed,218.57548313,4.5,0.0,0.0,4.5,0.0,0.0
dca_l2_v2,ASML,2025-03-31,2025-04-01,executed,656.84589182,3.0,0.0,0.0,3.0,0.0,0.0
dca_l2_v2,KO,2025-03-31,2025-04-01,executed,68.83761261,1.5,0.0,0.0,1.5,0.0,0.0
fixed,BYDDY,2025-04-07,2025-04-08,executed,14.25044766,24.0,0.02,0.01,18.0,0.0,6.0
reserve_fixed,BYDDY,2025-04-07,2025-04-08,executed,14.25044766,18.0,0.02,0.01,18.0,0.0,0.0
fixed,MSFT,2025-04-07,2025-04-08,executed,364.16912156,17.6,0.02,0.01,13.2,0.0,4.4
reserve_fixed,MSFT,2025-04-07,2025-04-08,executed,364.16912156,13.2,0.01,0.01,13.2,0.0,0.0
fixed,NVDA,2025-04-07,2025-04-08,executed,103.60062342,14.4,0.01,0.01,10.8,0.0,3.6
reserve_fixed,NVDA,2025-04-07,2025-04-08,executed,103.60062342,10.8,0.01,0.01,10.8,0.0,0.0
fixed,AAPL,2025-04-07,2025-04-08,executed,185.65144933,12.0,0.01,0.01,9.0,0.0,3.0
reserve_fixed,AAPL,2025-04-07,2025-04-08,executed,185.65144933,9.0,0.01,0.0,9.0,0.0,0.0
fixed,ASML,2025-04-07,2025-04-08,executed,624.67432407,8.0,0.01,0.0,6.0,0.0,2.0
reserve_fixed,ASML,2025-04-07,2025-04-08,executed,624.67432407,6.0,0.01,0.0,6.0,0.0,0.0
fixed,KO,2025-04-07,2025-04-08,executed,66.22546619,4.0,0.0,0.0,3.0,0.0,1.0
reserve_fixed,KO,2025-04-07,2025-04-08,executed,66.22546619,3.0,0.0,0.0,3.0,0.0,0.0
dca_l2_v2,BYDDY,2025-04-07,2025-04-08,executed,14.25044766,9.0,0.01,0.0,9.0,0.0,0.0
dca_l2_v2,MSFT,2025-04-07,2025-04-08,executed,364.16912156,6.6,0.01,0.0,6.6,0.0,0.0
dca_l2_v2,NVDA,2025-04-07,2025-04-08,executed,103.60062342,5.4,0.01,0.0,5.4,0.0,0.0
dca_l2_v2,AAPL,2025-04-07,2025-04-08,executed,185.65144933,4.5,0.0,0.0,4.5,0.0,0.0
dca_l2_v2,ASML,2025-04-07,2025-04-08,executed,624.67432407,3.0,0.0,0.0,3.0,0.0,0.0
dca_l2_v2,KO,2025-04-07,2025-04-08,executed,66.22546619,1.5,0.0,0.0,1.5,0.0,0.0
fixed,BYDDY,2025-04-14,2025-04-15,executed,16.07835616,24.0,0.02,0.01,18.0,0.0,6.0
reserve_fixed,BYDDY,2025-04-14,2025-04-15,executed,16.07835616,18.0,0.02,0.01,18.0,0.0,0.0
fixed,MSFT,2025-04-14,2025-04-15,executed,384.1942001,17.6,0.02,0.01,13.2,0.0,4.4
reserve_fixed,MSFT,2025-04-14,2025-04-15,executed,384.1942001,13.2,0.01,0.01,13.2,0.0,0.0
fixed,NVDA,2025-04-14,2025-04-15,executed,110.74619142,14.4,0.01,0.01,10.8,0.0,3.6
reserve_fixed,NVDA,2025-04-14,2025-04-15,executed,110.74619142,10.8,0.01,0.01,10.8,0.0,0.0
fixed,AAPL,2025-04-14,2025-04-15,executed,200.72629199,12.0,0.01,0.01,9.0,0.0,3.0
reserve_fixed,AAPL,2025-04-14,2025-04-15,executed,200.72629199,9.0,0.01,0.0,9.0,0.0,0.0
fixed,ASML,2025-04-14,2025-04-15,executed,671.48379111,8.0,0.01,0.0,6.0,0.0,2.0
reserve_fixed,ASML,2025-04-14,2025-04-15,executed,671.48379111,6.0,0.01,0.0,6.0,0.0,0.0
fixed,KO,2025-04-14,2025-04-15,executed,69.74034375,4.0,0.0,0.0,3.0,0.0,1.0
reserve_fixed,KO,2025-04-14,2025-04-15,executed,69.74034375,3.0,0.0,0.0,3.0,0.0,0.0
dca_l2_v2,BYDDY,2025-04-14,2025-04-15,executed,16.07835616,9.0,0.01,0.0,9.0,0.0,0.0
dca_l2_v2,MSFT,2025-04-14,2025-04-15,executed,384.1942001,6.6,0.01,0.0,6.6,0.0,0.0
dca_l2_v2,NVDA,2025-04-14,2025-04-15,executed,110.74619142,5.4,0.01,0.0,5.4,0.0,0.0
dca_l2_v2,AAPL,2025-04-14,2025-04-15,executed,200.72629199,4.5,0.0,0.0,4.5,0.0,0.0
dca_l2_v2,ASML,2025-04-14,2025-04-15,executed,671.48379111,3.0,0.0,0.0,3.0,0.0,0.0
dca_l2_v2,KO,2025-04-14,2025-04-15,executed,69.74034375,1.5,0.0,0.0,1.5,0.0,0.0
fixed,BYDDY,2025-04-21,2025-04-22,executed,15.81558284,24.0,0.02,0.01,18.0,0.0,6.0
reserve_fixed,BYDDY,2025-04-21,2025-04-22,executed,15.81558284,18.0,0.02,0.01,18.0,0.0,0.0
fixed,MSFT,2025-04-21,2025-04-22,executed,359.34333588,17.6,0.02,0.01,13.2,0.0,4.4
reserve_fixed,MSFT,2025-04-21,2025-04-22,executed,359.34333588,13.2,0.01,0.01,13.2,0.0,0.0
fixed,NVDA,2025-04-21,2025-04-22,executed,98.58076975,14.4,0.01,0.01,10.8,0.0,3.6
reserve_fixed,NVDA,2025-04-21,2025-04-22,executed,98.58076975,10.8,0.01,0.01,10.8,0.0,0.0
fixed,AAPL,2025-04-21,2025-04-22,executed,195.01853154,12.0,0.01,0.01,9.0,0.0,3.0
reserve_fixed,AAPL,2025-04-21,2025-04-22,executed,195.01853154,9.0,0.01,0.0,9.0,0.0,0.0
fixed,ASML,2025-04-21,2025-04-22,executed,631.38536992,8.0,0.01,0.0,6.0,0.0,2.0
reserve_fixed,ASML,2025-04-21,2025-04-22,executed,631.38536992,6.0,0.01,0.0,6.0,0.0,0.0
fixed,KO,2025-04-21,2025-04-22,executed,70.10525911,4.0,0.0,0.0,3.0,0.0,1.0
reserve_fixed,KO,2025-04-21,2025-04-22,executed,70.10525911,3.0,0.0,0.0,3.0,0.0,0.0
dca_l2_v2,BYDDY,2025-04-21,2025-04-22,executed,15.81558284,9.0,0.01,0.0,9.0,0.0,0.0
dca_l2_v2,MSFT,2025-04-21,2025-04-22,executed,359.34333588,6.6,0.01,0.0,6.6,0.0,0.0
dca_l2_v2,NVDA,2025-04-21,2025-04-22,executed,98.58076975,5.4,0.01,0.0,5.4,0.0,0.0
dca_l2_v2,AAPL,2025-04-21,2025-04-22,executed,195.01853154,4.5,0.0,0.0,4.5,0.0,0.0
dca_l2_v2,ASML,2025-04-21,2025-04-22,executed,631.38536992,3.0,0.0,0.0,3.0,0.0,0.0
dca_l2_v2,KO,2025-04-21,2025-04-22,executed,70.10525911,1.5,0.0,0.0,1.5,0.0,0.0
fixed,BYDDY,2025-04-28,2025-04-29,executed,15.79915863,24.0,0.02,0.01,18.0,0.0,6.0
reserve_fixed,BYDDY,2025-04-28,2025-04-29,executed,15.79915863,18.0,0.02,0.01,18.0,0.0,0.0
fixed,MSFT,2025-04-28,2025-04-29,executed,386.95316889,17.6,0.02,0.01,13.2,0.0,4.4
reserve_fixed,MSFT,2025-04-28,2025-04-29,executed,386.95316889,13.2,0.01,0.01,13.2,0.0,0.0
fixed,NVDA,2025-04-28,2025-04-29,executed,107.45284757,14.4,0.01,0.01,10.8,0.0,3.6
reserve_fixed,NVDA,2025-04-28,2025-04-29,executed,107.45284757,10.8,0.01,0.01,10.8,0.0,0.0
fixed,AAPL,2025-04-28,2025-04-29,executed,207.51794712,12.0,0.01,0.01,9.0,0.0,3.0
reserve_fixed,AAPL,2025-04-28,2025-04-29,executed,207.51794712,9.0,0.01,0.0,9.0,0.0,0.0
fixed,ASML,2025-04-28,2025-04-29,executed,659.91128475,8.0,0.01,0.0,6.0,0.0,2.0
reserve_fixed,ASML,2025-04-28,2025-04-29,executed,659.91128475,6.0,0.01,0.0,6.0,0.0,0.0
fixed,KO,2025-04-28,2025-04-29,executed,68.36703744,3.6,0.0,0.0,3.0,0.0,1.0
reserve_fixed,KO,2025-04-28,2025-04-29,executed,68.36703744,3.0,0.0,0.0,3.0,0.0,0.0
dca_l2_v2,BYDDY,2025-04-28,2025-04-29,executed,15.79915863,9.0,0.01,0.0,9.0,0.0,0.0
dca_l2_v2,MSFT,2025-04-28,2025-04-29,executed,386.95316889,6.6,0.01,0.0,6.6,0.0,0.0
dca_l2_v2,NVDA,2025-04-28,2025-04-29,executed,107.45284757,5.4,0.01,0.0,5.4,0.0,0.0
dca_l2_v2,AAPL,2025-04-28,2025-04-29,executed,207.51794712,4.5,0.0,0.0,4.5,0.0,0.0
dca_l2_v2,ASML,2025-04-28,2025-04-29,executed,659.91128475,3.0,0.0,0.0,3.0,0.0,0.0
dca_l2_v2,KO,2025-04-28,2025-04-29,executed,68.36703744,1.5,0.0,0.0,1.5,0.0,0.0
fixed,BYDDY,2025-05-05,2025-05-06,executed,16.45444611,30.0,0.03,0.01,22.5,0.0,7.5
reserve_fixed,BYDDY,2025-05-05,2025-05-06,executed,16.45444611,22.5,0.02,0.01,22.5,0.0,0.0
fixed,MSFT,2025-05-05,2025-05-06,executed,427.39883462,22.0,0.02,0.01,16.5,0.0,5.5
reserve_fixed,MSFT,2025-05-05,2025-05-06,executed,427.39883462,16.5,0.02,0.01,16.5,0.0,0.0
fixed,NVDA,2025-05-05,2025-05-06,executed,111.25517079,18.0,0.02,0.01,13.5,0.0,4.5
reserve_fixed,NVDA,2025-05-05,2025-05-06,executed,111.25517079,13.5,0.01,0.01,13.5,0.0,0.0
fixed,AAPL,2025-05-05,2025-05-06,executed,197.09682316,15.0,0.01,0.01,11.25,0.0,3.75
reserve_fixed,AAPL,2025-05-05,2025-05-06,executed,197.09682316,11.25,0.01,0.01,11.25,0.0,0.0
fixed,ASML,2025-05-05,2025-05-06,executed,670.51960726,10.0,0.01,0.01,7.5,0.0,2.5
reserve_fixed,ASML,2025-05-05,2025-05-06,executed,670.51960726,7.5,0.01,0.0,7.5,0.0,0.0
fixed,KO,2025-05-05,2025-05-06,executed,68.8375966,5.0,0.01,0.0,3.75,0.0,1.25
reserve_fixed,KO,2025-05-05,2025-05-06,executed,68.8375966,3.75,0.0,0.0,3.75,0.0,0.0
dca_l2_v2,BYDDY,2025-05-05,2025-05-06,executed,16.45444611,11.25,0.01,0.01,11.25,0.0,0.0
dca_l2_v2,MSFT,2025-05-05,2025-05-06,executed,427.39883462,8.25,0.01,0.0,8.25,0.0,0.0
dca_l2_v2,NVDA,2025-05-05,2025-05-06,executed,111.25517079,6.75,0.01,0.0,6.75,0.0,0.0
dca_l2_v2,AAPL,2025-05-05,2025-05-06,executed,197.09682316,5.63,0.01,0.0,5.63,0.0,0.0
dca_l2_v2,ASML,2025-05-05,2025-05-06,executed,670.51960726,3.75,0.0,0.0,3.75,0.0,0.0
dca_l2_v2,KO,2025-05-05,2025-05-06,executed,68.8375966,1.88,0.0,0.0,1.88,0.0,0.0
fixed,BYDDY,2025-05-12,2025-05-13,executed,16.76813088,30.0,0.03,0.01,22.5,0.0,7.5
reserve_fixed,BYDDY,2025-05-12,2025-05-13,executed,16.76813088,22.5,0.02,0.01,22.5,0.0,0.0
fixed,MSFT,2025-05-12,2025-05-13,executed,442.80576724,22.0,0.02,0.01,16.5,0.0,5.5
reserve_fixed,MSFT,2025-05-12,2025-05-13,executed,442.80576724,16.5,0.02,0.01,16.5,0.0,0.0
fixed,NVDA,2025-05-12,2025-05-13,executed,124.72794481,18.0,0.02,0.01,13.5,0.0,4.5
reserve_fixed,NVDA,2025-05-12,2025-05-13,executed,124.72794481,13.5,0.01,0.01,13.5,0.0,0.0
fixed,AAPL,2025-05-12,2025-05-13,executed,209.52255592,15.0,0.01,0.01,11.25,0.0,3.75
reserve_fixed,AAPL,2025-05-12,2025-05-13,executed,209.52255592,11.25,0.01,0.01,11.25,0.0,0.0
fixed,ASML,2025-05-12,2025-05-13,executed,738.87932804,10.0,0.01,0.01,7.5,0.0,2.5
reserve_fixed,ASML,2025-05-12,2025-05-13,executed,738.87932804,7.5,0.01,0.0,7.5,0.0,0.0
fixed,KO,2025-05-12,2025-05-13,executed,66.83047954,5.0,0.01,0.0,3.75,0.0,1.25
reserve_fixed,KO,2025-05-12,2025-05-13,executed,66.83047954,3.75,0.0,0.0,3.75,0.0,0.0
dca_l2_v2,BYDDY,2025-05-12,2025-05-13,executed,16.76813088,22.5,0.02,0.01,22.5,0.0,0.0
dca_l2_v2,MSFT,2025-05-12,2025-05-13,executed,442.80576724,16.5,0.02,0.01,16.5,0.0,0.0
dca_l2_v2,NVDA,2025-05-12,2025-05-13,executed,124.72794481,13.5,0.01,0.01,13.5,0.0,0.0
dca_l2_v2,AAPL,2025-05-12,2025-05-13,executed,209.52255592,13.04,0.01,0.01,11.25,1.79,0.0
dca_l2_v2,ASML,2025-05-12,2025-05-13,executed,738.87932804,7.5,0.01,0.0,7.5,0.0,0.0
dca_l2_v2,KO,2025-05-12,2025-05-13,executed,66.83047954,3.84,0.0,0.0,3.75,0.09,0.0
fixed,BYDDY,2025-05-19,2025-05-20,executed,18.78490476,30.0,0.03,0.01,22.5,0.0,7.5
reserve_fixed,BYDDY,2025-05-19,2025-05-20,executed,18.78490476,22.5,0.02,0.01,22.5,0.0,0.0
fixed,MSFT,2025-05-19,2025-05-20,executed,451.35610527,22.0,0.02,0.01,16.5,0.0,5.5
reserve_fixed,MSFT,2025-05-19,2025-05-20,executed,451.35610527,16.5,0.02,0.01,16.5,0.0,0.0
fixed,NVDA,2025-05-19,2025-05-20,executed,134.01913708,18.0,0.02,0.01,13.5,0.0,4.5
reserve_fixed,NVDA,2025-05-19,2025-05-20,executed,134.01913708,13.5,0.01,0.01,13.5,0.0,0.0
fixed,AAPL,2025-05-19,2025-05-20,executed,206.77447357,15.0,0.01,0.01,11.25,0.0,3.75
reserve_fixed,AAPL,2025-05-19,2025-05-20,executed,206.77447357,11.25,0.01,0.01,11.25,0.0,0.0
fixed,ASML,2025-05-19,2025-05-20,executed,739.24617637,10.0,0.01,0.01,7.5,0.0,2.5
reserve_fixed,ASML,2025-05-19,2025-05-20,executed,739.24617637,7.5,0.01,0.0,7.5,0.0,0.0
fixed,KO,2025-05-19,2025-05-20,executed,68.9528582,5.0,0.01,0.0,3.75,0.0,1.25
reserve_fixed,KO,2025-05-19,2025-05-20,executed,68.9528582,3.75,0.0,0.0,3.75,0.0,0.0
dca_l2_v2,BYDDY,2025-05-19,2025-05-20,executed,18.78490476,22.5,0.02,0.01,22.5,0.0,0.0
dca_l2_v2,MSFT,2025-05-19,2025-05-20,executed,451.35610527,16.5,0.02,0.01,16.5,0.0,0.0
dca_l2_v2,NVDA,2025-05-19,2025-05-20,executed,134.01913708,13.5,0.01,0.01,13.5,0.0,0.0
dca_l2_v2,AAPL,2025-05-19,2025-05-20,executed,206.77447357,13.02,0.01,0.01,11.25,1.77,0.0
dca_l2_v2,ASML,2025-05-19,2025-05-20,executed,739.24617637,7.5,0.01,0.0,7.5,0.0,0.0
dca_l2_v2,KO,2025-05-19,2025-05-20,executed,68.9528582,3.75,0.0,0.0,3.75,0.0,0.0
fixed,BYDDY,2025-05-23,2025-05-27,executed,17.60407264,30.0,0.03,0.01,22.5,0.0,7.5
reserve_fixed,BYDDY,2025-05-23,2025-05-27,executed,17.60407264,22.5,0.02,0.01,22.5,0.0,0.0
fixed,MSFT,2025-05-23,2025-05-27,executed,452.2377959,22.0,0.02,0.01,16.5,0.0,5.5
reserve_fixed,MSFT,2025-05-23,2025-05-27,executed,452.2377959,16.5,0.02,0.01,16.5,0.0,0.0
fixed,NVDA,2025-05-23,2025-05-27,executed,133.87943026,18.0,0.02,0.01,13.5,0.0,4.5
reserve_fixed,NVDA,2025-05-23,2025-05-27,executed,133.87943026,13.5,0.01,0.01,13.5,0.0,0.0
fixed,AAPL,2025-05-23,2025-05-27,executed,197.4448661,15.0,0.01,0.01,11.25,0.0,3.75
reserve_fixed,AAPL,2025-05-23,2025-05-27,executed,197.4448661,11.25,0.01,0.01,11.25,0.0,0.0
fixed,ASML,2025-05-23,2025-05-27,executed,744.93699736,10.0,0.01,0.01,7.5,0.0,2.5
reserve_fixed,ASML,2025-05-23,2025-05-27,executed,744.93699736,7.5,0.01,0.0,7.5,0.0,0.0
fixed,KO,2025-05-23,2025-05-27,executed,68.89522039,4.6,0.0,0.0,3.75,0.0,1.25
reserve_fixed,KO,2025-05-23,2025-05-27,executed,68.89522039,3.75,0.0,0.0,3.75,0.0,0.0
dca_l2_v2,BYDDY,2025-05-23,2025-05-27,executed,17.60407264,22.5,0.02,0.01,22.5,0.0,0.0
dca_l2_v2,MSFT,2025-05-23,2025-05-27,executed,452.2377959,16.5,0.02,0.01,16.5,0.0,0.0
dca_l2_v2,NVDA,2025-05-23,2025-05-27,executed,133.87943026,13.5,0.01,0.01,13.5,0.0,0.0
dca_l2_v2,AAPL,2025-05-23,2025-05-27,executed,197.4448661,13.03,0.01,0.01,11.25,1.78,0.0
dca_l2_v2,ASML,2025-05-23,2025-05-27,executed,744.93699736,7.5,0.01,0.0,7.5,0.0,0.0
dca_l2_v2,KO,2025-05-23,2025-05-27,executed,68.89522039,3.75,0.0,0.0,3.75,0.0,0.0
fixed,BYDDY,2025-06-02,2025-06-03,executed,16.93564859,30.0,0.03,0.01,22.5,0.0,7.5
reserve_fixed,BYDDY,2025-06-02,2025-06-03,executed,16.93564859,22.5,0.02,0.01,22.5,0.0,0.0
fixed,MSFT,2025-06-02,2025-06-03,executed,457.18145249,22.0,0.02,0.01,16.5,0.0,5.5
reserve_fixed,MSFT,2025-06-02,2025-06-03,executed,457.18145249,16.5,0.02,0.01,16.5,0.0,0.0
fixed,NVDA,2025-06-02,2025-06-03,executed,138.50008243,18.0,0.02,0.01,13.5,0.0,4.5
reserve_fixed,NVDA,2025-06-02,2025-06-03,executed,138.50008243,13.5,0.01,0.01,13.5,0.0,0.0
fixed,AAPL,2025-06-02,2025-06-03,executed,200.48172477,15.0,0.01,0.01,11.25,0.0,3.75
reserve_fixed,AAPL,2025-06-02,2025-06-03,executed,200.48172477,11.25,0.01,0.01,11.25,0.0,0.0
fixed,ASML,2025-06-02,2025-06-03,executed,726.38718509,10.0,0.01,0.01,7.5,0.0,2.5
reserve_fixed,ASML,2025-06-02,2025-06-03,executed,726.38718509,7.5,0.01,0.0,7.5,0.0,0.0
fixed,KO,2025-06-02,2025-06-03,executed,68.86643101,5.0,0.01,0.0,3.75,0.0,1.25
reserve_fixed,KO,2025-06-02,2025-06-03,executed,68.86643101,3.75,0.0,0.0,3.75,0.0,0.0
dca_l2_v2,BYDDY,2025-06-02,2025-06-03,executed,16.93564859,27.03,0.03,0.01,22.5,4.53,0.0
dca_l2_v2,MSFT,2025-06-02,2025-06-03,executed,457.18145249,16.5,0.02,0.01,16.5,0.0,0.0
dca_l2_v2,NVDA,2025-06-02,2025-06-03,executed,138.50008243,13.5,0.01,0.01,13.5,0.0,0.0
dca_l2_v2,AAPL,2025-06-02,2025-06-03,executed,200.48172477,12.6,0.01,0.01,11.25,1.35,0.0
dca_l2_v2,ASML,2025-06-02,2025-06-03,executed,726.38718509,7.5,0.01,0.0,7.5,0.0,0.0
dca_l2_v2,KO,2025-06-02,2025-06-03,executed,68.86643101,3.75,0.0,0.0,3.75,0.0,0.0
fixed,BYDDY,2025-06-09,2025-06-10,executed,17.25754146,30.0,0.03,0.01,22.5,0.0,7.5
reserve_fixed,BYDDY,2025-06-09,2025-06-10,executed,17.25754146,22.5,0.02,0.01,22.5,0.0,0.0
fixed,MSFT,2025-06-09,2025-06-10,executed,466.81112092,22.0,0.02,0.01,16.5,0.0,5.5
reserve_fixed,MSFT,2025-06-09,2025-06-10,executed,466.81112092,16.5,0.02,0.01,16.5,0.0,0.0
fixed,NVDA,2025-06-09,2025-06-10,executed,142.40221052,18.0,0.02,0.01,13.5,0.0,4.5
reserve_fixed,NVDA,2025-06-09,2025-06-10,executed,142.40221052,13.5,0.01,0.01,13.5,0.0,0.0
fixed,AAPL,2025-06-09,2025-06-10,executed,199.73497258,15.0,0.01,0.01,11.25,0.0,3.75
reserve_fixed,AAPL,2025-06-09,2025-06-10,executed,199.73497258,11.25,0.01,0.01,11.25,0.0,0.0
fixed,ASML,2025-06-09,2025-06-10,executed,772.43946772,10.0,0.01,0.01,7.5,0.0,2.5
reserve_fixed,ASML,2025-06-09,2025-06-10,executed,772.43946772,7.5,0.01,0.0,7.5,0.0,0.0
fixed,KO,2025-06-09,2025-06-10,executed,69.04888219,5.0,0.01,0.0,3.75,0.0,1.25
reserve_fixed,KO,2025-06-09,2025-06-10,executed,69.04888219,3.75,0.0,0.0,3.75,0.0,0.0
dca_l2_v2,BYDDY,2025-06-09,2025-06-10,executed,17.25754146,26.6,0.03,0.01,22.5,4.1,0.0
dca_l2_v2,MSFT,2025-06-09,2025-06-10,executed,466.81112092,16.5,0.02,0.01,16.5,0.0,0.0
dca_l2_v2,NVDA,2025-06-09,2025-06-10,executed,142.40221052,13.5,0.01,0.01,13.5,0.0,0.0
dca_l2_v2,AAPL,2025-06-09,2025-06-10,executed,199.73497258,12.63,0.01,0.01,11.25,1.38,0.0
dca_l2_v2,ASML,2025-06-09,2025-06-10,executed,772.43946772,7.5,0.01,0.0,7.5,0.0,0.0
dca_l2_v2,KO,2025-06-09,2025-06-10,executed,69.04888219,3.75,0.0,0.0,3.75,0.0,0.0
fixed,BYDDY,2025-06-16,2025-06-17,executed,16.5880909,30.0,0.03,0.01,22.5,0.0,7.5
reserve_fixed,BYDDY,2025-06-16,2025-06-17,executed,16.5880909,22.5,0.02,0.01,22.5,0.0,0.0
fixed,MSFT,2025-06-16,2025-06-17,executed,470.9819793,22.0,0.02,0.01,16.5,0.0,5.5
reserve_fixed,MSFT,2025-06-16,2025-06-17,executed,470.9819793,16.5,0.02,0.01,16.5,0.0,0.0
fixed,NVDA,2025-06-16,2025-06-17,executed,144.20858326,18.0,0.02,0.01,13.5,0.0,4.5
reserve_fixed,NVDA,2025-06-16,2025-06-17,executed,144.20858326,13.5,0.01,0.01,13.5,0.0,0.0
fixed,AAPL,2025-06-16,2025-06-17,executed,196.34962475,15.0,0.01,0.01,11.25,0.0,3.75
reserve_fixed,AAPL,2025-06-16,2025-06-17,executed,196.34962475,11.25,0.01,0.01,11.25,0.0,0.0
fixed,ASML,2025-06-16,2025-06-17,executed,760.21506858,10.0,0.01,0.01,7.5,0.0,2.5
reserve_fixed,ASML,2025-06-16,2025-06-17,executed,760.21506858,7.5,0.01,0.0,7.5,0.0,0.0
fixed,KO,2025-06-16,2025-06-17,executed,68.06970784,5.0,0.01,0.0,3.75,0.0,1.25
reserve_fixed,KO,2025-06-16,2025-06-17,executed,68.06970784,3.75,0.0,0.0,3.75,0.0,0.0
dca_l2_v2,BYDDY,2025-06-16,2025-06-17,executed,16.5880909,26.55,0.03,0.01,22.5,4.05,0.0
dca_l2_v2,MSFT,2025-06-16,2025-06-17,executed,470.9819793,16.5,0.02,0.01,16.5,0.0,0.0
dca_l2_v2,NVDA,2025-06-16,2025-06-17,executed,144.20858326,13.5,0.01,0.01,13.5,0.0,0.0
dca_l2_v2,AAPL,2025-06-16,2025-06-17,executed,196.34962475,12.83,0.01,0.01,11.25,1.58,0.0
dca_l2_v2,ASML,2025-06-16,2025-06-17,executed,760.21506858,7.5,0.01,0.0,7.5,0.0,0.0
dca_l2_v2,KO,2025-06-16,2025-06-17,executed,68.06970784,3.75,0.0,0.0,3.75,0.0,0.0
fixed,BYDDY,2025-06-23,2025-06-24,executed,16.51673524,30.0,0.03,0.01,22.5,0.0,7.5
reserve_fixed,BYDDY,2025-06-23,2025-06-24,executed,16.51673524,22.5,0.02,0.01,22.5,0.0,0.0
fixed,MSFT,2025-06-23,2025-06-24,executed,484.40605499,22.0,0.02,0.01,16.5,0.0,5.5
reserve_fixed,MSFT,2025-06-23,2025-06-24,executed,484.40605499,16.5,0.02,0.01,16.5,0.0,0.0
fixed,NVDA,2025-06-23,2025-06-24,executed,145.27649295,18.0,0.02,0.01,13.5,0.0,4.5
reserve_fixed,NVDA,2025-06-23,2025-06-24,executed,145.27649295,13.5,0.01,0.01,13.5,0.0,0.0
fixed,AAPL,2025-06-23,2025-06-24,executed,201.71637979,15.0,0.01,0.01,11.25,0.0,3.75
reserve_fixed,AAPL,2025-06-23,2025-06-24,executed,201.71637979,11.25,0.01,0.01,11.25,0.0,0.0
fixed,ASML,2025-06-23,2025-06-24,executed,779.37958805,10.0,0.01,0.01,7.5,0.0,2.5
reserve_fixed,ASML,2025-06-23,2025-06-24,executed,779.37958805,7.5,0.01,0.0,7.5,0.0,0.0
fixed,KO,2025-06-23,2025-06-24,executed,67.64416318,4.6,0.0,0.0,3.75,0.0,1.25
reserve_fixed,KO,2025-06-23,2025-06-24,executed,67.64416318,3.75,0.0,0.0,3.75,0.0,0.0
dca_l2_v2,BYDDY,2025-06-23,2025-06-24,executed,16.51673524,17.41,0.02,0.01,17.4,0.01,0.0
dca_l2_v2,MSFT,2025-06-23,2025-06-24,executed,484.40605499,12.76,0.01,0.01,12.76,0.0,0.0
dca_l2_v2,NVDA,2025-06-23,2025-06-24,executed,145.27649295,10.44,0.01,0.01,10.44,0.0,0.0
dca_l2_v2,AAPL,2025-06-23,2025-06-24,executed,201.71637979,8.7,0.01,0.0,8.7,0.0,0.0
dca_l2_v2,ASML,2025-06-23,2025-06-24,executed,779.37958805,5.8,0.01,0.0,5.8,0.0,0.0
dca_l2_v2,KO,2025-06-23,2025-06-24,executed,67.64416318,2.9,0.0,0.0,2.9,0.0,0.0
fixed,BYDDY,2025-06-30,2025-07-01,executed,15.56585604,24.0,0.02,0.01,18.0,0.0,6.0
reserve_fixed,BYDDY,2025-06-30,2025-07-01,executed,15.56585604,18.0,0.02,0.01,18.0,0.0,0.0
fixed,MSFT,2025-06-30,2025-07-01,executed,491.85616618,17.6,0.02,0.01,13.2,0.0,4.4
reserve_fixed,MSFT,2025-06-30,2025-07-01,executed,491.85616618,13.2,0.01,0.01,13.2,0.0,0.0
fixed,NVDA,2025-06-30,2025-07-01,executed,155.98561783,14.4,0.01,0.01,10.8,0.0,3.6
reserve_fixed,NVDA,2025-06-30,2025-07-01,executed,155.98561783,10.8,0.01,0.01,10.8,0.0,0.0
fixed,AAPL,2025-06-30,2025-07-01,executed,205.77877997,12.0,0.01,0.01,9.0,0.0,3.0
reserve_fixed,AAPL,2025-06-30,2025-07-01,executed,205.77877997,9.0,0.01,0.0,9.0,0.0,0.0
fixed,ASML,2025-06-30,2025-07-01,executed,781.30299927,8.0,0.01,0.0,6.0,0.0,2.0
reserve_fixed,ASML,2025-06-30,2025-07-01,executed,781.30299927,6.0,0.01,0.0,6.0,0.0,0.0
fixed,KO,2025-06-30,2025-07-01,executed,68.65968469,4.0,0.0,0.0,3.0,0.0,1.0
reserve_fixed,KO,2025-06-30,2025-07-01,executed,68.65968469,3.0,0.0,0.0,3.0,0.0,0.0
dca_l2_v2,BYDDY,2025-06-30,2025-07-01,executed,15.56585604,22.48,0.02,0.01,18.0,4.48,0.0
dca_l2_v2,MSFT,2025-06-30,2025-07-01,executed,491.85616618,13.2,0.01,0.01,13.2,0.0,0.0
dca_l2_v2,NVDA,2025-06-30,2025-07-01,executed,155.98561783,10.8,0.01,0.01,10.8,0.0,0.0
dca_l2_v2,AAPL,2025-06-30,2025-07-01,executed,205.77877997,9.0,0.01,0.0,9.0,0.0,0.0
dca_l2_v2,ASML,2025-06-30,2025-07-01,executed,781.30299927,6.0,0.01,0.0,6.0,0.0,0.0
dca_l2_v2,KO,2025-06-30,2025-07-01,executed,68.65968469,3.0,0.0,0.0,3.0,0.0,0.0
fixed,BYDDY,2025-07-07,2025-07-08,executed,15.50445635,24.0,0.02,0.01,18.0,0.0,6.0
reserve_fixed,BYDDY,2025-07-07,2025-07-08,executed,15.50445635,18.0,0.02,0.01,18.0,0.0,0.0
fixed,MSFT,2025-07-07,2025-07-08,executed,492.61896239,17.6,0.02,0.01,13.2,0.0,4.4
reserve_fixed,MSFT,2025-07-07,2025-07-08,executed,492.61896239,13.2,0.01,0.01,13.2,0.0,0.0
fixed,NVDA,2025-07-07,2025-07-08,executed,159.01970812,14.4,0.01,0.01,10.8,0.0,3.6
reserve_fixed,NVDA,2025-07-07,2025-07-08,executed,159.01970812,10.8,0.01,0.01,10.8,0.0,0.0
fixed,AAPL,2025-07-07,2025-07-08,executed,209.19400173,12.0,0.01,0.01,9.0,0.0,3.0
reserve_fixed,AAPL,2025-07-07,2025-07-08,executed,209.19400173,9.0,0.01,0.0,9.0,0.0,0.0
fixed,ASML,2025-07-07,2025-07-08,executed,775.95911166,8.0,0.01,0.0,6.0,0.0,2.0
reserve_fixed,ASML,2025-07-07,2025-07-08,executed,775.95911166,6.0,0.01,0.0,6.0,0.0,0.0
fixed,KO,2025-07-07,2025-07-08,executed,68.35987686,4.0,0.0,0.0,3.0,0.0,1.0
reserve_fixed,KO,2025-07-07,2025-07-08,executed,68.35987686,3.0,0.0,0.0,3.0,0.0,0.0
dca_l2_v2,BYDDY,2025-07-07,2025-07-08,executed,15.50445635,47.87,0.05,0.02,18.0,4.87,25.0
dca_l2_v2,MSFT,2025-07-07,2025-07-08,executed,492.61896239,13.2,0.01,0.01,13.2,0.0,0.0
dca_l2_v2,NVDA,2025-07-07,2025-07-08,executed,159.01970812,10.8,0.01,0.01,10.8,0.0,0.0
dca_l2_v2,AAPL,2025-07-07,2025-07-08,executed,209.19400173,9.0,0.01,0.0,9.0,0.0,0.0
dca_l2_v2,ASML,2025-07-07,2025-07-08,executed,775.95911166,6.0,0.01,0.0,6.0,0.0,0.0
dca_l2_v2,KO,2025-07-07,2025-07-08,executed,68.35987686,3.0,0.0,0.0,3.0,0.0,0.0
fixed,BYDDY,2025-07-14,2025-07-15,executed,15.7052517,24.0,0.02,0.01,18.0,0.0,6.0
reserve_fixed,BYDDY,2025-07-14,2025-07-15,executed,15.7052517,18.0,0.02,0.01,18.0,0.0,0.0
fixed,MSFT,2025-07-14,2025-07-15,executed,498.34530313,17.6,0.02,0.01,13.2,0.0,4.4
reserve_fixed,MSFT,2025-07-14,2025-07-15,executed,498.34530313,13.2,0.01,0.01,13.2,0.0,0.0
fixed,NVDA,2025-07-14,2025-07-15,executed,170.85660161,14.4,0.01,0.01,10.8,0.0,3.6
reserve_fixed,NVDA,2025-07-14,2025-07-15,executed,170.85660161,10.8,0.01,0.01,10.8,0.0,0.0
fixed,AAPL,2025-07-14,2025-07-15,executed,208.31781085,12.0,0.01,0.01,9.0,0.0,3.0
reserve_fixed,AAPL,2025-07-14,2025-07-15,executed,208.31781085,9.0,0.01,0.0,9.0,0.0,0.0
fixed,ASML,2025-07-14,2025-07-15,executed,815.93382103,8.0,0.01,0.0,6.0,0.0,2.0
reserve_fixed,ASML,2025-07-14,2025-07-15,executed,815.93382103,6.0,0.01,0.0,6.0,0.0,0.0
fixed,KO,2025-07-14,2025-07-15,executed,67.22828534,4.0,0.0,0.0,3.0,0.0,1.0
reserve_fixed,KO,2025-07-14,2025-07-15,executed,67.22828534,3.0,0.0,0.0,3.0,0.0,0.0
dca_l2_v2,BYDDY,2025-07-14,2025-07-15,executed,15.7052517,47.81,0.05,0.02,18.0,4.81,25.0
dca_l2_v2,MSFT,2025-07-14,2025-07-15,executed,498.34530313,13.2,0.01,0.01,13.2,0.0,0.0
dca_l2_v2,NVDA,2025-07-14,2025-07-15,executed,170.85660161,10.8,0.01,0.01,10.8,0.0,0.0
dca_l2_v2,AAPL,2025-07-14,2025-07-15,executed,208.31781085,9.0,0.01,0.0,9.0,0.0,0.0
dca_l2_v2,ASML,2025-07-14,2025-07-15,executed,815.93382103,6.0,0.01,0.0,6.0,0.0,0.0
dca_l2_v2,KO,2025-07-14,2025-07-15,executed,67.22828534,3.0,0.0,0.0,3.0,0.0,0.0
fixed,BYDDY,2025-07-21,2025-07-22,executed,16.92496525,24.0,0.02,0.01,18.0,0.0,6.0
reserve_fixed,BYDDY,2025-07-21,2025-07-22,executed,16.92496525,18.0,0.02,0.01,18.0,0.0,0.0
fixed,MSFT,2025-07-21,2025-07-22,executed,506.22142122,17.6,0.02,0.01,13.2,0.0,4.4
reserve_fixed,MSFT,2025-07-21,2025-07-22,executed,506.22142122,13.2,0.01,0.01,13.2,0.0,0.0
fixed,NVDA,2025-07-21,2025-07-22,executed,171.00631343,14.4,0.01,0.01,10.8,0.0,3.6
reserve_fixed,NVDA,2025-07-21,2025-07-22,executed,171.00631343,10.8,0.01,0.01,10.8,0.0,0.0
fixed,AAPL,2025-07-21,2025-07-22,executed,212.22088241,12.0,0.01,0.01,9.0,0.0,3.0
reserve_fixed,AAPL,2025-07-21,2025-07-22,executed,212.22088241,9.0,0.01,0.0,9.0,0.0,0.0
fixed,ASML,2025-07-21,2025-07-22,executed,712.16004807,8.0,0.01,0.0,6.0,0.0,2.0
reserve_fixed,ASML,2025-07-21,2025-07-22,executed,712.16004807,6.0,0.01,0.0,6.0,0.0,0.0
fixed,KO,2025-07-21,2025-07-22,executed,67.17024034,4.0,0.0,0.0,3.0,0.0,1.0
reserve_fixed,KO,2025-07-21,2025-07-22,executed,67.17024034,3.0,0.0,0.0,3.0,0.0,0.0
dca_l2_v2,BYDDY,2025-07-21,2025-07-22,executed,16.92496525,21.77,0.02,0.01,18.0,3.77,0.0
dca_l2_v2,MSFT,2025-07-21,2025-07-22,executed,506.22142122,13.2,0.01,0.01,13.2,0.0,0.0
dca_l2_v2,NVDA,2025-07-21,2025-07-22,executed,171.00631343,10.8,0.01,0.01,10.8,0.0,0.0
dca_l2_v2,AAPL,2025-07-21,2025-07-22,executed,212.22088241,9.0,0.01,0.0,9.0,0.0,0.0
dca_l2_v2,ASML,2025-07-21,2025-07-22,executed,712.16004807,6.94,0.01,0.0,6.0,0.94,0.0
dca_l2_v2,KO,2025-07-21,2025-07-22,executed,67.17024034,3.0,0.0,0.0,3.0,0.0,0.0
fixed,BYDDY,2025-07-28,2025-07-29,executed,16.17986189,24.0,0.02,0.01,18.0,0.0,6.0
reserve_fixed,BYDDY,2025-07-28,2025-07-29,executed,16.17986189,18.0,0.02,0.01,18.0,0.0,0.0
fixed,MSFT,2025-07-28,2025-07-29,executed,510.73905491,17.6,0.02,0.01,13.2,0.0,4.4
reserve_fixed,MSFT,2025-07-28,2025-07-29,executed,510.73905491,13.2,0.01,0.01,13.2,0.0,0.0
fixed,NVDA,2025-07-28,2025-07-29,executed,177.61342333,14.4,0.01,0.01,10.8,0.0,3.6
reserve_fixed,NVDA,2025-07-28,2025-07-29,executed,177.61342333,10.8,0.01,0.01,10.8,0.0,0.0
fixed,AAPL,2025-07-28,2025-07-29,executed,213.25639691,12.0,0.01,0.01,9.0,0.0,3.0
reserve_fixed,AAPL,2025-07-28,2025-07-29,executed,213.25639691,9.0,0.01,0.0,9.0,0.0,0.0
fixed,ASML,2025-07-28,2025-07-29,executed,718.35982041,8.0,0.01,0.0,6.0,0.0,2.0
reserve_fixed,ASML,2025-07-28,2025-07-29,executed,718.35982041,6.0,0.01,0.0,6.0,0.0,0.0
fixed,KO,2025-07-28,2025-07-29,executed,66.09668082,3.6,0.0,0.0,3.0,0.0,1.0
reserve_fixed,KO,2025-07-28,2025-07-29,executed,66.09668082,3.0,0.0,0.0,3.0,0.0,0.0
dca_l2_v2,BYDDY,2025-07-28,2025-07-29,executed,16.17986189,12.34,0.01,0.01,12.34,0.0,0.0
dca_l2_v2,MSFT,2025-07-28,2025-07-29,executed,510.73905491,9.05,0.01,0.0,9.05,0.0,0.0
dca_l2_v2,NVDA,2025-07-28,2025-07-29,executed,177.61342333,7.4,0.01,0.0,7.4,0.0,0.0
dca_l2_v2,AAPL,2025-07-28,2025-07-29,executed,213.25639691,6.17,0.01,0.0,6.17,0.0,0.0
dca_l2_v2,ASML,2025-07-28,2025-07-29,executed,718.35982041,4.11,0.0,0.0,4.11,0.0,0.0
dca_l2_v2,KO,2025-07-28,2025-07-29,executed,66.09668082,2.06,0.0,0.0,2.06,0.0,0.0
fixed,BYDDY,2025-08-04,2025-08-05,executed,14.17853673,30.0,0.03,0.01,22.5,0.0,7.5
reserve_fixed,BYDDY,2025-08-04,2025-08-05,executed,14.17853673,22.5,0.02,0.01,22.5,0.0,0.0
fixed,MSFT,2025-08-04,2025-08-05,executed,532.18787896,22.0,0.02,0.01,16.5,0.0,5.5
reserve_fixed,MSFT,2025-08-04,2025-08-05,executed,532.18787896,16.5,0.02,0.01,16.5,0.0,0.0
fixed,NVDA,2025-08-04,2025-08-05,executed,179.27017729,18.0,0.02,0.01,13.5,0.0,4.5
reserve_fixed,NVDA,2025-08-04,2025-08-05,executed,179.27017729,13.5,0.01,0.01,13.5,0.0,0.0
fixed,AAPL,2025-08-04,2025-08-05,executed,202.52288284,15.0,0.01,0.01,11.25,0.0,3.75
reserve_fixed,AAPL,2025-08-04,2025-08-05,executed,202.52288284,11.25,0.01,0.01,11.25,0.0,0.0
fixed,ASML,2025-08-04,2025-08-05,executed,690.51917805,10.0,0.01,0.01,7.5,0.0,2.5
reserve_fixed,ASML,2025-08-04,2025-08-05,executed,690.51917805,7.5,0.01,0.0,7.5,0.0,0.0
fixed,KO,2025-08-04,2025-08-05,executed,66.6383055,5.0,0.01,0.0,3.75,0.0,1.25
reserve_fixed,KO,2025-08-04,2025-08-05,executed,66.6383055,3.75,0.0,0.0,3.75,0.0,0.0
dca_l2_v2,BYDDY,2025-08-04,2025-08-05,executed,14.17853673,55.21,0.06,0.03,22.5,7.71,25.0
dca_l2_v2,MSFT,2025-08-04,2025-08-05,executed,532.18787896,16.5,0.02,0.01,16.5,0.0,0.0
dca_l2_v2,NVDA,2025-08-04,2025-08-05,executed,179.27017729,13.5,0.01,0.01,13.5,0.0,0.0
dca_l2_v2,AAPL,2025-08-04,2025-08-05,executed,202.52288284,11.29,0.01,0.01,11.25,0.04,0.0
dca_l2_v2,ASML,2025-08-04,2025-08-05,executed,690.51917805,8.89,0.01,0.0,7.5,1.39,0.0
dca_l2_v2,KO,2025-08-04,2025-08-05,executed,66.6383055,3.75,0.0,0.0,3.75,0.0,0.0
fixed,BYDDY,2025-08-11,2025-08-12,executed,14.05905601,30.0,0.03,0.01,22.5,0.0,7.5
reserve_fixed,BYDDY,2025-08-11,2025-08-12,executed,14.05905601,22.5,0.02,0.01,22.5,0.0,0.0
fixed,MSFT,2025-08-11,2025-08-12,executed,518.88262966,22.0,0.02,0.01,16.5,0.0,5.5
reserve_fixed,MSFT,2025-08-11,2025-08-12,executed,518.88262966,16.5,0.02,0.01,16.5,0.0,0.0
fixed,NVDA,2025-08-11,2025-08-12,executed,182.60367821,18.0,0.02,0.01,13.5,0.0,4.5
reserve_fixed,NVDA,2025-08-11,2025-08-12,executed,182.60367821,13.5,0.01,0.01,13.5,0.0,0.0
fixed,AAPL,2025-08-11,2025-08-12,executed,227.28441642,15.0,0.01,0.01,11.25,0.0,3.75
reserve_fixed,AAPL,2025-08-11,2025-08-12,executed,227.28441642,11.25,0.01,0.01,11.25,0.0,0.0
fixed,ASML,2025-08-11,2025-08-12,executed,721.14287524,10.0,0.01,0.01,7.5,0.0,2.5
reserve_fixed,ASML,2025-08-11,2025-08-12,executed,721.14287524,7.5,0.01,0.0,7.5,0.0,0.0
fixed,KO,2025-08-11,2025-08-12,executed,68.49527252,5.0,0.01,0.0,3.75,0.0,1.25
reserve_fixed,KO,2025-08-11,2025-08-12,executed,68.49527252,3.75,0.0,0.0,3.75,0.0,0.0
dca_l2_v2,BYDDY,2025-08-11,2025-08-12,executed,14.05905601,53.93,0.05,0.03,22.5,6.43,25.0
dca_l2_v2,MSFT,2025-08-11,2025-08-12,executed,518.88262966,16.5,0.02,0.01,16.5,0.0,0.0
dca_l2_v2,NVDA,2025-08-11,2025-08-12,executed,182.60367821,13.5,0.01,0.01,13.5,0.0,0.0
dca_l2_v2,AAPL,2025-08-11,2025-08-12,executed,227.28441642,11.25,0.01,0.01,11.25,0.0,0.0
dca_l2_v2,ASML,2025-08-11,2025-08-12,executed,721.14287524,8.64,0.01,0.0,7.5,1.14,0.0
dca_l2_v2,KO,2025-08-11,2025-08-12,executed,68.49527252,3.75,0.0,0.0,3.75,0.0,0.0
fixed,BYDDY,2025-08-18,2025-08-19,executed,14.60668069,30.0,0.03,0.01,22.5,0.0,7.5
reserve_fixed,BYDDY,2025-08-18,2025-08-19,executed,14.60668069,22.5,0.02,0.01,22.5,0.0,0.0
fixed,MSFT,2025-08-18,2025-08-19,executed,510.2139795,22.0,0.02,0.01,16.5,0.0,5.5
reserve_fixed,MSFT,2025-08-18,2025-08-19,executed,510.2139795,16.5,0.02,0.01,16.5,0.0,0.0
fixed,NVDA,2025-08-18,2025-08-19,executed,182.07468585,18.0,0.02,0.01,13.5,0.0,4.5
reserve_fixed,NVDA,2025-08-18,2025-08-19,executed,182.07468585,13.5,0.01,0.01,13.5,0.0,0.0
fixed,AAPL,2025-08-18,2025-08-19,executed,230.5440224,15.0,0.01,0.01,11.25,0.0,3.75
reserve_fixed,AAPL,2025-08-18,2025-08-19,executed,230.5440224,11.25,0.01,0.01,11.25,0.0,0.0
fixed,ASML,2025-08-18,2025-08-19,executed,746.99555412,10.0,0.01,0.01,7.5,0.0,2.5
reserve_fixed,ASML,2025-08-18,2025-08-19,executed,746.99555412,7.5,0.01,0.0,7.5,0.0,0.0
fixed,KO,2025-08-18,2025-08-19,executed,67.02517684,5.0,0.01,0.0,3.75,0.0,1.25
reserve_fixed,KO,2025-08-18,2025-08-19,executed,67.02517684,3.75,0.0,0.0,3.75,0.0,0.0
dca_l2_v2,BYDDY,2025-08-18,2025-08-19,executed,14.60668069,53.13,0.05,0.03,22.5,5.63,25.0
dca_l2_v2,MSFT,2025-08-18,2025-08-19,executed,510.2139795,16.5,0.02,0.01,16.5,0.0,0.0
dca_l2_v2,NVDA,2025-08-18,2025-08-19,executed,182.07468585,13.5,0.01,0.01,13.5,0.0,0.0
dca_l2_v2,AAPL,2025-08-18,2025-08-19,executed,230.5440224,11.25,0.01,0.01,11.25,0.0,0.0
dca_l2_v2,ASML,2025-08-18,2025-08-19,executed,746.99555412,8.24,0.01,0.0,7.5,0.74,0.0
dca_l2_v2,KO,2025-08-18,2025-08-19,executed,67.02517684,3.75,0.0,0.0,3.75,0.0,0.0
fixed,BYDDY,2025-08-25,2025-08-26,executed,15.04478163,30.0,0.03,0.01,22.5,0.0,7.5
reserve_fixed,BYDDY,2025-08-25,2025-08-26,executed,15.04478163,22.5,0.02,0.01,22.5,0.0,0.0
fixed,MSFT,2025-08-25,2025-08-26,executed,500.49428208,22.0,0.02,0.01,16.5,0.0,5.5
reserve_fixed,MSFT,2025-08-25,2025-08-26,executed,500.49428208,16.5,0.02,0.01,16.5,0.0,0.0
fixed,NVDA,2025-08-25,2025-08-26,executed,179.70931875,18.0,0.02,0.01,13.5,0.0,4.5
reserve_fixed,NVDA,2025-08-25,2025-08-26,executed,179.70931875,13.5,0.01,0.01,13.5,0.0,0.0
fixed,AAPL,2025-08-25,2025-08-26,executed,226.14804451,15.0,0.01,0.01,11.25,0.0,3.75
reserve_fixed,AAPL,2025-08-25,2025-08-26,executed,226.14804451,11.25,0.01,0.01,11.25,0.0,0.0
fixed,ASML,2025-08-25,2025-08-26,executed,754.18189149,10.0,0.01,0.01,7.5,0.0,2.5
reserve_fixed,ASML,2025-08-25,2025-08-26,executed,754.18189149,7.5,0.01,0.0,7.5,0.0,0.0
fixed,KO,2025-08-25,2025-08-26,executed,66.77370817,4.6,0.0,0.0,3.75,0.0,1.25
reserve_fixed,KO,2025-08-25,2025-08-26,executed,66.77370817,3.75,0.0,0.0,3.75,0.0,0.0
dca_l2_v2,BYDDY,2025-08-25,2025-08-26,executed,15.04478163,15.58,0.02,0.01,15.58,0.0,0.0
dca_l2_v2,MSFT,2025-08-25,2025-08-26,executed,500.49428208,11.42,0.01,0.01,11.42,0.0,0.0
dca_l2_v2,NVDA,2025-08-25,2025-08-26,executed,179.70931875,9.35,0.01,0.0,9.35,0.0,0.0
dca_l2_v2,AAPL,2025-08-25,2025-08-26,executed,226.14804451,7.79,0.01,0.0,7.79,0.0,0.0
dca_l2_v2,ASML,2025-08-25,2025-08-26,executed,754.18189149,5.19,0.01,0.0,5.19,0.0,0.0
dca_l2_v2,KO,2025-08-25,2025-08-26,executed,66.77370817,2.6,0.0,0.0,2.6,0.0,0.0
fixed,BYDDY,2025-08-29,2025-09-02,executed,13.84000454,24.0,0.02,0.01,18.0,0.0,6.0
reserve_fixed,BYDDY,2025-08-29,2025-09-02,executed,13.84000454,18.0,0.02,0.01,18.0,0.0,0.0
fixed,MSFT,2025-08-29,2025-09-02,executed,496.63407094,17.6,0.02,0.01,13.2,0.0,4.4
reserve_fixed,MSFT,2025-08-29,2025-09-02,executed,496.63407094,13.2,0.01,0.01,13.2,0.0,0.0
fixed,NVDA,2025-08-29,2025-09-02,executed,169.66891406,14.4,0.01,0.01,10.8,0.0,3.6
reserve_fixed,NVDA,2025-08-29,2025-09-02,executed,169.66891406,10.8,0.01,0.01,10.8,0.0,0.0
fixed,AAPL,2025-08-29,2025-09-02,executed,228.52047414,12.0,0.01,0.01,9.0,0.0,3.0
reserve_fixed,AAPL,2025-08-29,2025-09-02,executed,228.52047414,9.0,0.01,0.0,9.0,0.0,0.0
fixed,ASML,2025-08-29,2025-09-02,executed,712.87318246,8.0,0.01,0.0,6.0,0.0,2.0
reserve_fixed,ASML,2025-08-29,2025-09-02,executed,712.87318246,6.0,0.01,0.0,6.0,0.0,0.0
fixed,KO,2025-08-29,2025-09-02,executed,66.6963305,4.0,0.0,0.0,3.0,0.0,1.0
reserve_fixed,KO,2025-08-29,2025-09-02,executed,66.6963305,3.0,0.0,0.0,3.0,0.0,0.0
dca_l2_v2,BYDDY,2025-08-29,2025-09-02,executed,13.84000454,22.41,0.02,0.01,18.0,4.41,0.0
dca_l2_v2,MSFT,2025-08-29,2025-09-02,executed,496.63407094,13.28,0.01,0.01,13.2,0.08,0.0
dca_l2_v2,NVDA,2025-08-29,2025-09-02,executed,169.66891406,10.8,0.01,0.01,10.8,0.0,0.0
dca_l2_v2,AAPL,2025-08-29,2025-09-02,executed,228.52047414,9.0,0.01,0.0,9.0,0.0,0.0
dca_l2_v2,ASML,2025-08-29,2025-09-02,executed,712.87318246,6.68,0.01,0.0,6.0,0.68,0.0
dca_l2_v2,KO,2025-08-29,2025-09-02,executed,66.6963305,3.0,0.0,0.0,3.0,0.0,0.0
fixed,BYDDY,2025-09-08,2025-09-09,executed,13.47160143,24.0,0.02,0.01,18.0,0.0,6.0
reserve_fixed,BYDDY,2025-09-08,2025-09-09,executed,13.47160143,18.0,0.02,0.01,18.0,0.0,0.0
fixed,MSFT,2025-09-08,2025-09-09,executed,497.58672603,17.6,0.02,0.01,13.2,0.0,4.4
reserve_fixed,MSFT,2025-09-08,2025-09-09,executed,497.58672603,13.2,0.01,0.01,13.2,0.0,0.0
fixed,NVDA,2025-09-08,2025-09-09,executed,168.76066516,14.4,0.01,0.01,10.8,0.0,3.6
reserve_fixed,NVDA,2025-09-08,2025-09-09,executed,168.76066516,10.8,0.01,0.01,10.8,0.0,0.0
fixed,AAPL,2025-09-08,2025-09-09,executed,236.24582288,12.0,0.01,0.01,9.0,0.0,3.0
reserve_fixed,AAPL,2025-09-08,2025-09-09,executed,236.24582288,9.0,0.01,0.0,9.0,0.0,0.0
fixed,ASML,2025-09-08,2025-09-09,executed,790.39161631,8.0,0.01,0.0,6.0,0.0,2.0
reserve_fixed,ASML,2025-09-08,2025-09-09,executed,790.39161631,6.0,0.01,0.0,6.0,0.0,0.0
fixed,KO,2025-09-08,2025-09-09,executed,65.07148448,4.0,0.0,0.0,3.0,0.0,1.0
reserve_fixed,KO,2025-09-08,2025-09-09,executed,65.07148448,3.0,0.0,0.0,3.0,0.0,0.0
dca_l2_v2,BYDDY,2025-09-08,2025-09-09,executed,13.47160143,47.58,0.05,0.02,18.0,4.58,25.0
dca_l2_v2,MSFT,2025-09-08,2025-09-09,executed,497.58672603,13.81,0.01,0.01,13.2,0.61,0.0
dca_l2_v2,NVDA,2025-09-08,2025-09-09,executed,168.76066516,10.8,0.01,0.01,10.8,0.0,0.0
dca_l2_v2,AAPL,2025-09-08,2025-09-09,executed,236.24582288,9.0,0.01,0.0,9.0,0.0,0.0
dca_l2_v2,ASML,2025-09-08,2025-09-09,executed,790.39161631,6.0,0.01,0.0,6.0,0.0,0.0
dca_l2_v2,KO,2025-09-08,2025-09-09,executed,65.07148448,3.07,0.0,0.0,3.0,0.07,0.0
fixed,BYDDY,2025-09-15,2025-09-16,executed,13.99931416,24.0,0.02,0.01,18.0,0.0,6.0
reserve_fixed,BYDDY,2025-09-15,2025-09-16,executed,13.99931416,18.0,0.02,0.01,18.0,0.0,0.0
fixed,MSFT,2025-09-15,2025-09-16,executed,512.91830399,17.6,0.02,0.01,13.2,0.0,4.4
reserve_fixed,MSFT,2025-09-15,2025-09-16,executed,512.91830399,13.2,0.01,0.01,13.2,0.0,0.0
fixed,NVDA,2025-09-15,2025-09-16,executed,176.66523747,14.4,0.01,0.01,10.8,0.0,3.6
reserve_fixed,NVDA,2025-09-15,2025-09-16,executed,176.66523747,10.8,0.01,0.01,10.8,0.0,0.0
fixed,AAPL,2025-09-15,2025-09-16,executed,236.42523654,12.0,0.01,0.01,9.0,0.0,3.0
reserve_fixed,AAPL,2025-09-15,2025-09-16,executed,236.42523654,9.0,0.01,0.0,9.0,0.0,0.0
fixed,ASML,2025-09-15,2025-09-16,executed,874.61916103,8.0,0.01,0.0,6.0,0.0,2.0
reserve_fixed,ASML,2025-09-15,2025-09-16,executed,874.61916103,6.0,0.01,0.0,6.0,0.0,0.0
fixed,KO,2025-09-15,2025-09-16,executed,64.66414892,4.0,0.0,0.0,3.0,0.0,1.0
reserve_fixed,KO,2025-09-15,2025-09-16,executed,64.66414892,3.0,0.0,0.0,3.0,0.0,0.0
dca_l2_v2,BYDDY,2025-09-15,2025-09-16,executed,13.99931416,22.09,0.02,0.01,18.0,4.09,0.0
dca_l2_v2,MSFT,2025-09-15,2025-09-16,executed,512.91830399,13.2,0.01,0.01,13.2,0.0,0.0
dca_l2_v2,NVDA,2025-09-15,2025-09-16,executed,176.66523747,10.8,0.01,0.01,10.8,0.0,0.0
dca_l2_v2,AAPL,2025-09-15,2025-09-16,executed,236.42523654,9.0,0.01,0.0,9.0,0.0,0.0
dca_l2_v2,ASML,2025-09-15,2025-09-16,executed,874.61916103,6.0,0.01,0.0,6.0,0.0,0.0
dca_l2_v2,KO,2025-09-15,2025-09-16,executed,64.66414892,3.11,0.0,0.0,3.0,0.11,0.0
fixed,BYDDY,2025-09-22,2025-09-23,executed,13.6109981,24.0,0.02,0.01,18.0,0.0,6.0
reserve_fixed,BYDDY,2025-09-22,2025-09-23,executed,13.6109981,18.0,0.02,0.01,18.0,0.0,0.0
fixed,MSFT,2025-09-22,2025-09-23,executed,509.86195057,17.6,0.02,0.01,13.2,0.0,4.4
reserve_fixed,MSFT,2025-09-22,2025-09-23,executed,509.86195057,13.2,0.01,0.01,13.2,0.0,0.0
fixed,NVDA,2025-09-22,2025-09-23,executed,181.62585554,14.4,0.01,0.01,10.8,0.0,3.6
reserve_fixed,NVDA,2025-09-22,2025-09-23,executed,181.62585554,10.8,0.01,0.01,10.8,0.0,0.0
fixed,AAPL,2025-09-22,2025-09-23,executed,255.06575114,12.0,0.01,0.01,9.0,0.0,3.0
reserve_fixed,AAPL,2025-09-22,2025-09-23,executed,255.06575114,9.0,0.01,0.0,9.0,0.0,0.0
fixed,ASML,2025-09-22,2025-09-23,executed,958.57838567,8.0,0.01,0.0,6.0,0.0,2.0
reserve_fixed,ASML,2025-09-22,2025-09-23,executed,958.57838567,6.0,0.01,0.0,6.0,0.0,0.0
fixed,KO,2025-09-22,2025-09-23,executed,64.66415892,4.0,0.0,0.0,3.0,0.0,1.0
reserve_fixed,KO,2025-09-22,2025-09-23,executed,64.66415892,3.0,0.0,0.0,3.0,0.0,0.0
dca_l2_v2,BYDDY,2025-09-22,2025-09-23,executed,13.6109981,21.97,0.02,0.01,18.0,3.97,0.0
dca_l2_v2,MSFT,2025-09-22,2025-09-23,executed,509.86195057,13.2,0.01,0.01,13.2,0.0,0.0
dca_l2_v2,NVDA,2025-09-22,2025-09-23,executed,181.62585554,10.8,0.01,0.01,10.8,0.0,0.0
dca_l2_v2,AAPL,2025-09-22,2025-09-23,executed,255.06575114,9.0,0.01,0.0,9.0,0.0,0.0
dca_l2_v2,ASML,2025-09-22,2025-09-23,executed,958.57838567,6.0,0.01,0.0,6.0,0.0,0.0
dca_l2_v2,KO,2025-09-22,2025-09-23,executed,64.66415892,3.05,0.0,0.0,3.0,0.05,0.0
fixed,BYDDY,2025-09-29,2025-09-30,executed,14.03914206,24.0,0.02,0.01,18.0,0.0,6.0
reserve_fixed,BYDDY,2025-09-29,2025-09-30,executed,14.03914206,18.0,0.02,0.01,18.0,0.0,0.0
fixed,MSFT,2025-09-29,2025-09-30,executed,509.30620684,17.6,0.02,0.01,13.2,0.0,4.4
reserve_fixed,MSFT,2025-09-29,2025-09-30,executed,509.30620684,13.2,0.01,0.01,13.2,0.0,0.0
fixed,NVDA,2025-09-29,2025-09-30,executed,181.7356264,14.4,0.01,0.01,10.8,0.0,3.6
reserve_fixed,NVDA,2025-09-29,2025-09-30,executed,181.7356264,10.8,0.01,0.01,10.8,0.0,0.0
fixed,AAPL,2025-09-29,2025-09-30,executed,254.04898101,12.0,0.01,0.01,9.0,0.0,3.0
reserve_fixed,AAPL,2025-09-29,2025-09-30,executed,254.04898101,9.0,0.01,0.0,9.0,0.0,0.0
fixed,ASML,2025-09-29,2025-09-30,executed,962.18650283,8.0,0.01,0.0,6.0,0.0,2.0
reserve_fixed,ASML,2025-09-29,2025-09-30,executed,962.18650283,6.0,0.01,0.0,6.0,0.0,0.0
fixed,KO,2025-09-29,2025-09-30,executed,64.39126854,3.6,0.0,0.0,3.0,0.0,1.0
reserve_fixed,KO,2025-09-29,2025-09-30,executed,64.39126854,3.0,0.0,0.0,3.0,0.0,0.0
dca_l2_v2,BYDDY,2025-09-29,2025-09-30,executed,14.03914206,12.41,0.01,0.01,12.41,0.0,0.0
dca_l2_v2,MSFT,2025-09-29,2025-09-30,executed,509.30620684,9.1,0.01,0.0,9.1,0.0,0.0
dca_l2_v2,NVDA,2025-09-29,2025-09-30,executed,181.7356264,7.44,0.01,0.0,7.44,0.0,0.0
dca_l2_v2,AAPL,2025-09-29,2025-09-30,executed,254.04898101,6.2,0.01,0.0,6.2,0.0,0.0
dca_l2_v2,ASML,2025-09-29,2025-09-30,executed,962.18650283,4.14,0.0,0.0,4.14,0.0,0.0
dca_l2_v2,KO,2025-09-29,2025-09-30,executed,64.39126854,2.07,0.0,0.0,2.07,0.0,0.0
fixed,BYDDY,2025-10-06,2025-10-07,executed,13.87983145,30.0,0.03,0.01,22.5,0.0,7.5
reserve_fixed,BYDDY,2025-10-06,2025-10-07,executed,13.87983145,22.5,0.02,0.01,22.5,0.0,0.0
fixed,MSFT,2025-10-06,2025-10-07,executed,524.24085543,22.0,0.02,0.01,16.5,0.0,5.5
reserve_fixed,MSFT,2025-10-06,2025-10-07,executed,524.24085543,16.5,0.02,0.01,16.5,0.0,0.0
fixed,NVDA,2025-10-06,2025-10-07,executed,185.87778345,18.0,0.02,0.01,13.5,0.0,4.5
reserve_fixed,NVDA,2025-10-06,2025-10-07,executed,185.87778345,13.5,0.01,0.01,13.5,0.0,0.0
fixed,AAPL,2025-10-06,2025-10-07,executed,255.99279143,15.0,0.01,0.01,11.25,0.0,3.75
reserve_fixed,AAPL,2025-10-06,2025-10-07,executed,255.99279143,11.25,0.01,0.01,11.25,0.0,0.0
fixed,ASML,2025-10-06,2025-10-07,executed,1036.52415608,10.0,0.01,0.01,7.5,0.0,2.5
reserve_fixed,ASML,2025-10-06,2025-10-07,executed,1036.52415608,7.5,0.01,0.0,7.5,0.0,0.0
fixed,KO,2025-10-06,2025-10-07,executed,64.5374536,5.0,0.01,0.0,3.75,0.0,1.25
reserve_fixed,KO,2025-10-06,2025-10-07,executed,64.5374536,3.75,0.0,0.0,3.75,0.0,0.0
dca_l2_v2,BYDDY,2025-10-06,2025-10-07,executed,13.87983145,27.0,0.03,0.01,22.5,4.5,0.0
dca_l2_v2,MSFT,2025-10-06,2025-10-07,executed,524.24085543,16.5,0.02,0.01,16.5,0.0,0.0
dca_l2_v2,NVDA,2025-10-06,2025-10-07,executed,185.87778345,13.5,0.01,0.01,13.5,0.0,0.0
dca_l2_v2,AAPL,2025-10-06,2025-10-07,executed,255.99279143,11.25,0.01,0.01,11.25,0.0,0.0
dca_l2_v2,ASML,2025-10-06,2025-10-07,executed,1036.52415608,7.5,0.01,0.0,7.5,0.0,0.0
dca_l2_v2,KO,2025-10-06,2025-10-07,executed,64.5374536,3.83,0.0,0.0,3.75,0.08,0.0
fixed,BYDDY,2025-10-13,2025-10-14,executed,13.44173151,30.0,0.03,0.01,22.5,0.0,7.5
reserve_fixed,BYDDY,2025-10-13,2025-10-14,executed,13.44173151,22.5,0.02,0.01,22.5,0.0,0.0
fixed,MSFT,2025-10-13,2025-10-14,executed,506.3192301,22.0,0.02,0.01,16.5,0.0,5.5
reserve_fixed,MSFT,2025-10-13,2025-10-14,executed,506.3192301,16.5,0.02,0.01,16.5,0.0,0.0
fixed,NVDA,2025-10-13,2025-10-14,executed,184.42054119,18.0,0.02,0.01,13.5,0.0,4.5
reserve_fixed,NVDA,2025-10-13,2025-10-14,executed,184.42054119,13.5,0.01,0.01,13.5,0.0,0.0
fixed,AAPL,2025-10-13,2025-10-14,executed,245.81526221,15.0,0.01,0.01,11.25,0.0,3.75
reserve_fixed,AAPL,2025-10-13,2025-10-14,executed,245.81526221,11.25,0.01,0.01,11.25,0.0,0.0
fixed,ASML,2025-10-13,2025-10-14,executed,961.60997871,10.0,0.01,0.01,7.5,0.0,2.5
reserve_fixed,ASML,2025-10-13,2025-10-14,executed,961.60997871,7.5,0.01,0.0,7.5,0.0,0.0
fixed,KO,2025-10-13,2025-10-14,executed,65.17094519,5.0,0.01,0.0,3.75,0.0,1.25
reserve_fixed,KO,2025-10-13,2025-10-14,executed,65.17094519,3.75,0.0,0.0,3.75,0.0,0.0
dca_l2_v2,BYDDY,2025-10-13,2025-10-14,executed,13.44173151,25.56,0.03,0.01,22.5,3.06,0.0
dca_l2_v2,MSFT,2025-10-13,2025-10-14,executed,506.3192301,16.5,0.02,0.01,16.5,0.0,0.0
dca_l2_v2,NVDA,2025-10-13,2025-10-14,executed,184.42054119,13.5,0.01,0.01,13.5,0.0,0.0
dca_l2_v2,AAPL,2025-10-13,2025-10-14,executed,245.81526221,11.25,0.01,0.01,11.25,0.0,0.0
dca_l2_v2,ASML,2025-10-13,2025-10-14,executed,961.60997871,7.62,0.01,0.0,7.5,0.12,0.0
dca_l2_v2,KO,2025-10-13,2025-10-14,executed,65.17094519,3.75,0.0,0.0,3.75,0.0,0.0
fixed,BYDDY,2025-10-20,2025-10-21,executed,13.34216275,30.0,0.03,0.01,22.5,0.0,7.5
reserve_fixed,BYDDY,2025-10-20,2025-10-21,executed,13.34216275,22.5,0.02,0.01,22.5,0.0,0.0
fixed,MSFT,2025-10-20,2025-10-21,executed,513.53357847,22.0,0.02,0.01,16.5,0.0,5.5
reserve_fixed,MSFT,2025-10-20,2025-10-21,executed,513.53357847,16.5,0.02,0.01,16.5,0.0,0.0
fixed,NVDA,2025-10-20,2025-10-21,executed,182.44427555,18.0,0.02,0.01,13.5,0.0,4.5
reserve_fixed,NVDA,2025-10-20,2025-10-21,executed,182.44427555,13.5,0.01,0.01,13.5,0.0,0.0
fixed,AAPL,2025-10-20,2025-10-21,executed,261.04663609,15.0,0.01,0.01,11.25,0.0,3.75
reserve_fixed,AAPL,2025-10-20,2025-10-21,executed,261.04663609,11.25,0.01,0.01,11.25,0.0,0.0
fixed,ASML,2025-10-20,2025-10-21,executed,1030.04373248,10.0,0.01,0.01,7.5,0.0,2.5
reserve_fixed,ASML,2025-10-20,2025-10-21,executed,1030.04373248,7.5,0.01,0.0,7.5,0.0,0.0
fixed,KO,2025-10-20,2025-10-21,executed,68.77692628,5.0,0.01,0.0,3.75,0.0,1.25
reserve_fixed,KO,2025-10-20,2025-10-21,executed,68.77692628,3.75,0.0,0.0,3.75,0.0,0.0
dca_l2_v2,BYDDY,2025-10-20,2025-10-21,executed,13.34216275,25.26,0.03,0.01,22.5,2.76,0.0
dca_l2_v2,MSFT,2025-10-20,2025-10-21,executed,513.53357847,16.5,0.02,0.01,16.5,0.0,0.0
dca_l2_v2,NVDA,2025-10-20,2025-10-21,executed,182.44427555,13.5,0.01,0.01,13.5,0.0,0.0
dca_l2_v2,AAPL,2025-10-20,2025-10-21,executed,261.04663609,11.25,0.01,0.01,11.25,0.0,0.0
dca_l2_v2,ASML,2025-10-20,2025-10-21,executed,1030.04373248,7.5,0.01,0.0,7.5,0.0,0.0
dca_l2_v2,KO,2025-10-20,2025-10-21,executed,68.77692628,3.75,0.0,0.0,3.75,0.0,0.0
fixed,BYDDY,2025-10-27,2025-10-28,executed,13.47160143,30.0,0.03,0.01,22.5,0.0,7.5
reserve_fixed,BYDDY,2025-10-27,2025-10-28,executed,13.47160143,22.5,0.02,0.01,22.5,0.0,0.0
fixed,MSFT,2025-10-27,2025-10-28,executed,545.78439682,22.0,0.02,0.01,16.5,0.0,5.5
reserve_fixed,MSFT,2025-10-27,2025-10-28,executed,545.78439682,16.5,0.02,0.01,16.5,0.0,0.0
fixed,NVDA,2025-10-27,2025-10-28,executed,192.6849013,18.0,0.02,0.01,13.5,0.0,4.5
reserve_fixed,NVDA,2025-10-27,2025-10-28,executed,192.6849013,13.5,0.01,0.01,13.5,0.0,0.0
fixed,AAPL,2025-10-27,2025-10-28,executed,268.13397599,15.0,0.01,0.01,11.25,0.0,3.75
reserve_fixed,AAPL,2025-10-27,2025-10-28,executed,268.13397599,11.25,0.01,0.01,11.25,0.0,0.0
fixed,ASML,2025-10-27,2025-10-28,executed,1050.40975941,10.0,0.01,0.01,7.5,0.0,2.5
reserve_fixed,ASML,2025-10-27,2025-10-28,executed,1050.40975941,7.5,0.01,0.0,7.5,0.0,0.0
fixed,KO,2025-10-27,2025-10-28,executed,68.27014401,4.6,0.0,0.0,3.75,0.0,1.25
reserve_fixed,KO,2025-10-27,2025-10-28,executed,68.27014401,3.75,0.0,0.0,3.75,0.0,0.0
dca_l2_v2,BYDDY,2025-10-27,2025-10-28,executed,13.47160143,19.34,0.02,0.01,19.34,0.0,0.0
dca_l2_v2,MSFT,2025-10-27,2025-10-28,executed,545.78439682,14.19,0.01,0.01,14.19,0.0,0.0
dca_l2_v2,NVDA,2025-10-27,2025-10-28,executed,192.6849013,11.61,0.01,0.01,11.61,0.0,0.0
dca_l2_v2,AAPL,2025-10-27,2025-10-28,executed,268.13397599,9.67,0.01,0.0,9.67,0.0,0.0
dca_l2_v2,ASML,2025-10-27,2025-10-28,executed,1050.40975941,6.45,0.01,0.0,6.45,0.0,0.0
dca_l2_v2,KO,2025-10-27,2025-10-28,executed,68.27014401,3.22,0.0,0.0,3.22,0.0,0.0
fixed,BYDDY,2025-11-03,2025-11-04,executed,12.29669527,30.0,0.03,0.01,22.5,0.0,7.5
reserve_fixed,BYDDY,2025-11-03,2025-11-04,executed,12.29669527,22.5,0.02,0.01,22.5,0.0,0.0
fixed,MSFT,2025-11-03,2025-11-04,executed,507.8375999,22.0,0.02,0.01,16.5,0.0,5.5
reserve_fixed,MSFT,2025-11-03,2025-11-04,executed,507.8375999,16.5,0.02,0.01,16.5,0.0,0.0
fixed,NVDA,2025-11-03,2025-11-04,executed,202.6160564,18.0,0.02,0.01,13.5,0.0,4.5
reserve_fixed,NVDA,2025-11-03,2025-11-04,executed,202.6160564,13.5,0.01,0.01,13.5,0.0,0.0
fixed,AAPL,2025-11-03,2025-11-04,executed,267.47611622,15.0,0.01,0.01,11.25,0.0,3.75
reserve_fixed,AAPL,2025-11-03,2025-11-04,executed,267.47611622,11.25,0.01,0.01,11.25,0.0,0.0
fixed,ASML,2025-11-03,2025-11-04,executed,1045.4526571,10.0,0.01,0.01,7.5,0.0,2.5
reserve_fixed,ASML,2025-11-03,2025-11-04,executed,1045.4526571,7.5,0.01,0.0,7.5,0.0,0.0
fixed,KO,2025-11-03,2025-11-04,executed,66.73028547,5.0,0.01,0.0,3.75,0.0,1.25
reserve_fixed,KO,2025-11-03,2025-11-04,executed,66.73028547,3.75,0.0,0.0,3.75,0.0,0.0
dca_l2_v2,BYDDY,2025-11-03,2025-11-04,executed,12.29669527,27.22,0.03,0.01,22.5,4.72,0.0
dca_l2_v2,MSFT,2025-11-03,2025-11-04,executed,507.8375999,16.5,0.02,0.01,16.5,0.0,0.0
dca_l2_v2,NVDA,2025-11-03,2025-11-04,executed,202.6160564,13.5,0.01,0.01,13.5,0.0,0.0
dca_l2_v2,AAPL,2025-11-03,2025-11-04,executed,267.47611622,11.25,0.01,0.01,11.25,0.0,0.0
dca_l2_v2,ASML,2025-11-03,2025-11-04,executed,1045.4526571,7.5,0.01,0.0,7.5,0.0,0.0
dca_l2_v2,KO,2025-11-03,2025-11-04,executed,66.73028547,3.75,0.0,0.0,3.75,0.0,0.0
fixed,BYDDY,2025-11-10,2025-11-11,executed,12.94388971,30.0,0.03,0.01,22.5,0.0,7.5
reserve_fixed,BYDDY,2025-11-10,2025-11-11,executed,12.94388971,22.5,0.02,0.01,22.5,0.0,0.0
fixed,MSFT,2025-11-10,2025-11-11,executed,500.93089828,22.0,0.02,0.01,16.5,0.0,5.5
reserve_fixed,MSFT,2025-11-10,2025-11-11,executed,500.93089828,16.5,0.02,0.01,16.5,0.0,0.0
fixed,NVDA,2025-11-10,2025-11-11,executed,194.79090078,18.0,0.02,0.01,13.5,0.0,4.5
reserve_fixed,NVDA,2025-11-10,2025-11-11,executed,194.79090078,13.5,0.01,0.01,13.5,0.0,0.0
fixed,AAPL,2025-11-10,2025-11-11,executed,269.21211179,15.0,0.01,0.01,11.25,0.0,3.75
reserve_fixed,AAPL,2025-11-10,2025-11-11,executed,269.21211179,11.25,0.01,0.01,11.25,0.0,0.0
fixed,ASML,2025-11-10,2025-11-11,executed,1027.3506136,10.0,0.01,0.01,7.5,0.0,2.5
reserve_fixed,ASML,2025-11-10,2025-11-11,executed,1027.3506136,7.5,0.01,0.0,7.5,0.0,0.0
fixed,KO,2025-11-10,2025-11-11,executed,69.17651097,5.0,0.01,0.0,3.75,0.0,1.25
reserve_fixed,KO,2025-11-10,2025-11-11,executed,69.17651097,3.75,0.0,0.0,3.75,0.0,0.0
dca_l2_v2,BYDDY,2025-11-10,2025-11-11,executed,12.94388971,25.3,0.03,0.01,22.5,2.8,0.0
dca_l2_v2,MSFT,2025-11-10,2025-11-11,executed,500.93089828,17.18,0.02,0.01,16.5,0.68,0.0
dca_l2_v2,NVDA,2025-11-10,2025-11-11,executed,194.79090078,13.5,0.01,0.01,13.5,0.0,0.0
dca_l2_v2,AAPL,2025-11-10,2025-11-11,executed,269.21211179,11.25,0.01,0.01,11.25,0.0,0.0
dca_l2_v2,ASML,2025-11-10,2025-11-11,executed,1027.3506136,7.5,0.01,0.0,7.5,0.0,0.0
dca_l2_v2,KO,2025-11-10,2025-11-11,executed,69.17651097,3.75,0.0,0.0,3.75,0.0,0.0
fixed,BYDDY,2025-11-17,2025-11-18,executed,12.35643613,30.0,0.03,0.01,22.5,0.0,7.5
reserve_fixed,BYDDY,2025-11-17,2025-11-18,executed,12.35643613,22.5,0.02,0.01,22.5,0.0,0.0
fixed,MSFT,2025-11-17,2025-11-18,executed,491.57319377,22.0,0.02,0.01,16.5,0.0,5.5
reserve_fixed,MSFT,2025-11-17,2025-11-18,executed,491.57319377,16.5,0.02,0.01,16.5,0.0,0.0
fixed,NVDA,2025-11-17,2025-11-18,executed,183.03317585,18.0,0.02,0.01,13.5,0.0,4.5
reserve_fixed,NVDA,2025-11-17,2025-11-18,executed,183.03317585,13.5,0.01,0.01,13.5,0.0,0.0
fixed,AAPL,2025-11-17,2025-11-18,executed,269.39168353,15.0,0.01,0.01,11.25,0.0,3.75
reserve_fixed,AAPL,2025-11-17,2025-11-18,executed,269.39168353,11.25,0.01,0.01,11.25,0.0,0.0
fixed,ASML,2025-11-17,2025-11-18,executed,1006.74916202,10.0,0.01,0.01,7.5,0.0,2.5
reserve_fixed,ASML,2025-11-17,2025-11-18,executed,1006.74916202,7.5,0.01,0.0,7.5,0.0,0.0
fixed,KO,2025-11-17,2025-11-18,executed,69.18625284,5.0,0.01,0.0,3.75,0.0,1.25
reserve_fixed,KO,2025-11-17,2025-11-18,executed,69.18625284,3.75,0.0,0.0,3.75,0.0,0.0
dca_l2_v2,BYDDY,2025-11-17,2025-11-18,executed,12.35643613,11.25,0.01,0.01,11.25,0.0,0.0
dca_l2_v2,MSFT,2025-11-17,2025-11-18,executed,491.57319377,8.25,0.01,0.0,8.25,0.0,0.0
dca_l2_v2,NVDA,2025-11-17,2025-11-18,executed,183.03317585,6.75,0.01,0.0,6.75,0.0,0.0
dca_l2_v2,AAPL,2025-11-17,2025-11-18,executed,269.39168353,5.63,0.01,0.0,5.63,0.0,0.0
dca_l2_v2,ASML,2025-11-17,2025-11-18,executed,1006.74916202,3.75,0.0,0.0,3.75,0.0,0.0
dca_l2_v2,KO,2025-11-17,2025-11-18,executed,69.18625284,1.88,0.0,0.0,1.88,0.0,0.0
fixed,BYDDY,2025-11-24,2025-11-25,executed,12.23695342,30.0,0.03,0.01,22.5,0.0,7.5
reserve_fixed,BYDDY,2025-11-24,2025-11-25,executed,12.23695342,22.5,0.02,0.01,22.5,0.0,0.0
fixed,MSFT,2025-11-24,2025-11-25,executed,471.31690668,22.0,0.02,0.01,16.5,0.0,5.5
reserve_fixed,MSFT,2025-11-24,2025-11-25,executed,471.31690668,16.5,0.02,0.01,16.5,0.0,0.0
fixed,NVDA,2025-11-24,2025-11-25,executed,174.57918697,18.0,0.02,0.01,13.5,0.0,4.5
reserve_fixed,NVDA,2025-11-24,2025-11-25,executed,174.57918697,13.5,0.01,0.01,13.5,0.0,0.0
fixed,AAPL,2025-11-24,2025-11-25,executed,274.66000337,15.0,0.01,0.01,11.25,0.0,3.75
reserve_fixed,AAPL,2025-11-24,2025-11-25,executed,274.66000337,11.25,0.01,0.01,11.25,0.0,0.0
fixed,ASML,2025-11-24,2025-11-25,executed,989.57306326,10.0,0.01,0.01,7.5,0.0,2.5
reserve_fixed,ASML,2025-11-24,2025-11-25,executed,989.57306326,7.5,0.01,0.0,7.5,0.0,0.0
fixed,KO,2025-11-24,2025-11-25,executed,70.95027641,4.6,0.0,0.0,3.75,0.0,1.25
reserve_fixed,KO,2025-11-24,2025-11-25,executed,70.95027641,3.75,0.0,0.0,3.75,0.0,0.0
dca_l2_v2,BYDDY,2025-11-24,2025-11-25,executed,12.23695342,11.25,0.01,0.01,11.25,0.0,0.0
dca_l2_v2,MSFT,2025-11-24,2025-11-25,executed,471.31690668,8.25,0.01,0.0,8.25,0.0,0.0
dca_l2_v2,NVDA,2025-11-24,2025-11-25,executed,174.57918697,6.75,0.01,0.0,6.75,0.0,0.0
dca_l2_v2,AAPL,2025-11-24,2025-11-25,executed,274.66000337,5.63,0.01,0.0,5.63,0.0,0.0
dca_l2_v2,ASML,2025-11-24,2025-11-25,executed,989.57306326,3.75,0.0,0.0,3.75,0.0,0.0
dca_l2_v2,KO,2025-11-24,2025-11-25,executed,70.95027641,1.88,0.0,0.0,1.88,0.0,0.0
fixed,BYDDY,2025-12-01,2025-12-02,executed,12.70492529,24.0,0.02,0.01,18.0,0.0,6.0
reserve_fixed,BYDDY,2025-12-01,2025-12-02,executed,12.70492529,18.0,0.02,0.01,18.0,0.0,0.0
fixed,MSFT,2025-12-01,2025-12-02,executed,483.89345481,17.6,0.02,0.01,13.2,0.0,4.4
reserve_fixed,MSFT,2025-12-01,2025-12-02,executed,483.89345481,13.2,0.01,0.01,13.2,0.0,0.0
fixed,NVDA,2025-12-01,2025-12-02,executed,181.41622478,14.4,0.01,0.01,10.8,0.0,3.6
reserve_fixed,NVDA,2025-12-01,2025-12-02,executed,181.41622478,10.8,0.01,0.01,10.8,0.0,0.0
fixed,AAPL,2025-12-01,2025-12-02,executed,282.37288989,12.0,0.01,0.01,9.0,0.0,3.0
reserve_fixed,AAPL,2025-12-01,2025-12-02,executed,282.37288989,9.0,0.01,0.0,9.0,0.0,0.0
fixed,ASML,2025-12-01,2025-12-02,executed,1084.94281131,8.0,0.01,0.0,6.0,0.0,2.0
reserve_fixed,ASML,2025-12-01,2025-12-02,executed,1084.94281131,6.0,0.01,0.0,6.0,0.0,0.0
fixed,KO,2025-12-01,2025-12-02,executed,70.46717698,4.0,0.0,0.0,3.0,0.0,1.0
reserve_fixed,KO,2025-12-01,2025-12-02,executed,70.46717698,3.0,0.0,0.0,3.0,0.0,0.0
dca_l2_v2,BYDDY,2025-12-01,2025-12-02,executed,12.70492529,9.0,0.01,0.0,9.0,0.0,0.0
dca_l2_v2,MSFT,2025-12-01,2025-12-02,executed,483.89345481,6.6,0.01,0.0,6.6,0.0,0.0
dca_l2_v2,NVDA,2025-12-01,2025-12-02,executed,181.41622478,5.4,0.01,0.0,5.4,0.0,0.0
dca_l2_v2,AAPL,2025-12-01,2025-12-02,executed,282.37288989,4.5,0.0,0.0,4.5,0.0,0.0
dca_l2_v2,ASML,2025-12-01,2025-12-02,executed,1084.94281131,3.0,0.0,0.0,3.0,0.0,0.0
dca_l2_v2,KO,2025-12-01,2025-12-02,executed,70.46717698,1.5,0.0,0.0,1.5,0.0,0.0
fixed,BYDDY,2025-12-08,2025-12-09,executed,12.44604791,24.0,0.02,0.01,18.0,0.0,6.0
reserve_fixed,BYDDY,2025-12-08,2025-12-09,executed,12.44604791,18.0,0.02,0.01,18.0,0.0,0.0
fixed,MSFT,2025-12-08,2025-12-09,executed,486.2596163,17.6,0.02,0.01,13.2,0.0,4.4
reserve_fixed,MSFT,2025-12-08,2025-12-09,executed,486.2596163,13.2,0.01,0.01,13.2,0.0,0.0
fixed,NVDA,2025-12-08,2025-12-09,executed,185.2193594,14.4,0.01,0.01,10.8,0.0,3.6
reserve_fixed,NVDA,2025-12-08,2025-12-09,executed,185.2193594,10.8,0.01,0.01,10.8,0.0,0.0
fixed,AAPL,2025-12-08,2025-12-09,executed,277.54363547,12.0,0.01,0.01,9.0,0.0,3.0
reserve_fixed,AAPL,2025-12-08,2025-12-09,executed,277.54363547,9.0,0.01,0.0,9.0,0.0,0.0
fixed,ASML,2025-12-08,2025-12-09,executed,1103.15452961,8.0,0.01,0.0,6.0,0.0,2.0
reserve_fixed,ASML,2025-12-08,2025-12-09,executed,1103.15452961,6.0,0.01,0.0,6.0,0.0,0.0
fixed,KO,2025-12-08,2025-12-09,executed,69.0637096,4.0,0.0,0.0,3.0,0.0,1.0
reserve_fixed,KO,2025-12-08,2025-12-09,executed,69.0637096,3.0,0.0,0.0,3.0,0.0,0.0
dca_l2_v2,BYDDY,2025-12-08,2025-12-09,executed,12.44604791,20.62,0.02,0.01,18.0,2.62,0.0
dca_l2_v2,MSFT,2025-12-08,2025-12-09,executed,486.2596163,14.6,0.01,0.01,13.2,1.4,0.0
dca_l2_v2,NVDA,2025-12-08,2025-12-09,executed,185.2193594,10.8,0.01,0.01,10.8,0.0,0.0
dca_l2_v2,AAPL,2025-12-08,2025-12-09,executed,277.54363547,9.0,0.01,0.0,9.0,0.0,0.0
dca_l2_v2,ASML,2025-12-08,2025-12-09,executed,1103.15452961,6.0,0.01,0.0,6.0,0.0,0.0
dca_l2_v2,KO,2025-12-08,2025-12-09,executed,69.0637096,3.0,0.0,0.0,3.0,0.0,0.0
fixed,BYDDY,2025-12-15,2025-12-16,executed,12.05772985,24.0,0.02,0.01,18.0,0.0,6.0
reserve_fixed,BYDDY,2025-12-15,2025-12-16,executed,12.05772985,18.0,0.02,0.01,18.0,0.0,0.0
fixed,MSFT,2025-12-15,2025-12-16,executed,469.16947851,17.6,0.02,0.01,13.2,0.0,4.4
reserve_fixed,MSFT,2025-12-15,2025-12-16,executed,469.16947851,13.2,0.01,0.01,13.2,0.0,0.0
fixed,NVDA,2025-12-15,2025-12-16,executed,175.93644026,14.4,0.01,0.01,10.8,0.0,3.6
reserve_fixed,NVDA,2025-12-15,2025-12-16,executed,175.93644026,10.8,0.01,0.01,10.8,0.0,0.0
fixed,AAPL,2025-12-15,2025-12-16,executed,272.21545271,12.0,0.01,0.01,9.0,0.0,3.0
reserve_fixed,AAPL,2025-12-15,2025-12-16,executed,272.21545271,9.0,0.01,0.0,9.0,0.0,0.0
fixed,ASML,2025-12-15,2025-12-16,executed,1076.89735559,8.0,0.01,0.0,6.0,0.0,2.0
reserve_fixed,ASML,2025-12-15,2025-12-16,executed,1076.89735559,6.0,0.01,0.0,6.0,0.0,0.0
fixed,KO,2025-12-15,2025-12-16,executed,69.97645674,4.0,0.0,0.0,3.0,0.0,1.0
reserve_fixed,KO,2025-12-15,2025-12-16,executed,69.97645674,3.0,0.0,0.0,3.0,0.0,0.0
dca_l2_v2,BYDDY,2025-12-15,2025-12-16,executed,12.05772985,9.0,0.01,0.0,9.0,0.0,0.0
dca_l2_v2,MSFT,2025-12-15,2025-12-16,executed,469.16947851,6.6,0.01,0.0,6.6,0.0,0.0
dca_l2_v2,NVDA,2025-12-15,2025-12-16,executed,175.93644026,5.4,0.01,0.0,5.4,0.0,0.0
dca_l2_v2,AAPL,2025-12-15,2025-12-16,executed,272.21545271,4.5,0.0,0.0,4.5,0.0,0.0
dca_l2_v2,ASML,2025-12-15,2025-12-16,executed,1076.89735559,3.0,0.0,0.0,3.0,0.0,0.0
dca_l2_v2,KO,2025-12-15,2025-12-16,executed,69.97645674,1.5,0.0,0.0,1.5,0.0,0.0
fixed,BYDDY,2025-12-22,2025-12-23,executed,11.85859433,24.0,0.02,0.01,18.0,0.0,6.0
reserve_fixed,BYDDY,2025-12-22,2025-12-23,executed,11.85859433,18.0,0.02,0.01,18.0,0.0,0.0
fixed,MSFT,2025-12-22,2025-12-23,executed,482.16357731,17.6,0.02,0.01,13.2,0.0,4.4
reserve_fixed,MSFT,2025-12-22,2025-12-23,executed,482.16357731,13.2,0.01,0.01,13.2,0.0,0.0
fixed,NVDA,2025-12-22,2025-12-23,executed,182.63411342,14.4,0.01,0.01,10.8,0.0,3.6
reserve_fixed,NVDA,2025-12-22,2025-12-23,executed,182.63411342,10.8,0.01,0.01,10.8,0.0,0.0
fixed,AAPL,2025-12-22,2025-12-23,executed,270.2398554,12.0,0.01,0.01,9.0,0.0,3.0
reserve_fixed,AAPL,2025-12-22,2025-12-23,executed,270.2398554,9.0,0.01,0.0,9.0,0.0,0.0
fixed,ASML,2025-12-22,2025-12-23,executed,1053.40836796,8.0,0.01,0.0,6.0,0.0,2.0
reserve_fixed,ASML,2025-12-22,2025-12-23,executed,1053.40836796,6.0,0.01,0.0,6.0,0.0,0.0
fixed,KO,2025-12-22,2025-12-23,executed,68.89686422,4.0,0.0,0.0,3.0,0.0,1.0
reserve_fixed,KO,2025-12-22,2025-12-23,executed,68.89686422,3.0,0.0,0.0,3.0,0.0,0.0
dca_l2_v2,BYDDY,2025-12-22,2025-12-23,executed,11.85859433,9.0,0.01,0.0,9.0,0.0,0.0
dca_l2_v2,MSFT,2025-12-22,2025-12-23,executed,482.16357731,6.6,0.01,0.0,6.6,0.0,0.0
dca_l2_v2,NVDA,2025-12-22,2025-12-23,executed,182.63411342,5.4,0.01,0.0,5.4,0.0,0.0
dca_l2_v2,AAPL,2025-12-22,2025-12-23,executed,270.2398554,4.5,0.0,0.0,4.5,0.0,0.0
dca_l2_v2,ASML,2025-12-22,2025-12-23,executed,1053.40836796,3.0,0.0,0.0,3.0,0.0,0.0
dca_l2_v2,KO,2025-12-22,2025-12-23,executed,68.89686422,1.5,0.0,0.0,1.5,0.0,0.0
fixed,BYDDY,2025-12-29,2025-12-30,executed,12.43608994,24.0,0.02,0.01,18.0,0.0,6.0
reserve_fixed,BYDDY,2025-12-29,2025-12-30,executed,12.43608994,18.0,0.02,0.01,18.0,0.0,0.0
fixed,MSFT,2025-12-29,2025-12-30,executed,483.10804731,17.6,0.02,0.01,13.2,0.0,4.4
reserve_fixed,MSFT,2025-12-29,2025-12-30,executed,483.10804731,13.2,0.01,0.01,13.2,0.0,0.0
fixed,NVDA,2025-12-29,2025-12-30,executed,187.89445128,14.4,0.01,0.01,10.8,0.0,3.6
reserve_fixed,NVDA,2025-12-29,2025-12-30,executed,187.89445128,10.8,0.01,0.01,10.8,0.0,0.0
fixed,AAPL,2025-12-29,2025-12-30,executed,272.20546271,12.0,0.01,0.01,9.0,0.0,3.0
reserve_fixed,AAPL,2025-12-29,2025-12-30,executed,272.20546271,9.0,0.01,0.0,9.0,0.0,0.0
fixed,ASML,2025-12-29,2025-12-30,executed,1079.93432431,8.0,0.01,0.0,6.0,0.0,2.0
reserve_fixed,ASML,2025-12-29,2025-12-30,executed,1079.93432431,6.0,0.01,0.0,6.0,0.0,0.0
fixed,KO,2025-12-29,2025-12-30,executed,68.70058413,3.6,0.0,0.0,3.0,0.0,1.0
reserve_fixed,KO,2025-12-29,2025-12-30,executed,68.70058413,3.0,0.0,0.0,3.0,0.0,0.0
dca_l2_v2,BYDDY,2025-12-29,2025-12-30,executed,12.43608994,20.09,0.02,0.01,18.0,2.09,0.0
dca_l2_v2,MSFT,2025-12-29,2025-12-30,executed,483.10804731,14.84,0.01,0.01,13.2,1.64,0.0
dca_l2_v2,NVDA,2025-12-29,2025-12-30,executed,187.89445128,10.8,0.01,0.01,10.8,0.0,0.0
dca_l2_v2,AAPL,2025-12-29,2025-12-30,executed,272.20546271,9.0,0.01,0.0,9.0,0.0,0.0
dca_l2_v2,ASML,2025-12-29,2025-12-30,executed,1079.93432431,6.23,0.01,0.0,6.0,0.23,0.0
dca_l2_v2,KO,2025-12-29,2025-12-30,executed,68.70058413,3.0,0.0,0.0,3.0,0.0,0.0
fixed,BYDDY,2026-01-05,2026-01-06,executed,12.69496831,30.0,0.03,0.01,22.5,0.0,7.5
reserve_fixed,BYDDY,2026-01-05,2026-01-06,executed,12.69496831,22.5,0.02,0.01,22.5,0.0,0.0
fixed,MSFT,2026-01-05,2026-01-06,executed,471.04848554,22.0,0.02,0.01,16.5,0.0,5.5
reserve_fixed,MSFT,2026-01-05,2026-01-06,executed,471.04848554,16.5,0.02,0.01,16.5,0.0,0.0
fixed,NVDA,2026-01-05,2026-01-06,executed,190.17026561,18.0,0.02,0.01,13.5,0.0,4.5
reserve_fixed,NVDA,2026-01-05,2026-01-06,executed,190.17026561,13.5,0.01,0.01,13.5,0.0,0.0
fixed,AAPL,2026-01-05,2026-01-06,executed,266.40838462,15.0,0.01,0.01,11.25,0.0,3.75
reserve_fixed,AAPL,2026-01-05,2026-01-06,executed,266.40838462,11.25,0.01,0.01,11.25,0.0,0.0
fixed,ASML,2026-01-05,2026-01-06,executed,1217.58219685,10.0,0.01,0.01,7.5,0.0,2.5
reserve_fixed,ASML,2026-01-05,2026-01-06,executed,1217.58219685,7.5,0.01,0.0,7.5,0.0,0.0
fixed,KO,2026-01-05,2026-01-06,executed,66.74752508,5.0,0.01,0.0,3.75,0.0,1.25
reserve_fixed,KO,2026-01-05,2026-01-06,executed,66.74752508,3.75,0.0,0.0,3.75,0.0,0.0
dca_l2_v2,BYDDY,2026-01-05,2026-01-06,executed,12.69496831,24.29,0.02,0.01,22.5,1.79,0.0
dca_l2_v2,MSFT,2026-01-05,2026-01-06,executed,471.04848554,19.1,0.02,0.01,16.5,2.6,0.0
dca_l2_v2,NVDA,2026-01-05,2026-01-06,executed,190.17026561,13.5,0.01,0.01,13.5,0.0,0.0
dca_l2_v2,AAPL,2026-01-05,2026-01-06,executed,266.40838462,11.7,0.01,0.01,11.25,0.45,0.0
dca_l2_v2,ASML,2026-01-05,2026-01-06,executed,1217.58219685,7.5,0.01,0.0,7.5,0.0,0.0
dca_l2_v2,KO,2026-01-05,2026-01-06,executed,66.74752508,3.88,0.0,0.0,3.75,0.13,0.0
fixed,BYDDY,2026-01-12,2026-01-13,executed,12.44604791,30.0,0.03,0.01,22.5,0.0,7.5
reserve_fixed,BYDDY,2026-01-12,2026-01-13,executed,12.44604791,22.5,0.02,0.01,22.5,0.0,0.0
fixed,MSFT,2026-01-12,2026-01-13,executed,471.92336276,22.0,0.02,0.01,16.5,0.0,5.5
reserve_fixed,MSFT,2026-01-12,2026-01-13,executed,471.92336276,16.5,0.02,0.01,16.5,0.0,0.0
fixed,NVDA,2026-01-12,2026-01-13,executed,184.66039806,18.0,0.02,0.01,13.5,0.0,4.5
reserve_fixed,NVDA,2026-01-12,2026-01-13,executed,184.66039806,13.5,0.01,0.01,13.5,0.0,0.0
fixed,AAPL,2026-01-12,2026-01-13,executed,258.14671685,15.0,0.01,0.01,11.25,0.0,3.75
reserve_fixed,AAPL,2026-01-12,2026-01-13,executed,258.14671685,11.25,0.01,0.01,11.25,0.0,0.0
fixed,ASML,2026-01-12,2026-01-13,executed,1276.82727259,10.0,0.01,0.01,7.5,0.0,2.5
reserve_fixed,ASML,2026-01-12,2026-01-13,executed,1276.82727259,7.5,0.01,0.0,7.5,0.0,0.0
fixed,KO,2026-01-12,2026-01-13,executed,69.11279313,5.0,0.01,0.0,3.75,0.0,1.25
reserve_fixed,KO,2026-01-12,2026-01-13,executed,69.11279313,3.75,0.0,0.0,3.75,0.0,0.0
dca_l2_v2,BYDDY,2026-01-12,2026-01-13,executed,12.44604791,24.3,0.02,0.01,22.5,1.8,0.0
dca_l2_v2,MSFT,2026-01-12,2026-01-13,executed,471.92336276,18.93,0.02,0.01,16.5,2.43,0.0
dca_l2_v2,NVDA,2026-01-12,2026-01-13,executed,184.66039806,13.5,0.01,0.01,13.5,0.0,0.0
dca_l2_v2,AAPL,2026-01-12,2026-01-13,executed,258.14671685,12.39,0.01,0.01,11.25,1.14,0.0
dca_l2_v2,ASML,2026-01-12,2026-01-13,executed,1276.82727259,7.5,0.01,0.0,7.5,0.0,0.0
dca_l2_v2,KO,2026-01-12,2026-01-13,executed,69.11279313,3.75,0.0,0.0,3.75,0.0,0.0
fixed,BYDDY,2026-01-16,2026-01-20,executed,12.35643613,30.0,0.03,0.01,22.5,0.0,7.5
reserve_fixed,BYDDY,2026-01-16,2026-01-20,executed,12.35643613,22.5,0.02,0.01,22.5,0.0,0.0
fixed,MSFT,2026-01-16,2026-01-20,executed,448.59960571,22.0,0.02,0.01,16.5,0.0,5.5
reserve_fixed,MSFT,2026-01-16,2026-01-20,executed,448.59960571,16.5,0.02,0.01,16.5,0.0,0.0
fixed,NVDA,2026-01-16,2026-01-20,executed,181.56606466,18.0,0.02,0.01,13.5,0.0,4.5
reserve_fixed,NVDA,2026-01-16,2026-01-20,executed,181.56606466,13.5,0.01,0.01,13.5,0.0,0.0
fixed,AAPL,2026-01-16,2026-01-20,executed,252.16997097,15.0,0.01,0.01,11.25,0.0,3.75
reserve_fixed,AAPL,2026-01-16,2026-01-20,executed,252.16997097,11.25,0.01,0.01,11.25,0.0,0.0
fixed,ASML,2026-01-16,2026-01-20,executed,1313.46978569,10.0,0.01,0.01,7.5,0.0,2.5
reserve_fixed,ASML,2026-01-16,2026-01-20,executed,1313.46978569,7.5,0.01,0.0,7.5,0.0,0.0
fixed,KO,2026-01-16,2026-01-20,executed,68.70058813,5.0,0.01,0.0,3.75,0.0,1.25
reserve_fixed,KO,2026-01-16,2026-01-20,executed,68.70058813,3.75,0.0,0.0,3.75,0.0,0.0
dca_l2_v2,BYDDY,2026-01-16,2026-01-20,executed,12.35643613,22.5,0.02,0.01,22.5,0.0,0.0
dca_l2_v2,MSFT,2026-01-16,2026-01-20,executed,448.59960571,18.75,0.02,0.01,16.5,2.25,0.0
dca_l2_v2,NVDA,2026-01-16,2026-01-20,executed,181.56606466,13.5,0.01,0.01,13.5,0.0,0.0
dca_l2_v2,AAPL,2026-01-16,2026-01-20,executed,252.16997097,12.76,0.01,0.01,11.25,1.51,0.0
dca_l2_v2,ASML,2026-01-16,2026-01-20,executed,1313.46978569,7.5,0.01,0.0,7.5,0.0,0.0
dca_l2_v2,KO,2026-01-16,2026-01-20,executed,68.70058813,3.75,0.0,0.0,3.75,0.0,0.0
fixed,BYDDY,2026-01-26,2026-01-27,executed,12.5754866,30.0,0.03,0.01,22.5,0.0,7.5
reserve_fixed,BYDDY,2026-01-26,2026-01-27,executed,12.5754866,22.5,0.02,0.01,22.5,0.0,0.0
fixed,MSFT,2026-01-26,2026-01-27,executed,470.94910888,22.0,0.02,0.01,16.5,0.0,5.5
reserve_fixed,MSFT,2026-01-26,2026-01-27,executed,470.94910888,16.5,0.02,0.01,16.5,0.0,0.0
fixed,NVDA,2026-01-26,2026-01-27,executed,186.89628544,18.0,0.02,0.01,13.5,0.0,4.5
reserve_fixed,NVDA,2026-01-26,2026-01-27,executed,186.89628544,13.5,0.01,0.01,13.5,0.0,0.0
fixed,AAPL,2026-01-26,2026-01-27,executed,258.59572325,15.0,0.01,0.01,11.25,0.0,3.75
reserve_fixed,AAPL,2026-01-26,2026-01-27,executed,258.59572325,11.25,0.01,0.01,11.25,0.0,0.0
fixed,ASML,2026-01-26,2026-01-27,executed,1411.55779018,10.0,0.01,0.01,7.5,0.0,2.5
reserve_fixed,ASML,2026-01-26,2026-01-27,executed,1411.55779018,7.5,0.01,0.0,7.5,0.0,0.0
fixed,KO,2026-01-26,2026-01-27,executed,71.09529188,4.6,0.0,0.0,3.75,0.0,1.25
reserve_fixed,KO,2026-01-26,2026-01-27,executed,71.09529188,3.75,0.0,0.0,3.75,0.0,0.0
dca_l2_v2,BYDDY,2026-01-26,2026-01-27,executed,12.5754866,18.27,0.02,0.01,18.27,0.0,0.0
dca_l2_v2,MSFT,2026-01-26,2026-01-27,executed,470.94910888,13.4,0.01,0.01,13.4,0.0,0.0
dca_l2_v2,NVDA,2026-01-26,2026-01-27,executed,186.89628544,10.96,0.01,0.01,10.96,0.0,0.0
dca_l2_v2,AAPL,2026-01-26,2026-01-27,executed,258.59572325,9.14,0.01,0.0,9.14,0.0,0.0
dca_l2_v2,ASML,2026-01-26,2026-01-27,executed,1411.55779018,6.09,0.01,0.0,6.09,0.0,0.0
dca_l2_v2,KO,2026-01-26,2026-01-27,executed,71.09529188,3.05,0.0,0.0,3.05,0.0,0.0
fixed,BYDDY,2026-02-02,2026-02-03,executed,11.43044937,30.0,0.03,0.01,22.5,0.0,7.5
reserve_fixed,BYDDY,2026-02-02,2026-02-03,executed,11.43044937,22.5,0.02,0.01,22.5,0.0,0.0
fixed,MSFT,2026-02-02,2026-02-03,executed,419.55925279,22.0,0.02,0.01,16.5,0.0,5.5
reserve_fixed,MSFT,2026-02-02,2026-02-03,executed,419.55925279,16.5,0.02,0.01,16.5,0.0,0.0
fixed,NVDA,2026-02-02,2026-02-03,executed,185.89811361,18.0,0.02,0.01,13.5,0.0,4.5
reserve_fixed,NVDA,2026-02-02,2026-02-03,executed,185.89811361,13.5,0.01,0.01,13.5,0.0,0.0
fixed,AAPL,2026-02-02,2026-02-03,executed,268.60350063,15.0,0.01,0.01,11.25,0.0,3.75
reserve_fixed,AAPL,2026-02-02,2026-02-03,executed,268.60350063,11.25,0.01,0.01,11.25,0.0,0.0
fixed,ASML,2026-02-02,2026-02-03,executed,1429.88891516,10.0,0.01,0.01,7.5,0.0,2.5
reserve_fixed,ASML,2026-02-02,2026-02-03,executed,1429.88891516,7.5,0.01,0.0,7.5,0.0,0.0
fixed,KO,2026-02-02,2026-02-03,executed,73.87275492,5.0,0.01,0.0,3.75,0.0,1.25
reserve_fixed,KO,2026-02-02,2026-02-03,executed,73.87275492,3.75,0.0,0.0,3.75,0.0,0.0
dca_l2_v2,BYDDY,2026-02-02,2026-02-03,executed,11.43044937,25.63,0.03,0.01,22.5,3.13,0.0
dca_l2_v2,MSFT,2026-02-02,2026-02-03,executed,419.55925279,19.89,0.02,0.01,16.5,3.39,0.0
dca_l2_v2,NVDA,2026-02-02,2026-02-03,executed,185.89811361,13.5,0.01,0.01,13.5,0.0,0.0
dca_l2_v2,AAPL,2026-02-02,2026-02-03,executed,268.60350063,11.43,0.01,0.01,11.25,0.18,0.0
dca_l2_v2,ASML,2026-02-02,2026-02-03,executed,1429.88891516,7.5,0.01,0.0,7.5,0.0,0.0
dca_l2_v2,KO,2026-02-02,2026-02-03,executed,73.87275492,3.75,0.0,0.0,3.75,0.0,0.0
fixed,BYDDY,2026-02-09,2026-02-10,executed,12.13738566,30.0,0.03,0.01,22.5,0.0,7.5
reserve_fixed,BYDDY,2026-02-09,2026-02-10,executed,12.13738566,22.5,0.02,0.01,22.5,0.0,0.0
fixed,MSFT,2026-02-09,2026-02-10,executed,417.18313532,22.0,0.02,0.01,16.5,0.0,5.5
reserve_fixed,MSFT,2026-02-09,2026-02-10,executed,417.18313532,16.5,0.02,0.01,16.5,0.0,0.0
fixed,NVDA,2026-02-09,2026-02-10,executed,191.02868661,18.0,0.02,0.01,13.5,0.0,4.5
reserve_fixed,NVDA,2026-02-09,2026-02-10,executed,191.02868661,13.5,0.01,0.01,13.5,0.0,0.0
fixed,AAPL,2026-02-09,2026-02-10,executed,274.53751016,15.0,0.01,0.01,11.25,0.0,3.75
reserve_fixed,AAPL,2026-02-09,2026-02-10,executed,274.53751016,11.25,0.01,0.01,11.25,0.0,0.0
fixed,ASML,2026-02-09,2026-02-10,executed,1434.99536511,10.0,0.01,0.01,7.5,0.0,2.5
reserve_fixed,ASML,2026-02-09,2026-02-10,executed,1434.99536511,7.5,0.01,0.0,7.5,0.0,0.0
fixed,KO,2026-02-09,2026-02-10,executed,75.20751096,5.0,0.01,0.0,3.75,0.0,1.25
reserve_fixed,KO,2026-02-09,2026-02-10,executed,75.20751096,3.75,0.0,0.0,3.75,0.0,0.0
dca_l2_v2,BYDDY,2026-02-09,2026-02-10,executed,12.13738566,11.25,0.01,0.01,11.25,0.0,0.0
dca_l2_v2,MSFT,2026-02-09,2026-02-10,executed,417.18313532,8.25,0.01,0.0,8.25,0.0,0.0
dca_l2_v2,NVDA,2026-02-09,2026-02-10,executed,191.02868661,6.75,0.01,0.0,6.75,0.0,0.0
dca_l2_v2,AAPL,2026-02-09,2026-02-10,executed,274.53751016,5.63,0.01,0.0,5.63,0.0,0.0
dca_l2_v2,ASML,2026-02-09,2026-02-10,executed,1434.99536511,3.75,0.0,0.0,3.75,0.0,0.0
dca_l2_v2,KO,2026-02-09,2026-02-10,executed,75.20751096,1.88,0.0,0.0,1.88,0.0,0.0
fixed,BYDDY,2026-02-13,2026-02-17,executed,12.22699744,30.0,0.03,0.01,22.5,0.0,7.5
reserve_fixed,BYDDY,2026-02-13,2026-02-17,executed,12.22699744,22.5,0.02,0.01,22.5,0.0,0.0
fixed,MSFT,2026-02-13,2026-02-17,executed,396.90161363,22.0,0.02,0.01,16.5,0.0,5.5
reserve_fixed,MSFT,2026-02-13,2026-02-17,executed,396.90161363,16.5,0.02,0.01,16.5,0.0,0.0
fixed,NVDA,2026-02-13,2026-02-17,executed,181.41635685,18.0,0.02,0.01,13.5,0.0,4.5
reserve_fixed,NVDA,2026-02-13,2026-02-17,executed,181.41635685,13.5,0.01,0.01,13.5,0.0,0.0
fixed,AAPL,2026-02-13,2026-02-17,executed,257.71910616,15.0,0.01,0.01,11.25,0.0,3.75
reserve_fixed,AAPL,2026-02-13,2026-02-17,executed,257.71910616,11.25,0.01,0.01,11.25,0.0,0.0
fixed,ASML,2026-02-13,2026-02-17,executed,1388.43399406,10.0,0.01,0.01,7.5,0.0,2.5
reserve_fixed,ASML,2026-02-13,2026-02-17,executed,1388.43399406,7.5,0.01,0.0,7.5,0.0,0.0
fixed,KO,2026-02-13,2026-02-17,executed,77.52370148,5.0,0.01,0.0,3.75,0.0,1.25
reserve_fixed,KO,2026-02-13,2026-02-17,executed,77.52370148,3.75,0.0,0.0,3.75,0.0,0.0
dca_l2_v2,BYDDY,2026-02-13,2026-02-17,executed,12.22699744,11.25,0.01,0.01,11.25,0.0,0.0
dca_l2_v2,MSFT,2026-02-13,2026-02-17,executed,396.90161363,8.25,0.01,0.0,8.25,0.0,0.0
dca_l2_v2,NVDA,2026-02-13,2026-02-17,executed,181.41635685,6.75,0.01,0.0,6.75,0.0,0.0
dca_l2_v2,AAPL,2026-02-13,2026-02-17,executed,257.71910616,5.63,0.01,0.0,5.63,0.0,0.0
dca_l2_v2,ASML,2026-02-13,2026-02-17,executed,1388.43399406,3.75,0.0,0.0,3.75,0.0,0.0
dca_l2_v2,KO,2026-02-13,2026-02-17,executed,77.52370148,1.88,0.0,0.0,1.88,0.0,0.0
fixed,BYDDY,2026-02-23,2026-02-24,executed,12.63522646,30.0,0.03,0.01,22.5,0.0,7.5
reserve_fixed,BYDDY,2026-02-23,2026-02-24,executed,12.63522646,22.5,0.02,0.01,22.5,0.0,0.0
fixed,MSFT,2026-02-23,2026-02-24,executed,382.7808868,22.0,0.02,0.01,16.5,0.0,5.5
reserve_fixed,MSFT,2026-02-23,2026-02-24,executed,382.7808868,16.5,0.02,0.01,16.5,0.0,0.0
fixed,NVDA,2026-02-23,2026-02-24,executed,191.13849149,18.0,0.02,0.01,13.5,0.0,4.5
reserve_fixed,NVDA,2026-02-23,2026-02-24,executed,191.13849149,13.5,0.01,0.01,13.5,0.0,0.0
fixed,AAPL,2026-02-23,2026-02-24,executed,267.51652942,15.0,0.01,0.01,11.25,0.0,3.75
reserve_fixed,AAPL,2026-02-23,2026-02-24,executed,267.51652942,11.25,0.01,0.01,11.25,0.0,0.0
fixed,ASML,2026-02-23,2026-02-24,executed,1495.56502681,10.0,0.01,0.01,7.5,0.0,2.5
reserve_fixed,ASML,2026-02-23,2026-02-24,executed,1495.56502681,7.5,0.01,0.0,7.5,0.0,0.0
fixed,KO,2026-02-23,2026-02-24,executed,79.04493872,4.6,0.0,0.0,3.75,0.0,1.25
reserve_fixed,KO,2026-02-23,2026-02-24,executed,79.04493872,3.75,0.0,0.0,3.75,0.0,0.0
dca_l2_v2,BYDDY,2026-02-23,2026-02-24,executed,12.63522646,11.25,0.01,0.01,11.25,0.0,0.0
dca_l2_v2,MSFT,2026-02-23,2026-02-24,executed,382.7808868,8.25,0.01,0.0,8.25,0.0,0.0
dca_l2_v2,NVDA,2026-02-23,2026-02-24,executed,191.13849149,6.75,0.01,0.0,6.75,0.0,0.0
dca_l2_v2,AAPL,2026-02-23,2026-02-24,executed,267.51652942,5.63,0.01,0.0,5.63,0.0,0.0
dca_l2_v2,ASML,2026-02-23,2026-02-24,executed,1495.56502681,3.75,0.0,0.0,3.75,0.0,0.0
dca_l2_v2,KO,2026-02-23,2026-02-24,executed,79.04493872,1.88,0.0,0.0,1.88,0.0,0.0
fixed,BYDDY,2026-03-02,2026-03-03,executed,12.02785992,24.0,0.02,0.01,18.0,0.0,6.0
reserve_fixed,BYDDY,2026-03-02,2026-03-03,executed,12.02785992,18.0,0.02,0.01,18.0,0.0,0.0
fixed,MSFT,2026-03-02,2026-03-03,executed,391.74903063,17.6,0.02,0.01,13.2,0.0,4.4
reserve_fixed,MSFT,2026-03-02,2026-03-03,executed,391.74903063,13.2,0.01,0.01,13.2,0.0,0.0
fixed,NVDA,2026-03-02,2026-03-03,executed,178.16233465,14.4,0.01,0.01,10.8,0.0,3.6
reserve_fixed,NVDA,2026-03-02,2026-03-03,executed,178.16233465,10.8,0.01,0.01,10.8,0.0,0.0
fixed,AAPL,2026-03-02,2026-03-03,executed,263.14217934,12.0,0.01,0.01,9.0,0.0,3.0
reserve_fixed,AAPL,2026-03-02,2026-03-03,executed,263.14217934,9.0,0.01,0.0,9.0,0.0,0.0
fixed,ASML,2026-03-02,2026-03-03,executed,1353.54795276,8.0,0.01,0.0,6.0,0.0,2.0
reserve_fixed,ASML,2026-03-02,2026-03-03,executed,1353.54795276,6.0,0.01,0.0,6.0,0.0,0.0
fixed,KO,2026-03-02,2026-03-03,executed,78.37755819,4.0,0.0,0.0,3.0,0.0,1.0
reserve_fixed,KO,2026-03-02,2026-03-03,executed,78.37755819,3.0,0.0,0.0,3.0,0.0,0.0
dca_l2_v2,BYDDY,2026-03-02,2026-03-03,executed,12.02785992,9.0,0.01,0.0,9.0,0.0,0.0
dca_l2_v2,MSFT,2026-03-02,2026-03-03,executed,391.74903063,6.6,0.01,0.0,6.6,0.0,0.0
dca_l2_v2,NVDA,2026-03-02,2026-03-03,executed,178.16233465,5.4,0.01,0.0,5.4,0.0,0.0
dca_l2_v2,AAPL,2026-03-02,2026-03-03,executed,263.14217934,4.5,0.0,0.0,4.5,0.0,0.0
dca_l2_v2,ASML,2026-03-02,2026-03-03,executed,1353.54795276,3.0,0.0,0.0,3.0,0.0,0.0
dca_l2_v2,KO,2026-03-02,2026-03-03,executed,78.37755819,1.5,0.0,0.0,1.5,0.0,0.0
fixed,BYDDY,2026-03-09,2026-03-10,executed,12.2469104,24.0,0.02,0.01,18.0,0.0,6.0
reserve_fixed,BYDDY,2026-03-09,2026-03-10,executed,12.2469104,18.0,0.02,0.01,18.0,0.0,0.0
fixed,MSFT,2026-03-09,2026-03-10,executed,408.57925653,17.6,0.02,0.01,13.2,0.0,4.4
reserve_fixed,MSFT,2026-03-09,2026-03-10,executed,408.57925653,13.2,0.01,0.01,13.2,0.0,0.0
fixed,NVDA,2026-03-09,2026-03-10,executed,182.06516309,14.4,0.01,0.01,10.8,0.0,3.6
reserve_fixed,NVDA,2026-03-09,2026-03-10,executed,182.06516309,10.8,0.01,0.01,10.8,0.0,0.0
fixed,AAPL,2026-03-09,2026-03-10,executed,257.31962351,12.0,0.01,0.01,9.0,0.0,3.0
reserve_fixed,AAPL,2026-03-09,2026-03-10,executed,257.31962351,9.0,0.01,0.0,9.0,0.0,0.0
fixed,ASML,2026-03-09,2026-03-10,executed,1370.50745927,8.0,0.01,0.0,6.0,0.0,2.0
reserve_fixed,ASML,2026-03-09,2026-03-10,executed,1370.50745927,6.0,0.01,0.0,6.0,0.0,0.0
fixed,KO,2026-03-09,2026-03-10,executed,76.04173987,4.0,0.0,0.0,3.0,0.0,1.0
reserve_fixed,KO,2026-03-09,2026-03-10,executed,76.04173987,3.0,0.0,0.0,3.0,0.0,0.0
dca_l2_v2,BYDDY,2026-03-09,2026-03-10,executed,12.2469104,9.0,0.01,0.0,9.0,0.0,0.0
dca_l2_v2,MSFT,2026-03-09,2026-03-10,executed,408.57925653,6.6,0.01,0.0,6.6,0.0,0.0
dca_l2_v2,NVDA,2026-03-09,2026-03-10,executed,182.06516309,5.4,0.01,0.0,5.4,0.0,0.0
dca_l2_v2,AAPL,2026-03-09,2026-03-10,executed,257.31962351,4.5,0.0,0.0,4.5,0.0,0.0
dca_l2_v2,ASML,2026-03-09,2026-03-10,executed,1370.50745927,3.0,0.0,0.0,3.0,0.0,0.0
dca_l2_v2,KO,2026-03-09,2026-03-10,executed,76.04173987,1.5,0.0,0.0,1.5,0.0,0.0
fixed,BYDDY,2026-03-16,2026-03-17,executed,13.27246492,24.0,0.02,0.01,18.0,0.0,6.0
reserve_fixed,BYDDY,2026-03-16,2026-03-17,executed,13.27246492,18.0,0.02,0.01,18.0,0.0,0.0
fixed,MSFT,2026-03-16,2026-03-17,executed,398.85375421,17.6,0.02,0.01,13.2,0.0,4.4
reserve_fixed,MSFT,2026-03-16,2026-03-17,executed,398.85375421,13.2,0.01,0.01,13.2,0.0,0.0
fixed,NVDA,2026-03-16,2026-03-17,executed,184.73027698,14.4,0.01,0.01,10.8,0.0,3.6
reserve_fixed,NVDA,2026-03-16,2026-03-17,executed,184.73027698,10.8,0.01,0.01,10.8,0.0,0.0
fixed,AAPL,2026-03-16,2026-03-17,executed,252.63564269,12.0,0.01,0.01,9.0,0.0,3.0
reserve_fixed,AAPL,2026-03-16,2026-03-17,executed,252.63564269,9.0,0.01,0.0,9.0,0.0,0.0
fixed,ASML,2026-03-16,2026-03-17,executed,1380.93643316,8.0,0.01,0.0,6.0,0.0,2.0
reserve_fixed,ASML,2026-03-16,2026-03-17,executed,1380.93643316,6.0,0.01,0.0,6.0,0.0,0.0
fixed,KO,2026-03-16,2026-03-17,executed,77.07845497,4.0,0.0,0.0,3.0,0.0,1.0
reserve_fixed,KO,2026-03-16,2026-03-17,executed,77.07845497,3.0,0.0,0.0,3.0,0.0,0.0
dca_l2_v2,BYDDY,2026-03-16,2026-03-17,executed,13.27246492,9.0,0.01,0.0,9.0,0.0,0.0
dca_l2_v2,MSFT,2026-03-16,2026-03-17,executed,398.85375421,6.6,0.01,0.0,6.6,0.0,0.0
dca_l2_v2,NVDA,2026-03-16,2026-03-17,executed,184.73027698,5.4,0.01,0.0,5.4,0.0,0.0
dca_l2_v2,AAPL,2026-03-16,2026-03-17,executed,252.63564269,4.5,0.0,0.0,4.5,0.0,0.0
dca_l2_v2,ASML,2026-03-16,2026-03-17,executed,1380.93643316,3.0,0.0,0.0,3.0,0.0,0.0
dca_l2_v2,KO,2026-03-16,2026-03-17,executed,77.07845497,1.5,0.0,0.0,1.5,0.0,0.0
fixed,BYDDY,2026-03-23,2026-03-24,executed,13.42181655,24.0,0.02,0.01,18.0,0.0,6.0
reserve_fixed,BYDDY,2026-03-23,2026-03-24,executed,13.42181655,18.0,0.02,0.01,18.0,0.0,0.0
fixed,MSFT,2026-03-23,2026-03-24,executed,381.00714137,17.6,0.02,0.01,13.2,0.0,4.4
reserve_fixed,MSFT,2026-03-23,2026-03-24,executed,381.00714137,13.2,0.01,0.01,13.2,0.0,0.0
fixed,NVDA,2026-03-23,2026-03-24,executed,174.51850965,14.4,0.01,0.01,10.8,0.0,3.6
reserve_fixed,NVDA,2026-03-23,2026-03-24,executed,174.51850965,10.8,0.01,0.01,10.8,0.0,0.0
fixed,AAPL,2026-03-23,2026-03-24,executed,250.02898302,12.0,0.01,0.01,9.0,0.0,3.0
reserve_fixed,AAPL,2026-03-23,2026-03-24,executed,250.02898302,9.0,0.01,0.0,9.0,0.0,0.0
fixed,ASML,2026-03-23,2026-03-24,executed,1345.11315247,8.0,0.01,0.0,6.0,0.0,2.0
reserve_fixed,ASML,2026-03-23,2026-03-24,executed,1345.11315247,6.0,0.01,0.0,6.0,0.0,0.0
fixed,KO,2026-03-23,2026-03-24,executed,73.97555629,4.0,0.0,0.0,3.0,0.0,1.0
reserve_fixed,KO,2026-03-23,2026-03-24,executed,73.97555629,3.0,0.0,0.0,3.0,0.0,0.0
dca_l2_v2,BYDDY,2026-03-23,2026-03-24,executed,13.42181655,9.0,0.01,0.0,9.0,0.0,0.0
dca_l2_v2,MSFT,2026-03-23,2026-03-24,executed,381.00714137,6.6,0.01,0.0,6.6,0.0,0.0
dca_l2_v2,NVDA,2026-03-23,2026-03-24,executed,174.51850965,5.4,0.01,0.0,5.4,0.0,0.0
dca_l2_v2,AAPL,2026-03-23,2026-03-24,executed,250.02898302,4.5,0.0,0.0,4.5,0.0,0.0
dca_l2_v2,ASML,2026-03-23,2026-03-24,executed,1345.11315247,3.0,0.0,0.0,3.0,0.0,0.0
dca_l2_v2,KO,2026-03-23,2026-03-24,executed,73.97555629,1.5,0.0,0.0,1.5,0.0,0.0
fixed,BYDDY,2026-03-30,2026-03-31,executed,13.34216275,24.0,0.02,0.01,18.0,0.0,6.0
reserve_fixed,BYDDY,2026-03-30,2026-03-31,executed,13.34216275,18.0,0.02,0.01,18.0,0.0,0.0
fixed,MSFT,2026-03-30,2026-03-31,executed,363.26016131,17.6,0.02,0.01,13.2,0.0,4.4
reserve_fixed,MSFT,2026-03-30,2026-03-31,executed,363.26016131,13.2,0.01,0.01,13.2,0.0,0.0
fixed,NVDA,2026-03-30,2026-03-31,executed,166.67251961,14.4,0.01,0.01,10.8,0.0,3.6
reserve_fixed,NVDA,2026-03-30,2026-03-31,executed,166.67251961,10.8,0.01,0.01,10.8,0.0,0.0
fixed,AAPL,2026-03-30,2026-03-31,executed,247.59211019,12.0,0.01,0.01,9.0,0.0,3.0
reserve_fixed,AAPL,2026-03-30,2026-03-31,executed,247.59211019,9.0,0.01,0.0,9.0,0.0,0.0
fixed,ASML,2026-03-30,2026-03-31,executed,1280.51543275,8.0,0.01,0.0,6.0,0.0,2.0
reserve_fixed,ASML,2026-03-30,2026-03-31,executed,1280.51543275,6.0,0.01,0.0,6.0,0.0,0.0
fixed,KO,2026-03-30,2026-03-31,executed,75.62581901,3.6,0.0,0.0,3.0,0.0,1.0
reserve_fixed,KO,2026-03-30,2026-03-31,executed,75.62581901,3.0,0.0,0.0,3.0,0.0,0.0
dca_l2_v2,BYDDY,2026-03-30,2026-03-31,executed,13.34216275,9.0,0.01,0.0,9.0,0.0,0.0
dca_l2_v2,MSFT,2026-03-30,2026-03-31,executed,363.26016131,6.6,0.01,0.0,6.6,0.0,0.0
dca_l2_v2,NVDA,2026-03-30,2026-03-31,executed,166.67251961,5.4,0.01,0.0,5.4,0.0,0.0
dca_l2_v2,AAPL,2026-03-30,2026-03-31,executed,247.59211019,4.5,0.0,0.0,4.5,0.0,0.0
dca_l2_v2,ASML,2026-03-30,2026-03-31,executed,1280.51543275,3.0,0.0,0.0,3.0,0.0,0.0
dca_l2_v2,KO,2026-03-30,2026-03-31,executed,75.62581901,1.5,0.0,0.0,1.5,0.0,0.0
fixed,BYDDY,2026-04-06,2026-04-07,executed,13.09324235,30.0,0.03,0.01,22.5,0.0,7.5
reserve_fixed,BYDDY,2026-04-06,2026-04-07,executed,13.09324235,22.5,0.02,0.01,22.5,0.0,0.0
fixed,MSFT,2026-04-06,2026-04-07,executed,369.02969564,22.0,0.02,0.01,16.5,0.0,5.5
reserve_fixed,MSFT,2026-04-06,2026-04-07,executed,369.02969564,16.5,0.02,0.01,16.5,0.0,0.0
fixed,NVDA,2026-04-06,2026-04-07,executed,175.41689161,18.0,0.02,0.01,13.5,0.0,4.5
reserve_fixed,NVDA,2026-04-06,2026-04-07,executed,175.41689161,13.5,0.01,0.01,13.5,0.0,0.0
fixed,AAPL,2026-04-06,2026-04-07,executed,255.83153284,15.0,0.01,0.01,11.25,0.0,3.75
reserve_fixed,AAPL,2026-04-06,2026-04-07,executed,255.83153284,11.25,0.01,0.01,11.25,0.0,0.0
fixed,ASML,2026-04-06,2026-04-07,executed,1286.60732317,10.0,0.01,0.01,7.5,0.0,2.5
reserve_fixed,ASML,2026-04-06,2026-04-07,executed,1286.60732317,7.5,0.01,0.0,7.5,0.0,0.0
fixed,KO,2026-04-06,2026-04-07,executed,76.28790289,5.0,0.01,0.0,3.75,0.0,1.25
reserve_fixed,KO,2026-04-06,2026-04-07,executed,76.28790289,3.75,0.0,0.0,3.75,0.0,0.0
dca_l2_v2,BYDDY,2026-04-06,2026-04-07,executed,13.09324235,11.25,0.01,0.01,11.25,0.0,0.0
dca_l2_v2,MSFT,2026-04-06,2026-04-07,executed,369.02969564,8.25,0.01,0.0,8.25,0.0,0.0
dca_l2_v2,NVDA,2026-04-06,2026-04-07,executed,175.41689161,6.75,0.01,0.0,6.75,0.0,0.0
dca_l2_v2,AAPL,2026-04-06,2026-04-07,executed,255.83153284,5.63,0.01,0.0,5.63,0.0,0.0
dca_l2_v2,ASML,2026-04-06,2026-04-07,executed,1286.60732317,3.75,0.0,0.0,3.75,0.0,0.0
dca_l2_v2,KO,2026-04-06,2026-04-07,executed,76.28790289,1.88,0.0,0.0,1.88,0.0,0.0
fixed,BYDDY,2026-04-13,2026-04-14,executed,13.87983145,30.0,0.03,0.01,22.5,0.0,7.5
reserve_fixed,BYDDY,2026-04-13,2026-04-14,executed,13.87983145,22.5,0.02,0.01,22.5,0.0,0.0
fixed,MSFT,2026-04-13,2026-04-14,executed,386.54749816,22.0,0.02,0.01,16.5,0.0,5.5
reserve_fixed,MSFT,2026-04-13,2026-04-14,executed,386.54749816,16.5,0.02,0.01,16.5,0.0,0.0
fixed,NVDA,2026-04-13,2026-04-14,executed,190.49997839,18.0,0.02,0.01,13.5,0.0,4.5
reserve_fixed,NVDA,2026-04-13,2026-04-14,executed,190.49997839,13.5,0.01,0.01,13.5,0.0,0.0
fixed,AAPL,2026-04-13,2026-04-14,executed,258.91755608,15.0,0.01,0.01,11.25,0.0,3.75
reserve_fixed,AAPL,2026-04-13,2026-04-14,executed,258.91755608,11.25,0.01,0.01,11.25,0.0,0.0
fixed,ASML,2026-04-13,2026-04-14,executed,1521.85663504,10.0,0.01,0.01,7.5,0.0,2.5
reserve_fixed,ASML,2026-04-13,2026-04-14,executed,1521.85663504,7.5,0.01,0.0,7.5,0.0,0.0
fixed,KO,2026-04-13,2026-04-14,executed,75.07243046,5.0,0.01,0.0,3.75,0.0,1.25
reserve_fixed,KO,2026-04-13,2026-04-14,executed,75.07243046,3.75,0.0,0.0,3.75,0.0,0.0
dca_l2_v2,BYDDY,2026-04-13,2026-04-14,executed,13.87983145,11.25,0.01,0.01,11.25,0.0,0.0
dca_l2_v2,MSFT,2026-04-13,2026-04-14,executed,386.54749816,8.25,0.01,0.0,8.25,0.0,0.0
dca_l2_v2,NVDA,2026-04-13,2026-04-14,executed,190.49997839,6.75,0.01,0.0,6.75,0.0,0.0
dca_l2_v2,AAPL,2026-04-13,2026-04-14,executed,258.91755608,5.63,0.01,0.0,5.63,0.0,0.0
dca_l2_v2,ASML,2026-04-13,2026-04-14,executed,1521.85663504,3.75,0.0,0.0,3.75,0.0,0.0
dca_l2_v2,KO,2026-04-13,2026-04-14,executed,75.07243046,1.88,0.0,0.0,1.88,0.0,0.0
fixed,BYDDY,2026-04-20,2026-04-21,executed,13.8997464,30.0,0.03,0.01,22.5,0.0,7.5
reserve_fixed,BYDDY,2026-04-20,2026-04-21,executed,13.8997464,22.5,0.02,0.01,22.5,0.0,0.0
fixed,MSFT,2026-04-20,2026-04-21,executed,418.75313893,22.0,0.02,0.01,16.5,0.0,5.5
reserve_fixed,MSFT,2026-04-20,2026-04-21,executed,418.75313893,16.5,0.02,0.01,16.5,0.0,0.0
fixed,NVDA,2026-04-20,2026-04-21,executed,201.76988252,18.0,0.02,0.01,13.5,0.0,4.5
reserve_fixed,NVDA,2026-04-20,2026-04-21,executed,201.76988252,13.5,0.01,0.01,13.5,0.0,0.0
fixed,AAPL,2026-04-20,2026-04-21,executed,271.15186218,15.0,0.01,0.01,11.25,0.0,3.75
reserve_fixed,AAPL,2026-04-20,2026-04-21,executed,271.15186218,11.25,0.01,0.01,11.25,0.0,0.0
fixed,ASML,2026-04-20,2026-04-21,executed,1471.70601627,10.0,0.01,0.01,7.5,0.0,2.5
reserve_fixed,ASML,2026-04-20,2026-04-21,executed,1471.70601627,7.5,0.01,0.0,7.5,0.0,0.0
fixed,KO,2026-04-20,2026-04-21,executed,74.58822147,5.0,0.01,0.0,3.75,0.0,1.25
reserve_fixed,KO,2026-04-20,2026-04-21,executed,74.58822147,3.75,0.0,0.0,3.75,0.0,0.0
dca_l2_v2,BYDDY,2026-04-20,2026-04-21,executed,13.8997464,22.5,0.02,0.01,22.5,0.0,0.0
dca_l2_v2,MSFT,2026-04-20,2026-04-21,executed,418.75313893,16.5,0.02,0.01,16.5,0.0,0.0
dca_l2_v2,NVDA,2026-04-20,2026-04-21,executed,201.76988252,13.5,0.01,0.01,13.5,0.0,0.0
dca_l2_v2,AAPL,2026-04-20,2026-04-21,executed,271.15186218,11.25,0.01,0.01,11.25,0.0,0.0
dca_l2_v2,ASML,2026-04-20,2026-04-21,executed,1471.70601627,7.5,0.01,0.0,7.5,0.0,0.0
dca_l2_v2,KO,2026-04-20,2026-04-21,executed,74.58822147,3.92,0.0,0.0,3.75,0.17,0.0
fixed,BYDDY,2026-04-27,2026-04-28,executed,13.1529832,30.0,0.03,0.01,22.5,0.0,7.5
reserve_fixed,BYDDY,2026-04-27,2026-04-28,executed,13.1529832,22.5,0.02,0.01,22.5,0.0,0.0
fixed,MSFT,2026-04-27,2026-04-28,executed,423.06781119,22.0,0.02,0.01,16.5,0.0,5.5
reserve_fixed,MSFT,2026-04-27,2026-04-28,executed,423.06781119,16.5,0.02,0.01,16.5,0.0,0.0
fixed,NVDA,2026-04-27,2026-04-28,executed,209.11675913,18.0,0.02,0.01,13.5,0.0,4.5
reserve_fixed,NVDA,2026-04-27,2026-04-28,executed,209.11675913,13.5,0.01,0.01,13.5,0.0,0.0
fixed,AAPL,2026-04-27,2026-04-28,executed,271.99078143,15.0,0.01,0.01,11.25,0.0,3.75
reserve_fixed,AAPL,2026-04-27,2026-04-28,executed,271.99078143,11.25,0.01,0.01,11.25,0.0,0.0
fixed,ASML,2026-04-27,2026-04-28,executed,1388.62894049,10.0,0.01,0.01,7.5,0.0,2.5
reserve_fixed,ASML,2026-04-27,2026-04-28,executed,1388.62894049,7.5,0.01,0.0,7.5,0.0,0.0
fixed,KO,2026-04-27,2026-04-28,executed,78.58048761,4.6,0.0,0.0,3.75,0.0,1.25
reserve_fixed,KO,2026-04-27,2026-04-28,executed,78.58048761,3.75,0.0,0.0,3.75,0.0,0.0
dca_l2_v2,BYDDY,2026-04-27,2026-04-28,executed,13.1529832,22.86,0.02,0.01,22.5,0.36,0.0
dca_l2_v2,MSFT,2026-04-27,2026-04-28,executed,423.06781119,16.5,0.02,0.01,16.5,0.0,0.0
dca_l2_v2,NVDA,2026-04-27,2026-04-28,executed,209.11675913,13.5,0.01,0.01,13.5,0.0,0.0
dca_l2_v2,AAPL,2026-04-27,2026-04-28,executed,271.99078143,11.25,0.01,0.01,11.25,0.0,0.0
dca_l2_v2,ASML,2026-04-27,2026-04-28,executed,1388.62894049,7.68,0.01,0.0,7.5,0.18,0.0
dca_l2_v2,KO,2026-04-27,2026-04-28,executed,78.58048761,3.93,0.0,0.0,3.75,0.18,0.0
fixed,BYDDY,2026-05-04,2026-05-05,executed,12.90406181,30.0,0.03,0.01,22.5,0.0,7.5
reserve_fixed,BYDDY,2026-05-04,2026-05-05,executed,12.90406181,22.5,0.02,0.01,22.5,0.0,0.0
fixed,MSFT,2026-05-04,2026-05-05,executed,413.85055687,22.0,0.02,0.01,16.5,0.0,5.5
reserve_fixed,MSFT,2026-05-04,2026-05-05,executed,413.85055687,16.5,0.02,0.01,16.5,0.0,0.0
fixed,NVDA,2026-05-04,2026-05-05,executed,198.94490474,18.0,0.02,0.01,13.5,0.0,4.5
reserve_fixed,NVDA,2026-05-04,2026-05-05,executed,198.94490474,13.5,0.01,0.01,13.5,0.0,0.0
fixed,AAPL,2026-05-04,2026-05-05,executed,276.57490034,15.0,0.01,0.01,11.25,0.0,3.75
reserve_fixed,AAPL,2026-05-04,2026-05-05,executed,276.57490034,11.25,0.01,0.01,11.25,0.0,0.0
fixed,ASML,2026-05-04,2026-05-05,executed,1431.28512192,10.0,0.01,0.01,7.5,0.0,2.5
reserve_fixed,ASML,2026-05-04,2026-05-05,executed,1431.28512192,7.5,0.01,0.0,7.5,0.0,0.0
fixed,KO,2026-05-04,2026-05-05,executed,77.2662048,5.0,0.01,0.0,3.75,0.0,1.25
reserve_fixed,KO,2026-05-04,2026-05-05,executed,77.2662048,3.75,0.0,0.0,3.75,0.0,0.0
dca_l2_v2,BYDDY,2026-05-04,2026-05-05,executed,12.90406181,24.63,0.02,0.01,22.5,2.13,0.0
dca_l2_v2,MSFT,2026-05-04,2026-05-05,executed,413.85055687,16.5,0.02,0.01,16.5,0.0,0.0
dca_l2_v2,NVDA,2026-05-04,2026-05-05,executed,198.94490474,13.5,0.01,0.01,13.5,0.0,0.0
dca_l2_v2,AAPL,2026-05-04,2026-05-05,executed,276.57490034,11.25,0.01,0.01,11.25,0.0,0.0
dca_l2_v2,ASML,2026-05-04,2026-05-05,executed,1431.28512192,8.25,0.01,0.0,7.5,0.75,0.0
dca_l2_v2,KO,2026-05-04,2026-05-05,executed,77.2662048,3.75,0.0,0.0,3.75,0.0,0.0
fixed,BYDDY,2026-05-11,2026-05-12,executed,12.69496831,30.0,0.03,0.01,22.5,0.0,7.5
reserve_fixed,BYDDY,2026-05-11,2026-05-12,executed,12.69496831,22.5,0.02,0.01,22.5,0.0,0.0
fixed,MSFT,2026-05-11,2026-05-12,executed,413.01351856,22.0,0.02,0.01,16.5,0.0,5.5
reserve_fixed,MSFT,2026-05-11,2026-05-12,executed,413.01351856,16.5,0.02,0.01,16.5,0.0,0.0
fixed,NVDA,2026-05-11,2026-05-12,executed,218.1606198,18.0,0.02,0.01,13.5,0.0,4.5
reserve_fixed,NVDA,2026-05-11,2026-05-12,executed,218.1606198,13.5,0.01,0.01,13.5,0.0,0.0
fixed,AAPL,2026-05-11,2026-05-12,executed,292.45405295,15.0,0.01,0.01,11.25,0.0,3.75
reserve_fixed,AAPL,2026-05-11,2026-05-12,executed,292.45405295,11.25,0.01,0.01,11.25,0.0,0.0
fixed,ASML,2026-05-11,2026-05-12,executed,1524.93090541,10.0,0.01,0.01,7.5,0.0,2.5
reserve_fixed,ASML,2026-05-11,2026-05-12,executed,1524.93090541,7.5,0.01,0.0,7.5,0.0,0.0
fixed,KO,2026-05-11,2026-05-12,executed,78.06663781,5.0,0.01,0.0,3.75,0.0,1.25
reserve_fixed,KO,2026-05-11,2026-05-12,executed,78.06663781,3.75,0.0,0.0,3.75,0.0,0.0
dca_l2_v2,BYDDY,2026-05-11,2026-05-12,executed,12.69496831,25.06,0.03,0.01,22.5,2.56,0.0
dca_l2_v2,MSFT,2026-05-11,2026-05-12,executed,413.01351856,16.5,0.02,0.01,16.5,0.0,0.0
dca_l2_v2,NVDA,2026-05-11,2026-05-12,executed,218.1606198,13.5,0.01,0.01,13.5,0.0,0.0
dca_l2_v2,AAPL,2026-05-11,2026-05-12,executed,292.45405295,11.25,0.01,0.01,11.25,0.0,0.0
dca_l2_v2,ASML,2026-05-11,2026-05-12,executed,1524.93090541,7.5,0.01,0.0,7.5,0.0,0.0
dca_l2_v2,KO,2026-05-11,2026-05-12,executed,78.06663781,3.75,0.0,0.0,3.75,0.0,0.0
fixed,BYDDY,2026-05-18,2026-05-19,executed,11.93824814,30.0,0.03,0.01,22.5,0.0,7.5
reserve_fixed,BYDDY,2026-05-18,2026-05-19,executed,11.93824814,22.5,0.02,0.01,22.5,0.0,0.0
fixed,MSFT,2026-05-18,2026-05-19,executed,428.37895244,22.0,0.02,0.01,16.5,0.0,5.5
reserve_fixed,MSFT,2026-05-18,2026-05-19,executed,428.37895244,16.5,0.02,0.01,16.5,0.0,0.0
fixed,NVDA,2026-05-18,2026-05-19,executed,219.22869957,18.0,0.02,0.01,13.5,0.0,4.5
reserve_fixed,NVDA,2026-05-18,2026-05-19,executed,219.22869957,13.5,0.01,0.01,13.5,0.0,0.0
fixed,AAPL,2026-05-18,2026-05-19,executed,296.86245205,15.0,0.01,0.01,11.25,0.0,3.75
reserve_fixed,AAPL,2026-05-18,2026-05-19,executed,296.86245205,11.25,0.01,0.01,11.25,0.0,0.0
fixed,ASML,2026-05-18,2026-05-19,executed,1448.78135566,10.0,0.01,0.01,7.5,0.0,2.5
reserve_fixed,ASML,2026-05-18,2026-05-19,executed,1448.78135566,7.5,0.01,0.0,7.5,0.0,0.0
fixed,KO,2026-05-18,2026-05-19,executed,80.44816898,5.0,0.01,0.0,3.75,0.0,1.25
reserve_fixed,KO,2026-05-18,2026-05-19,executed,80.44816898,3.75,0.0,0.0,3.75,0.0,0.0
dca_l2_v2,BYDDY,2026-05-18,2026-05-19,executed,11.93824814,27.09,0.03,0.01,22.5,4.59,0.0
dca_l2_v2,MSFT,2026-05-18,2026-05-19,executed,428.37895244,16.5,0.02,0.01,16.5,0.0,0.0
dca_l2_v2,NVDA,2026-05-18,2026-05-19,executed,219.22869957,13.5,0.01,0.01,13.5,0.0,0.0
dca_l2_v2,AAPL,2026-05-18,2026-05-19,executed,296.86245205,11.25,0.01,0.01,11.25,0.0,0.0
dca_l2_v2,ASML,2026-05-18,2026-05-19,executed,1448.78135566,7.97,0.01,0.0,7.5,0.47,0.0
dca_l2_v2,KO,2026-05-18,2026-05-19,executed,80.44816898,3.75,0.0,0.0,3.75,0.0,0.0
fixed,BYDDY,2026-05-22,2026-05-26,executed,11.80880945,30.0,0.03,0.01,22.5,0.0,7.5
reserve_fixed,BYDDY,2026-05-22,2026-05-26,executed,11.80880945,22.5,0.02,0.01,22.5,0.0,0.0
fixed,MSFT,2026-05-22,2026-05-26,executed,415.85535677,22.0,0.02,0.01,16.5,0.0,5.5
reserve_fixed,MSFT,2026-05-22,2026-05-26,executed,415.85535677,16.5,0.02,0.01,16.5,0.0,0.0
fixed,NVDA,2026-05-22,2026-05-26,executed,216.15419509,18.0,0.02,0.01,13.5,0.0,4.5
reserve_fixed,NVDA,2026-05-22,2026-05-26,executed,216.15419509,13.5,0.01,0.01,13.5,0.0,0.0
fixed,AAPL,2026-05-22,2026-05-26,executed,309.44789863,15.0,0.01,0.01,11.25,0.0,3.75
reserve_fixed,AAPL,2026-05-22,2026-05-26,executed,309.44789863,11.25,0.01,0.01,11.25,0.0,0.0
fixed,ASML,2026-05-22,2026-05-26,executed,1640.54912363,10.0,0.01,0.01,7.5,0.0,2.5
reserve_fixed,ASML,2026-05-22,2026-05-26,executed,1640.54912363,7.5,0.01,0.0,7.5,0.0,0.0
fixed,KO,2026-05-22,2026-05-26,executed,79.88489249,4.6,0.0,0.0,3.75,0.0,1.25
reserve_fixed,KO,2026-05-22,2026-05-26,executed,79.88489249,3.75,0.0,0.0,3.75,0.0,0.0
dca_l2_v2,BYDDY,2026-05-22,2026-05-26,executed,11.80880945,19.35,0.02,0.01,19.35,0.0,0.0
dca_l2_v2,MSFT,2026-05-22,2026-05-26,executed,415.85535677,14.19,0.01,0.01,14.19,0.0,0.0
dca_l2_v2,NVDA,2026-05-22,2026-05-26,executed,216.15419509,11.61,0.01,0.01,11.61,0.0,0.0
dca_l2_v2,AAPL,2026-05-22,2026-05-26,executed,309.44789863,9.68,0.01,0.0,9.68,0.0,0.0
dca_l2_v2,ASML,2026-05-22,2026-05-26,executed,1640.54912363,6.45,0.01,0.0,6.45,0.0,0.0
dca_l2_v2,KO,2026-05-22,2026-05-26,executed,79.88489249,3.23,0.0,0.0,3.23,0.0,0.0
fixed,BYDDY,2026-06-01,2026-06-02,executed,12.13738566,24.0,0.02,0.01,18.0,0.0,6.0
reserve_fixed,BYDDY,2026-06-01,2026-06-02,executed,12.13738566,18.0,0.02,0.01,18.0,0.0,0.0
fixed,MSFT,2026-06-01,2026-06-02,executed,446.26333516,17.6,0.02,0.01,13.2,0.0,4.4
reserve_fixed,MSFT,2026-06-01,2026-06-02,executed,446.26333516,13.2,0.01,0.01,13.2,0.0,0.0
fixed,NVDA,2026-06-01,2026-06-02,executed,226.77521694,14.4,0.01,0.01,10.8,0.0,3.6
reserve_fixed,NVDA,2026-06-01,2026-06-02,executed,226.77521694,10.8,0.01,0.01,10.8,0.0,0.0
fixed,AAPL,2026-06-01,2026-06-02,executed,307.34865253,12.0,0.01,0.01,9.0,0.0,3.0
reserve_fixed,AAPL,2026-06-01,2026-06-02,executed,307.34865253,9.0,0.01,0.0,9.0,0.0,0.0
fixed,ASML,2026-06-01,2026-06-02,executed,1658.37495909,8.0,0.01,0.0,6.0,0.0,2.0
reserve_fixed,ASML,2026-06-01,2026-06-02,executed,1658.37495909,6.0,0.01,0.0,6.0,0.0,0.0
fixed,KO,2026-06-01,2026-06-02,executed,77.94805655,4.0,0.0,0.0,3.0,0.0,1.0
reserve_fixed,KO,2026-06-01,2026-06-02,executed,77.94805655,3.0,0.0,0.0,3.0,0.0,0.0
dca_l2_v2,BYDDY,2026-06-01,2026-06-02,executed,12.13738566,22.19,0.02,0.01,18.0,4.19,0.0
dca_l2_v2,MSFT,2026-06-01,2026-06-02,executed,446.26333516,13.2,0.01,0.01,13.2,0.0,0.0
dca_l2_v2,NVDA,2026-06-01,2026-06-02,executed,226.77521694,10.8,0.01,0.01,10.8,0.0,0.0
dca_l2_v2,AAPL,2026-06-01,2026-06-02,executed,307.34865253,9.0,0.01,0.0,9.0,0.0,0.0
dca_l2_v2,ASML,2026-06-01,2026-06-02,executed,1658.37495909,6.0,0.01,0.0,6.0,0.0,0.0
dca_l2_v2,KO,2026-06-01,2026-06-02,executed,77.94805655,3.0,0.0,0.0,3.0,0.0,0.0
fixed,BYDDY,2026-06-08,2026-06-09,executed,11.23131285,24.0,0.02,0.01,18.0,0.0,6.0
reserve_fixed,BYDDY,2026-06-08,2026-06-09,executed,11.23131285,18.0,0.02,0.01,18.0,0.0,0.0
fixed,MSFT,2026-06-08,2026-06-09,executed,408.46557372,17.6,0.02,0.01,13.2,0.0,4.4
reserve_fixed,MSFT,2026-06-08,2026-06-09,executed,408.46557372,13.2,0.01,0.01,13.2,0.0,0.0
fixed,NVDA,2026-06-08,2026-06-09,executed,210.48977529,14.4,0.01,0.01,10.8,0.0,3.6
reserve_fixed,NVDA,2026-06-08,2026-06-09,executed,210.48977529,10.8,0.01,0.01,10.8,0.0,0.0
fixed,AAPL,2026-06-08,2026-06-09,executed,300.17125862,12.0,0.01,0.01,9.0,0.0,3.0
reserve_fixed,AAPL,2026-06-08,2026-06-09,executed,300.17125862,9.0,0.01,0.0,9.0,0.0,0.0
fixed,ASML,2026-06-08,2026-06-09,executed,1775.21237861,8.0,0.01,0.0,6.0,0.0,2.0
reserve_fixed,ASML,2026-06-08,2026-06-09,executed,1775.21237861,6.0,0.01,0.0,6.0,0.0,0.0
fixed,KO,2026-06-08,2026-06-09,executed,78.61013843,4.0,0.0,0.0,3.0,0.0,1.0
reserve_fixed,KO,2026-06-08,2026-06-09,executed,78.61013843,3.0,0.0,0.0,3.0,0.0,0.0
dca_l2_v2,BYDDY,2026-06-08,2026-06-09,executed,11.23131285,48.13,0.05,0.02,18.0,5.13,25.0
dca_l2_v2,MSFT,2026-06-08,2026-06-09,executed,408.46557372,14.95,0.01,0.01,13.2,1.75,0.0
dca_l2_v2,NVDA,2026-06-08,2026-06-09,executed,210.48977529,10.8,0.01,0.01,10.8,0.0,0.0
dca_l2_v2,AAPL,2026-06-08,2026-06-09,executed,300.17125862,9.0,0.01,0.0,9.0,0.0,0.0
dca_l2_v2,ASML,2026-06-08,2026-06-09,executed,1775.21237861,6.0,0.01,0.0,6.0,0.0,0.0
dca_l2_v2,KO,2026-06-08,2026-06-09,executed,78.61013843,3.0,0.0,0.0,3.0,0.0,0.0
fixed,BYDDY,2026-06-15,2026-06-16,executed,10.70535,24.0,0.02,0.01,18.0,0.0,6.0
reserve_fixed,BYDDY,2026-06-15,2026-06-16,executed,10.70535,18.0,0.02,0.01,18.0,0.0,0.0
fixed,MSFT,2026-06-15,2026-06-16,executed,395.24385917,17.6,0.02,0.01,13.2,0.0,4.4
reserve_fixed,MSFT,2026-06-15,2026-06-16,executed,395.24385917,13.2,0.01,0.01,13.2,0.0,0.0
fixed,NVDA,2026-06-15,2026-06-16,executed,211.04942398,14.4,0.01,0.01,10.8,0.0,3.6
reserve_fixed,NVDA,2026-06-15,2026-06-16,executed,211.04942398,10.8,0.01,0.01,10.8,0.0,0.0
fixed,AAPL,2026-06-15,2026-06-16,executed,295.1430928,12.0,0.01,0.01,9.0,0.0,3.0
reserve_fixed,AAPL,2026-06-15,2026-06-16,executed,295.1430928,9.0,0.01,0.0,9.0,0.0,0.0
fixed,ASML,2026-06-15,2026-06-16,executed,1870.52686403,8.0,0.01,0.0,6.0,0.0,2.0
reserve_fixed,ASML,2026-06-15,2026-06-16,executed,1870.52686403,6.0,0.01,0.0,6.0,0.0,0.0
fixed,KO,2026-06-15,2026-06-16,executed,80.70897932,4.0,0.0,0.0,3.0,0.0,1.0
reserve_fixed,KO,2026-06-15,2026-06-16,executed,80.70897932,3.0,0.0,0.0,3.0,0.0,0.0
dca_l2_v2,BYDDY,2026-06-15,2026-06-16,executed,10.70535,48.52,0.05,0.02,18.0,5.52,25.0
dca_l2_v2,MSFT,2026-06-15,2026-06-16,executed,395.24385917,15.38,0.02,0.01,13.2,2.18,0.0
dca_l2_v2,NVDA,2026-06-15,2026-06-16,executed,211.04942398,10.8,0.01,0.01,10.8,0.0,0.0
dca_l2_v2,AAPL,2026-06-15,2026-06-16,executed,295.1430928,9.22,0.01,0.0,9.0,0.22,0.0
dca_l2_v2,ASML,2026-06-15,2026-06-16,executed,1870.52686403,6.0,0.01,0.0,6.0,0.0,0.0
dca_l2_v2,KO,2026-06-15,2026-06-16,executed,80.70897932,3.0,0.0,0.0,3.0,0.0,0.0
fixed,BYDDY,2026-06-22,2026-06-23,executed,9.68484,24.0,0.02,0.01,18.0,0.0,6.0
reserve_fixed,BYDDY,2026-06-22,2026-06-23,executed,9.68484,18.0,0.02,0.01,18.0,0.0,0.0
fixed,MSFT,2026-06-22,2026-06-23,executed,371.86613915,17.6,0.02,0.01,13.2,0.0,4.4
reserve_fixed,MSFT,2026-06-22,2026-06-23,executed,371.86613915,13.2,0.01,0.01,13.2,0.0,0.0
fixed,NVDA,2026-06-22,2026-06-23,executed,202.04500201,14.4,0.01,0.01,10.8,0.0,3.6
reserve_fixed,NVDA,2026-06-22,2026-06-23,executed,202.04500201,10.8,0.01,0.01,10.8,0.0,0.0
fixed,AAPL,2026-06-22,2026-06-23,executed,297.43225781,12.0,0.01,0.01,9.0,0.0,3.0
reserve_fixed,AAPL,2026-06-22,2026-06-23,executed,297.43225781,9.0,0.01,0.0,9.0,0.0,0.0
fixed,ASML,2026-06-22,2026-06-23,executed,1776.29151591,8.0,0.01,0.0,6.0,0.0,2.0
reserve_fixed,ASML,2026-06-22,2026-06-23,executed,1776.29151591,6.0,0.01,0.0,6.0,0.0,0.0
fixed,KO,2026-06-22,2026-06-23,executed,80.88799579,4.0,0.0,0.0,3.0,0.0,1.0
reserve_fixed,KO,2026-06-22,2026-06-23,executed,80.88799579,3.0,0.0,0.0,3.0,0.0,0.0
dca_l2_v2,BYDDY,2026-06-22,2026-06-23,executed,9.68484,18.0,0.02,0.01,18.0,0.0,0.0
dca_l2_v2,MSFT,2026-06-22,2026-06-23,executed,371.86613915,27.13,0.03,0.01,13.2,3.35,10.58
dca_l2_v2,NVDA,2026-06-22,2026-06-23,executed,202.04500201,10.8,0.01,0.01,10.8,0.0,0.0
dca_l2_v2,AAPL,2026-06-22,2026-06-23,executed,297.43225781,9.17,0.01,0.0,9.0,0.17,0.0
dca_l2_v2,ASML,2026-06-22,2026-06-23,executed,1776.29151591,6.0,0.01,0.0,6.0,0.0,0.0
dca_l2_v2,KO,2026-06-22,2026-06-23,executed,80.88799579,3.0,0.0,0.0,3.0,0.0,0.0
fixed,BYDDY,2026-06-29,2026-06-30,executed,9.314655,24.0,0.02,0.01,18.0,0.0,6.0
reserve_fixed,BYDDY,2026-06-29,2026-06-30,executed,9.314655,18.0,0.02,0.01,18.0,0.0,0.0
fixed,MSFT,2026-06-29,2026-06-30,executed,370.51800742,17.6,0.02,0.01,13.2,0.0,4.4
reserve_fixed,MSFT,2026-06-29,2026-06-30,executed,370.51800742,13.2,0.01,0.01,13.2,0.0,0.0
fixed,NVDA,2026-06-29,2026-06-30,executed,197.11805277,14.4,0.01,0.01,10.8,0.0,3.6
reserve_fixed,NVDA,2026-06-29,2026-06-30,executed,197.11805277,10.8,0.01,0.01,10.8,0.0,0.0
fixed,AAPL,2026-06-29,2026-06-30,executed,281.06820587,12.0,0.01,0.01,9.0,0.0,3.0
reserve_fixed,AAPL,2026-06-29,2026-06-30,executed,281.06820587,9.0,0.01,0.0,9.0,0.0,0.0
fixed,ASML,2026-06-29,2026-06-30,executed,1913.98243396,8.0,0.01,0.0,6.0,0.0,2.0
reserve_fixed,ASML,2026-06-29,2026-06-30,executed,1913.98243396,6.0,0.01,0.0,6.0,0.0,0.0
fixed,KO,2026-06-29,2026-06-30,executed,82.05163832,3.6,0.0,0.0,3.0,0.0,1.0
reserve_fixed,KO,2026-06-29,2026-06-30,executed,82.05163832,3.0,0.0,0.0,3.0,0.0,0.0
dca_l2_v2,BYDDY,2026-06-29,2026-06-30,executed,9.314655,11.25,0.01,0.01,11.25,0.0,0.0
dca_l2_v2,MSFT,2026-06-29,2026-06-30,executed,370.51800742,8.25,0.01,0.0,8.25,0.0,0.0
dca_l2_v2,NVDA,2026-06-29,2026-06-30,executed,197.11805277,6.75,0.01,0.0,6.75,0.0,0.0
dca_l2_v2,AAPL,2026-06-29,2026-06-30,executed,281.06820587,5.62,0.01,0.0,5.62,0.0,0.0
dca_l2_v2,ASML,2026-06-29,2026-06-30,executed,1913.98243396,3.75,0.0,0.0,3.75,0.0,0.0
dca_l2_v2,KO,2026-06-29,2026-06-30,executed,82.05163832,1.87,0.0,0.0,1.87,0.0,0.0
fixed,BYDDY,2026-07-06,2026-07-07,executed,10.635315,30.0,0.03,0.01,22.5,0.0,7.5
reserve_fixed,BYDDY,2026-07-06,2026-07-07,executed,10.635315,22.5,0.02,0.01,22.5,0.0,0.0
fixed,MSFT,2026-07-06,2026-07-07,executed,391.94838726,22.0,0.02,0.01,16.5,0.0,5.5
reserve_fixed,MSFT,2026-07-06,2026-07-07,executed,391.94838726,16.5,0.02,0.01,16.5,0.0,0.0
fixed,NVDA,2026-07-06,2026-07-07,executed,192.25106149,18.0,0.02,0.01,13.5,0.0,4.5
reserve_fixed,NVDA,2026-07-06,2026-07-07,executed,192.25106149,13.5,0.01,0.01,13.5,0.0,0.0
fixed,AAPL,2026-07-06,2026-07-07,executed,315.17582816,15.0,0.01,0.01,11.25,0.0,3.75
reserve_fixed,AAPL,2026-07-06,2026-07-07,executed,315.17582816,11.25,0.01,0.01,11.25,0.0,0.0
fixed,ASML,2026-07-06,2026-07-07,executed,1735.75372214,10.0,0.01,0.01,7.5,0.0,2.5
reserve_fixed,ASML,2026-07-06,2026-07-07,executed,1735.75372214,7.5,0.01,0.0,7.5,0.0,0.0
fixed,KO,2026-07-06,2026-07-07,executed,84.14021908,5.0,0.01,0.0,3.75,0.0,1.25
reserve_fixed,KO,2026-07-06,2026-07-07,executed,84.14021908,3.75,0.0,0.0,3.75,0.0,0.0
dca_l2_v2,BYDDY,2026-07-06,2026-07-07,executed,10.635315,54.1,0.05,0.03,22.5,6.6,25.0
dca_l2_v2,MSFT,2026-07-06,2026-07-07,executed,391.94838726,19.8,0.02,0.01,16.5,3.3,0.0
dca_l2_v2,NVDA,2026-07-06,2026-07-07,executed,192.25106149,13.5,0.01,0.01,13.5,0.0,0.0
dca_l2_v2,AAPL,2026-07-06,2026-07-07,executed,315.17582816,11.25,0.01,0.01,11.25,0.0,0.0
dca_l2_v2,ASML,2026-07-06,2026-07-07,executed,1735.75372214,8.11,0.01,0.0,7.5,0.61,0.0
dca_l2_v2,KO,2026-07-06,2026-07-07,executed,84.14021908,3.75,0.0,0.0,3.75,0.0,0.0
fixed,BYDDY,2026-07-13,2026-07-14,executed,10.98549,30.0,0.03,0.01,22.5,0.0,7.5
reserve_fixed,BYDDY,2026-07-13,2026-07-14,executed,10.98549,22.5,0.02,0.01,22.5,0.0,0.0
fixed,MSFT,2026-07-13,2026-07-14,executed,382.29175535,22.0,0.02,0.01,16.5,0.0,5.5
reserve_fixed,MSFT,2026-07-13,2026-07-14,executed,382.29175535,16.5,0.02,0.01,16.5,0.0,0.0
fixed,NVDA,2026-07-13,2026-07-14,executed,208.07127965,18.0,0.02,0.01,13.5,0.0,4.5
reserve_fixed,NVDA,2026-07-13,2026-07-14,executed,208.07127965,13.5,0.01,0.01,13.5,0.0,0.0
fixed,AAPL,2026-07-13,2026-07-14,executed,313.64640083,15.0,0.01,0.01,11.25,0.0,3.75
reserve_fixed,AAPL,2026-07-13,2026-07-14,executed,313.64640083,11.25,0.01,0.01,11.25,0.0,0.0
fixed,ASML,2026-07-13,2026-07-14,executed,1786.03381062,10.0,0.01,0.01,7.5,0.0,2.5
reserve_fixed,ASML,2026-07-13,2026-07-14,executed,1786.03381062,7.5,0.01,0.0,7.5,0.0,0.0
fixed,KO,2026-07-13,2026-07-14,executed,83.71256236,5.0,0.01,0.0,3.75,0.0,1.25
reserve_fixed,KO,2026-07-13,2026-07-14,executed,83.71256236,3.75,0.0,0.0,3.75,0.0,0.0
dca_l2_v2,BYDDY,2026-07-13,2026-07-14,executed,10.98549,11.25,0.01,0.01,11.25,0.0,0.0
dca_l2_v2,MSFT,2026-07-13,2026-07-14,executed,382.29175535,8.25,0.01,0.0,8.25,0.0,0.0
dca_l2_v2,NVDA,2026-07-13,2026-07-14,executed,208.07127965,6.75,0.01,0.0,6.75,0.0,0.0
dca_l2_v2,AAPL,2026-07-13,2026-07-14,executed,313.64640083,5.63,0.01,0.0,5.63,0.0,0.0
dca_l2_v2,ASML,2026-07-13,2026-07-14,executed,1786.03381062,3.75,0.0,0.0,3.75,0.0,0.0
dca_l2_v2,KO,2026-07-13,2026-07-14,executed,83.71256236,1.88,0.0,0.0,1.88,0.0,0.0
fixed,BYDDY,2026-07-20,2026-07-21,executed,11.435715,30.0,0.03,0.01,22.5,0.0,7.5
reserve_fixed,BYDDY,2026-07-20,2026-07-21,executed,11.435715,22.5,0.02,0.01,22.5,0.0,0.0
fixed,MSFT,2026-07-20,2026-07-21,executed,398.25966032,22.0,0.02,0.01,16.5,0.0,5.5
reserve_fixed,MSFT,2026-07-20,2026-07-21,executed,398.25966032,16.5,0.02,0.01,16.5,0.0,0.0
fixed,NVDA,2026-07-20,2026-07-21,executed,207.41167801,18.0,0.02,0.01,13.5,0.0,4.5
reserve_fixed,NVDA,2026-07-20,2026-07-21,executed,207.41167801,13.5,0.01,0.01,13.5,0.0,0.0
fixed,AAPL,2026-07-20,2026-07-21,executed,323.01299378,15.0,0.01,0.01,11.25,0.0,3.75
reserve_fixed,AAPL,2026-07-20,2026-07-21,executed,323.01299378,11.25,0.01,0.01,11.25,0.0,0.0
fixed,ASML,2026-07-20,2026-07-21,executed,1799.77288372,10.0,0.01,0.01,7.5,0.0,2.5
reserve_fixed,ASML,2026-07-20,2026-07-21,executed,1799.77288372,7.5,0.01,0.0,7.5,0.0,0.0
fixed,KO,2026-07-20,2026-07-21,executed,81.52452189,5.0,0.01,0.0,3.75,0.0,1.25
reserve_fixed,KO,2026-07-20,2026-07-21,executed,81.52452189,3.75,0.0,0.0,3.75,0.0,0.0
dca_l2_v2,BYDDY,2026-07-20,2026-07-21,executed,11.435715,11.25,0.01,0.01,11.25,0.0,0.0
dca_l2_v2,MSFT,2026-07-20,2026-07-21,executed,398.25966032,8.25,0.01,0.0,8.25,0.0,0.0
dca_l2_v2,NVDA,2026-07-20,2026-07-21,executed,207.41167801,6.75,0.01,0.0,6.75,0.0,0.0
dca_l2_v2,AAPL,2026-07-20,2026-07-21,executed,323.01299378,5.63,0.01,0.0,5.63,0.0,0.0
dca_l2_v2,ASML,2026-07-20,2026-07-21,executed,1799.77288372,3.75,0.0,0.0,3.75,0.0,0.0
dca_l2_v2,KO,2026-07-20,2026-07-21,executed,81.52452189,1.88,0.0,0.0,1.88,0.0,0.0
fixed,BYDDY,2026-07-27,2026-07-28,executed,11.38569,30.0,0.03,0.01,22.5,0.0,7.5
reserve_fixed,BYDDY,2026-07-27,2026-07-28,executed,11.38569,22.5,0.02,0.01,22.5,0.0,0.0
fixed,MSFT,2026-07-27,2026-07-28,executed,392.61746563,22.0,0.02,0.01,16.5,0.0,5.5
reserve_fixed,MSFT,2026-07-27,2026-07-28,executed,392.61746563,16.5,0.02,0.01,16.5,0.0,0.0
fixed,NVDA,2026-07-27,2026-07-28,executed,194.87943802,18.0,0.02,0.01,13.5,0.0,4.5
reserve_fixed,NVDA,2026-07-27,2026-07-28,executed,194.87943802,13.5,0.01,0.01,13.5,0.0,0.0
fixed,AAPL,2026-07-27,2026-07-28,executed,339.90685049,15.0,0.01,0.01,11.25,0.0,3.75
reserve_fixed,AAPL,2026-07-27,2026-07-28,executed,339.90685049,11.25,0.01,0.01,11.25,0.0,0.0
fixed,ASML,2026-07-27,2026-07-28,executed,1581.29025,10.0,0.01,0.01,7.5,0.0,2.5
reserve_fixed,ASML,2026-07-27,2026-07-28,executed,1581.29025,7.5,0.01,0.0,7.5,0.0,0.0
fixed,KO,2026-07-27,2026-07-28,executed,87.82011511,4.6,0.0,0.0,3.75,0.0,1.25
reserve_fixed,KO,2026-07-27,2026-07-28,executed,87.82011511,3.75,0.0,0.0,3.75,0.0,0.0
dca_l2_v2,BYDDY,2026-07-27,2026-07-28,executed,11.38569,11.25,0.01,0.01,11.25,0.0,0.0
dca_l2_v2,MSFT,2026-07-27,2026-07-28,executed,392.61746563,8.25,0.01,0.0,8.25,0.0,0.0
dca_l2_v2,NVDA,2026-07-27,2026-07-28,executed,194.87943802,6.75,0.01,0.0,6.75,0.0,0.0
dca_l2_v2,AAPL,2026-07-27,2026-07-28,executed,339.90685049,5.63,0.01,0.0,5.63,0.0,0.0
dca_l2_v2,ASML,2026-07-27,2026-07-28,executed,1581.29025,3.75,0.0,0.0,3.75,0.0,0.0
dca_l2_v2,KO,2026-07-27,2026-07-28,executed,87.82011511,1.88,0.0,0.0,1.88,0.0,0.0
fixed,BYDDY,2026-08-03,2026-08-04,executed,11.795895,30.0,0.03,0.01,22.5,0.0,7.5
reserve_fixed,BYDDY,2026-08-03,2026-08-04,executed,11.795895,22.5,0.02,0.01,22.5,0.0,0.0
fixed,MSFT,2026-08-03,2026-08-04,executed,480.2364062,22.0,0.02,0.01,16.5,0.0,5.5
reserve_fixed,MSFT,2026-08-03,2026-08-04,executed,480.2364062,16.5,0.02,0.01,16.5,0.0,0.0
fixed,NVDA,2026-08-03,2026-08-04,executed,211.16935791,18.0,0.02,0.01,13.5,0.0,4.5
reserve_fixed,NVDA,2026-08-03,2026-08-04,executed,211.16935791,13.5,0.01,0.01,13.5,0.0,0.0
fixed,AAPL,2026-08-03,2026-08-04,executed,302.62037457,15.0,0.01,0.01,11.25,0.0,3.75
reserve_fixed,AAPL,2026-08-03,2026-08-04,executed,302.62037457,11.25,0.01,0.01,11.25,0.0,0.0
fixed,ASML,2026-08-03,2026-08-04,executed,1700.89005902,10.0,0.01,0.01,7.5,0.0,2.5
reserve_fixed,ASML,2026-08-03,2026-08-04,executed,1700.89005902,7.5,0.01,0.0,7.5,0.0,0.0
fixed,KO,2026-08-03,2026-08-04,executed,85.32375856,5.0,0.01,0.0,3.75,0.0,1.25
reserve_fixed,KO,2026-08-03,2026-08-04,executed,85.32375856,3.75,0.0,0.0,3.75,0.0,0.0
dca_l2_v2,BYDDY,2026-08-03,2026-08-04,executed,11.795895,11.25,0.01,0.01,11.25,0.0,0.0
dca_l2_v2,MSFT,2026-08-03,2026-08-04,executed,480.2364062,8.25,0.01,0.0,8.25,0.0,0.0
dca_l2_v2,NVDA,2026-08-03,2026-08-04,executed,211.16935791,6.75,0.01,0.0,6.75,0.0,0.0
dca_l2_v2,AAPL,2026-08-03,2026-08-04,executed,302.62037457,5.63,0.01,0.0,5.63,0.0,0.0
dca_l2_v2,ASML,2026-08-03,2026-08-04,executed,1700.89005902,3.75,0.0,0.0,3.75,0.0,0.0
dca_l2_v2,KO,2026-08-03,2026-08-04,executed,85.32375856,1.88,0.0,0.0,1.88,0.0,0.0
fixed,BYDDY,2026-08-10,2026-08-11,executed,11.48574,30.0,0.03,0.01,22.5,0.0,7.5
reserve_fixed,BYDDY,2026-08-10,2026-08-11,executed,11.48574,22.5,0.02,0.01,22.5,0.0,0.0
fixed,MSFT,2026-08-10,2026-08-11,executed,503.63404518,22.0,0.02,0.01,16.5,0.0,5.5
reserve_fixed,MSFT,2026-08-10,2026-08-11,executed,503.63404518,16.5,0.02,0.01,16.5,0.0,0.0
fixed,NVDA,2026-08-10,2026-08-11,executed,222.03263584,18.0,0.02,0.01,13.5,0.0,4.5
reserve_fixed,NVDA,2026-08-10,2026-08-11,executed,222.03263584,13.5,0.01,0.01,13.5,0.0,0.0
fixed,AAPL,2026-08-10,2026-08-11,executed,307.903875,15.0,0.01,0.01,11.25,0.0,3.75
reserve_fixed,AAPL,2026-08-10,2026-08-11,executed,307.903875,11.25,0.01,0.01,11.25,0.0,0.0
fixed,ASML,2026-08-10,2026-08-11,executed,1794.82701903,10.0,0.01,0.01,7.5,0.0,2.5
reserve_fixed,ASML,2026-08-10,2026-08-11,executed,1794.82701903,7.5,0.01,0.0,7.5,0.0,0.0
fixed,KO,2026-08-10,2026-08-11,executed,86.1492481,5.0,0.01,0.0,3.75,0.0,1.25
reserve_fixed,KO,2026-08-10,2026-08-11,executed,86.1492481,3.75,0.0,0.0,3.75,0.0,0.0
dca_l2_v2,BYDDY,2026-08-10,2026-08-11,executed,11.48574,11.25,0.01,0.01,11.25,0.0,0.0
dca_l2_v2,MSFT,2026-08-10,2026-08-11,executed,503.63404518,8.25,0.01,0.0,8.25,0.0,0.0
dca_l2_v2,NVDA,2026-08-10,2026-08-11,executed,222.03263584,6.75,0.01,0.0,6.75,0.0,0.0
dca_l2_v2,AAPL,2026-08-10,2026-08-11,executed,307.903875,5.63,0.01,0.0,5.63,0.0,0.0
dca_l2_v2,ASML,2026-08-10,2026-08-11,executed,1794.82701903,3.75,0.0,0.0,3.75,0.0,0.0
dca_l2_v2,KO,2026-08-10,2026-08-11,executed,86.1492481,1.88,0.0,0.0,1.88,0.0,0.0
fixed,BYDDY,2026-08-17,2026-08-18,executed,11.44572,30.0,0.03,0.01,22.5,0.0,7.5
reserve_fixed,BYDDY,2026-08-17,2026-08-18,executed,11.44572,22.5,0.02,0.01,22.5,0.0,0.0
fixed,MSFT,2026-08-17,2026-08-18,executed,480.8755266,22.0,0.02,0.01,16.5,0.0,5.5
reserve_fixed,MSFT,2026-08-17,2026-08-18,executed,480.8755266,16.5,0.02,0.01,16.5,0.0,0.0
fixed,NVDA,2026-08-17,2026-08-18,executed,220.3136998,18.0,0.02,0.01,13.5,0.0,4.5
reserve_fixed,NVDA,2026-08-17,2026-08-18,executed,220.3136998,13.5,0.01,0.01,13.5,0.0,0.0
fixed,AAPL,2026-08-17,2026-08-18,executed,307.73377699,15.0,0.01,0.01,11.25,0.0,3.75
reserve_fixed,AAPL,2026-08-17,2026-08-18,executed,307.73377699,11.25,0.01,0.01,11.25,0.0,0.0
fixed,ASML,2026-08-17,2026-08-18,executed,1809.9045,10.0,0.01,0.01,7.5,0.0,2.5
reserve_fixed,ASML,2026-08-17,2026-08-18,executed,1809.9045,7.5,0.01,0.0,7.5,0.0,0.0
fixed,KO,2026-08-17,2026-08-18,executed,87.91957482,5.0,0.01,0.0,3.75,0.0,1.25
reserve_fixed,KO,2026-08-17,2026-08-18,executed,87.91957482,3.75,0.0,0.0,3.75,0.0,0.0
dca_l2_v2,BYDDY,2026-08-17,2026-08-18,executed,11.44572,22.54,0.02,0.01,22.5,0.04,0.0
dca_l2_v2,MSFT,2026-08-17,2026-08-18,executed,480.8755266,16.53,0.02,0.01,16.5,0.03,0.0
dca_l2_v2,NVDA,2026-08-17,2026-08-18,executed,220.3136998,13.5,0.01,0.01,13.5,0.0,0.0
dca_l2_v2,AAPL,2026-08-17,2026-08-18,executed,307.73377699,12.67,0.01,0.01,11.25,1.42,0.0
dca_l2_v2,ASML,2026-08-17,2026-08-18,executed,1809.9045,7.54,0.01,0.0,7.5,0.04,0.0
dca_l2_v2,KO,2026-08-17,2026-08-18,executed,87.91957482,3.75,0.0,0.0,3.75,0.0,0.0
fixed,BYDDY,2026-08-24,2026-08-25,executed,11.8059,30.0,0.03,0.01,22.5,0.0,7.5
reserve_fixed,BYDDY,2026-08-24,2026-08-25,executed,11.8059,22.5,0.02,0.01,22.5,0.0,0.0
fixed,MSFT,2026-08-24,2026-08-25,executed,485.682722,22.0,0.02,0.01,16.5,0.0,5.5
reserve_fixed,MSFT,2026-08-24,2026-08-25,executed,485.682722,16.5,0.02,0.01,16.5,0.0,0.0
fixed,NVDA,2026-08-24,2026-08-25,executed,210.89952506,18.0,0.02,0.01,13.5,0.0,4.5
reserve_fixed,NVDA,2026-08-24,2026-08-25,executed,210.89952506,13.5,0.01,0.01,13.5,0.0,0.0
fixed,AAPL,2026-08-24,2026-08-25,executed,310.945404,15.0,0.01,0.01,11.25,0.0,3.75
reserve_fixed,AAPL,2026-08-24,2026-08-25,executed,310.945404,11.25,0.01,0.01,11.25,0.0,0.0
fixed,ASML,2026-08-24,2026-08-25,executed,1760.02959901,10.0,0.01,0.01,7.5,0.0,2.5
reserve_fixed,ASML,2026-08-24,2026-08-25,executed,1760.02959901,7.5,0.01,0.0,7.5,0.0,0.0
fixed,KO,2026-08-24,2026-08-25,executed,91.07234141,4.6,0.0,0.0,3.75,0.0,1.25
reserve_fixed,KO,2026-08-24,2026-08-25,executed,91.07234141,3.75,0.0,0.0,3.75,0.0,0.0
dca_l2_v2,BYDDY,2026-08-24,2026-08-25,executed,11.8059,11.25,0.01,0.01,11.25,0.0,0.0
dca_l2_v2,MSFT,2026-08-24,2026-08-25,executed,485.682722,8.25,0.01,0.0,8.25,0.0,0.0
dca_l2_v2,NVDA,2026-08-24,2026-08-25,executed,210.89952506,6.75,0.01,0.0,6.75,0.0,0.0
dca_l2_v2,AAPL,2026-08-24,2026-08-25,executed,310.945404,5.63,0.01,0.0,5.63,0.0,0.0
dca_l2_v2,ASML,2026-08-24,2026-08-25,executed,1760.02959901,3.75,0.0,0.0,3.75,0.0,0.0
dca_l2_v2,KO,2026-08-24,2026-08-25,executed,91.07234141,1.88,0.0,0.0,1.88,0.0,0.0
fixed,BYDDY,2026-08-31,2026-09-01,executed,11.155575,30.0,0.03,0.01,22.5,0.0,7.5
reserve_fixed,BYDDY,2026-08-31,2026-09-01,executed,11.155575,22.5,0.02,0.01,22.5,0.0,0.0
fixed,MSFT,2026-08-31,2026-09-01,executed,497.76874899,22.0,0.02,0.01,16.5,0.0,5.5
reserve_fixed,MSFT,2026-08-31,2026-09-01,executed,497.76874899,16.5,0.02,0.01,16.5,0.0,0.0
fixed,NVDA,2026-08-31,2026-09-01,executed,216.61599787,18.0,0.02,0.01,13.5,0.0,4.5
reserve_fixed,NVDA,2026-08-31,2026-09-01,executed,216.61599787,13.5,0.01,0.01,13.5,0.0,0.0
fixed,AAPL,2026-08-31,2026-09-01,executed,317.13850101,15.0,0.01,0.01,11.25,0.0,3.75
reserve_fixed,AAPL,2026-08-31,2026-09-01,executed,317.13850101,11.25,0.01,0.01,11.25,0.0,0.0
fixed,ASML,2026-08-31,2026-09-01,executed,1681.58035999,10.0,0.01,0.01,7.5,0.0,2.5
reserve_fixed,ASML,2026-08-31,2026-09-01,executed,1681.58035999,7.5,0.01,0.0,7.5,0.0,0.0
fixed,KO,2026-08-31,2026-09-01,executed,89.10309828,5.0,0.01,0.0,3.75,0.0,1.25
reserve_fixed,KO,2026-08-31,2026-09-01,executed,89.10309828,3.75,0.0,0.0,3.75,0.0,0.0
dca_l2_v2,BYDDY,2026-08-31,2026-09-01,executed,11.155575,11.25,0.01,0.01,11.25,0.0,0.0
dca_l2_v2,MSFT,2026-08-31,2026-09-01,executed,497.76874899,8.25,0.01,0.0,8.25,0.0,0.0
dca_l2_v2,NVDA,2026-08-31,2026-09-01,executed,216.61599787,6.75,0.01,0.0,6.75,0.0,0.0
dca_l2_v2,AAPL,2026-08-31,2026-09-01,executed,317.13850101,5.63,0.01,0.0,5.63,0.0,0.0
dca_l2_v2,ASML,2026-08-31,2026-09-01,executed,1681.58035999,3.75,0.0,0.0,3.75,0.0,0.0
dca_l2_v2,KO,2026-08-31,2026-09-01,executed,89.10309828,1.88,0.0,0.0,1.88,0.0,0.0
fixed,BYDDY,2026-09-04,2026-09-08,executed,10.72536,30.0,0.03,0.01,22.5,0.0,7.5
reserve_fixed,BYDDY,2026-09-04,2026-09-08,executed,10.72536,22.5,0.02,0.01,22.5,0.0,0.0
fixed,MSFT,2026-09-04,2026-09-08,executed,493.25651501,22.0,0.02,0.01,16.5,0.0,5.5
reserve_fixed,MSFT,2026-09-04,2026-09-08,executed,493.25651501,16.5,0.02,0.01,16.5,0.0,0.0
fixed,NVDA,2026-09-04,2026-09-08,executed,232.96587272,18.0,0.02,0.01,13.5,0.0,4.5
reserve_fixed,NVDA,2026-09-04,2026-09-08,executed,232.96587272,13.5,0.01,0.01,13.5,0.0,0.0
fixed,AAPL,2026-09-04,2026-09-08,executed,317.258556,15.0,0.01,0.01,11.25,0.0,3.75
reserve_fixed,AAPL,2026-09-04,2026-09-08,executed,317.258556,11.25,0.01,0.01,11.25,0.0,0.0
fixed,ASML,2026-09-04,2026-09-08,executed,1775.23715099,10.0,0.01,0.01,7.5,0.0,2.5
reserve_fixed,ASML,2026-09-04,2026-09-08,executed,1775.23715099,7.5,0.01,0.0,7.5,0.0,0.0
fixed,KO,2026-09-04,2026-09-08,executed,87.07419134,5.0,0.01,0.0,3.75,0.0,1.25
reserve_fixed,KO,2026-09-04,2026-09-08,executed,87.07419134,3.75,0.0,0.0,3.75,0.0,0.0
dca_l2_v2,BYDDY,2026-09-04,2026-09-08,executed,10.72536,11.25,0.01,0.01,11.25,0.0,0.0
dca_l2_v2,MSFT,2026-09-04,2026-09-08,executed,493.25651501,8.25,0.01,0.0,8.25,0.0,0.0
dca_l2_v2,NVDA,2026-09-04,2026-09-08,executed,232.96587272,6.75,0.01,0.0,6.75,0.0,0.0
dca_l2_v2,AAPL,2026-09-04,2026-09-08,executed,317.258556,5.63,0.01,0.0,5.63,0.0,0.0
dca_l2_v2,ASML,2026-09-04,2026-09-08,executed,1775.23715099,3.75,0.0,0.0,3.75,0.0,0.0
dca_l2_v2,KO,2026-09-04,2026-09-08,executed,87.07419134,1.88,0.0,0.0,1.88,0.0,0.0
fixed,BYDDY,2026-09-14,2026-09-15,executed,10.155075,30.0,0.03,0.01,22.5,0.0,7.5
reserve_fixed,BYDDY,2026-09-14,2026-09-15,executed,10.155075,22.5,0.02,0.01,22.5,0.0,0.0
fixed,MSFT,2026-09-14,2026-09-15,executed,500.310028,22.0,0.02,0.01,16.5,0.0,5.5
reserve_fixed,MSFT,2026-09-14,2026-09-15,executed,500.310028,16.5,0.02,0.01,16.5,0.0,0.0
fixed,NVDA,2026-09-14,2026-09-15,executed,213.486695,18.0,0.02,0.01,13.5,0.0,4.5
reserve_fixed,NVDA,2026-09-14,2026-09-15,executed,213.486695,13.5,0.01,0.01,13.5,0.0,0.0
fixed,AAPL,2026-09-14,2026-09-15,executed,330.30508501,15.0,0.01,0.01,11.25,0.0,3.75
reserve_fixed,AAPL,2026-09-14,2026-09-15,executed,330.30508501,11.25,0.01,0.01,11.25,0.0,0.0
fixed,ASML,2026-09-14,2026-09-15,executed,1616.41778999,10.0,0.01,0.01,7.5,0.0,2.5
reserve_fixed,ASML,2026-09-14,2026-09-15,executed,1616.41778999,7.5,0.01,0.0,7.5,0.0,0.0
fixed,KO,2026-09-14,2026-09-15,executed,88.574264,5.0,0.01,0.0,3.75,0.0,1.25
reserve_fixed,KO,2026-09-14,2026-09-15,executed,88.574264,3.75,0.0,0.0,3.75,0.0,0.0
dca_l2_v2,BYDDY,2026-09-14,2026-09-15,executed,10.155075,11.25,0.01,0.01,11.25,0.0,0.0
dca_l2_v2,MSFT,2026-09-14,2026-09-15,executed,500.310028,8.25,0.01,0.0,8.25,0.0,0.0
dca_l2_v2,NVDA,2026-09-14,2026-09-15,executed,213.486695,6.75,0.01,0.0,6.75,0.0,0.0
dca_l2_v2,AAPL,2026-09-14,2026-09-15,executed,330.30508501,5.63,0.01,0.0,5.63,0.0,0.0
dca_l2_v2,ASML,2026-09-14,2026-09-15,executed,1616.41778999,3.75,0.0,0.0,3.75,0.0,0.0
dca_l2_v2,KO,2026-09-14,2026-09-15,executed,88.574264,1.88,0.0,0.0,1.88,0.0,0.0
fixed,BYDDY,2026-09-21,2026-09-22,executed,10.395195,30.0,0.03,0.01,22.5,0.0,7.5
reserve_fixed,BYDDY,2026-09-21,2026-09-22,executed,10.395195,22.5,0.02,0.01,22.5,0.0,0.0
fixed,MSFT,2026-09-21,2026-09-22,executed,507.573667,22.0,0.02,0.01,16.5,0.0,5.5
reserve_fixed,MSFT,2026-09-21,2026-09-22,executed,507.573667,16.5,0.02,0.01,16.5,0.0,0.0
fixed,NVDA,2026-09-21,2026-09-22,executed,226.963431,18.0,0.02,0.01,13.5,0.0,4.5
reserve_fixed,NVDA,2026-09-21,2026-09-22,executed,226.963431,13.5,0.01,0.01,13.5,0.0,0.0
fixed,AAPL,2026-09-21,2026-09-22,executed,340.31008501,15.0,0.01,0.01,11.25,0.0,3.75
reserve_fixed,AAPL,2026-09-21,2026-09-22,executed,340.31008501,11.25,0.01,0.01,11.25,0.0,0.0
fixed,ASML,2026-09-21,2026-09-22,executed,1696.848,10.0,0.01,0.01,7.5,0.0,2.5
reserve_fixed,ASML,2026-09-21,2026-09-22,executed,1696.848,7.5,0.01,0.0,7.5,0.0,0.0
fixed,KO,2026-09-21,2026-09-22,executed,87.643798,4.6,0.0,0.0,3.75,0.0,1.25
reserve_fixed,KO,2026-09-21,2026-09-22,executed,87.643798,3.75,0.0,0.0,3.75,0.0,0.0
dca_l2_v2,BYDDY,2026-09-21,2026-09-22,executed,10.395195,11.25,0.01,0.01,11.25,0.0,0.0
dca_l2_v2,MSFT,2026-09-21,2026-09-22,executed,507.573667,8.25,0.01,0.0,8.25,0.0,0.0
dca_l2_v2,NVDA,2026-09-21,2026-09-22,executed,226.963431,6.75,0.01,0.0,6.75,0.0,0.0
dca_l2_v2,AAPL,2026-09-21,2026-09-22,executed,340.31008501,5.63,0.01,0.0,5.63,0.0,0.0
dca_l2_v2,ASML,2026-09-21,2026-09-22,executed,1696.848,3.75,0.0,0.0,3.75,0.0,0.0
dca_l2_v2,KO,2026-09-21,2026-09-22,executed,87.643798,1.88,0.0,0.0,1.88,0.0,0.0
